Week,State,Sum of Amount_Previous_year,Sum of dine_in_Previous_year
2/17/20,AL,987819.07,904014.94
2/17/20,AR,838506.77,644637.93
2/17/20,AZ,3158753.29,2818184.1
2/17/20,CA,46760590.73,37987878.39
2/17/20,CO,7237369.91,5996656.39
2/17/20,CT,6286077.43,5242087.39
2/17/20,DC,3830723.74,3451916.3
2/17/20,DE,730160.76,610464.27
2/17/20,FL,27709984.79,24182350.45
2/17/20,GA,2647521.25,2280306.25
2/17/20,IA,900320.76,803169.43
2/17/20,ID,687208.67,545171.72
2/17/20,IL,17711233.19,15393254.25
2/17/20,IN,4268319.09,3714361.94
2/17/20,KS,837465.28,709928.32
2/17/20,KY,2807235.67,2544527.09
2/17/20,LA,3827073.18,3535685.97
2/17/20,MA,23712610.29,20032000.05
2/17/20,MD,6928550.5,5818228.46
2/17/20,ME,2055300.68,1758652.13
2/17/20,MI,9558564.75,7944705.23
2/17/20,MN,2022970.35,1803905.63
2/17/20,MO,4096809.58,3561607.49
2/17/20,MS,1118413.89,1047867.82
2/17/20,MT,608812.74,560620.81
2/17/20,NC,4543382.23,3910407.68
2/17/20,NE,781233.54,678482.36
2/17/20,NH,1677071.53,1334991.77
2/17/20,NJ,4671224.67,3643553.73
2/17/20,NM,832464.98,736437
2/17/20,NV,2963563.47,2523255.25
2/17/20,NY,25749702.48,21199841.12
2/17/20,OH,11462935.96,9161196.99
2/17/20,OK,1739762.82,1395801.06
2/17/20,OR,3620802.34,2867596.37
2/17/20,PA,8796169.35,7597819.2
2/17/20,RI,2134493.99,1854691.51
2/17/20,SC,2592039.24,2330566.82
2/17/20,TN,4541487.39,4107544.01
2/17/20,TX,22550047.3,19725148.55
2/17/20,UT,2860381.81,2421154.9
2/17/20,VA,6818103.1,6091385.22
2/17/20,VT,1144402.29,1057609.81
2/17/20,WA,7801835.23,7139675.23
2/17/20,WI,3039906.12,2753797.91
2/17/20,WV,405487.01,276422.22
2/24/20,AL,1063602.48,963511.24
2/24/20,AR,849060,654075.81
2/24/20,AZ,3464005.79,3159245.86
2/24/20,CA,46227136.59,37309496.78
2/24/20,CO,6950210.39,5858936.12
2/24/20,CT,6170146.08,5074189.02
2/24/20,DC,4245026.11,3833378.82
2/24/20,DE,788598.36,655692.46
2/24/20,FL,27433330.87,23880595.99
2/24/20,GA,2734039.36,2332518.62
2/24/20,IA,1041036.93,916789.12
2/24/20,ID,695398.77,628798.43
2/24/20,IL,18291247.27,15892988.66
2/24/20,IN,4593082.25,4000208.21
2/24/20,KS,815813.04,687895.74
2/24/20,KY,2988953.24,2709852.34
2/24/20,LA,4059268.04,3731923.76
2/24/20,MA,23430680.34,19580700.08
2/24/20,MD,7068062.68,5866456.74
2/24/20,ME,1928420.5,1623597.25
2/24/20,MI,9954838.63,8220457.71
2/24/20,MN,2104522.29,1874127.84
2/24/20,MO,3887280.26,3380128.97
2/24/20,MS,1156911.98,1078642.9
2/24/20,MT,533671.41,489175.93
2/24/20,NC,4733975.32,4074178.96
2/24/20,NE,974947.03,860596.07
2/24/20,NH,1579325.96,1247180.99
2/24/20,NJ,4687446.88,3604669.25
2/24/20,NM,943479.32,836294.62
2/24/20,NV,2956656.09,2527218.71
2/24/20,NY,26022791.97,21208972.05
2/24/20,OH,11978446.31,9559289.19
2/24/20,OK,1657789.54,1301056.27
2/24/20,OR,3632773.83,3069249.42
2/24/20,PA,8823099.21,7563089.44
2/24/20,RI,1982303.08,1697312.85
2/24/20,SC,2578424.41,2320981.7
2/24/20,TN,4867091.49,4415569.7
2/24/20,TX,22212964.58,19361811.62
2/24/20,UT,2904795.18,2435574.68
2/24/20,VA,7029367.58,6236938.05
2/24/20,VT,934658.86,860061.58
2/24/20,WA,8201037.25,7499877.92
2/24/20,WI,3167428.72,2882906.49
2/24/20,WV,422116.59,280514.43
3/2/20,AL,1023933.72,930633.94
3/2/20,AR,823094.19,628382.75
3/2/20,AZ,3400738.97,3138737.55
3/2/20,CA,46923076.42,38102473.5
3/2/20,CO,7806837.3,6707223.1
3/2/20,CT,6231278.12,5150592.98
3/2/20,DC,4344028.09,3912259.21
3/2/20,DE,775536.46,642336.36
3/2/20,FL,27743886.42,24192482
3/2/20,GA,2805429.41,2415302.06
3/2/20,IA,993348.76,876144.24
3/2/20,ID,681672.1,642585.57
3/2/20,IL,17964709.96,15546717.35
3/2/20,IN,4303344.53,3713540.1
3/2/20,KS,852548.28,726064.41
3/2/20,KY,2901518.08,2626685
3/2/20,LA,3934048.93,3620362.17
3/2/20,MA,23784221.04,19945404.82
3/2/20,MD,7385813.24,6180729.9
3/2/20,ME,1920781.04,1610474.78
3/2/20,MI,9619753.16,7903432.42
3/2/20,MN,2010362.25,1795871.17
3/2/20,MO,4140537.19,3620153.99
3/2/20,MS,1247068.96,1175456.2
3/2/20,MT,674712.83,622113.86
3/2/20,NC,4627060.13,3995626.09
3/2/20,NE,957886.16,843272.52
3/2/20,NH,1557817.88,1223354.19
3/2/20,NJ,4796416.7,3721469.31
3/2/20,NM,877993.76,776275.86
3/2/20,NV,2926963.89,2511361.66
3/2/20,NY,26939149.62,22077761.17
3/2/20,OH,11580630.17,9212642.32
3/2/20,OK,1853635.39,1493772.19
3/2/20,OR,3735175.82,3357540.3
3/2/20,PA,8832582.2,7606051.18
3/2/20,RI,2014310.78,1723303.78
3/2/20,SC,2701484.17,2444604.39
3/2/20,TN,4860065.77,4399939.9
3/2/20,TX,23899944.33,21087638.85
3/2/20,UT,2891376.05,2433890.12
3/2/20,VA,7075559.32,6292413.02
3/2/20,VT,901985.13,826310.61
3/2/20,WA,8098545.61,7420100.7
3/2/20,WI,3098089.77,2801499.14
3/2/20,WV,417041.78,281147.85
3/9/20,AL,1111073.17,1022289.12
3/9/20,AR,895730.12,701605.52
3/9/20,AZ,3691888.13,3425327.33
3/9/20,CA,49710153.48,39970801.31
3/9/20,CO,7592999.21,6529106.7
3/9/20,CT,6574711.54,5487099.93
3/9/20,DC,4744367.42,4308382.38
3/9/20,DE,810178.18,676526.29
3/9/20,FL,29043937.62,25445058.88
3/9/20,GA,3080877.03,2662576.07
3/9/20,IA,1045863.32,923441.13
3/9/20,ID,703999.67,665860.4
3/9/20,IL,20595316.41,18098527.9
3/9/20,IN,4636170.99,4055309.07
3/9/20,KS,872698.34,744685.17
3/9/20,KY,3111471.6,2826471.32
3/9/20,LA,4201276.68,3888910.47
3/9/20,MA,25940399.96,22034742.83
3/9/20,MD,7943273.17,6724713.65
3/9/20,ME,2133827.01,1819009.47
3/9/20,MI,10307113.41,8591472.17
3/9/20,MN,2348429.28,2102922.43
3/9/20,MO,4478644.68,3907271.02
3/9/20,MS,1240768.32,1173944.69
3/9/20,MT,694900.3,638979.06
3/9/20,NC,5043670.16,4378648.05
3/9/20,NE,986505.28,880664.59
3/9/20,NH,1652569.35,1314685.4
3/9/20,NJ,5111932.36,4017357.12
3/9/20,NM,948369.97,845638.32
3/9/20,NV,3306600,2873574.32
3/9/20,NY,28362587.75,23509246.3
3/9/20,OH,12332765.65,9847870.85
3/9/20,OK,1911537.21,1554268.27
3/9/20,OR,3944014.94,3565516.97
3/9/20,PA,9748085.68,8463839.09
3/9/20,RI,2429534.04,2149631.73
3/9/20,SC,3099699.54,2816549.06
3/9/20,TN,5333290.04,4870834.36
3/9/20,TX,25977066.48,23062835.15
3/9/20,UT,2953350.91,2487495.42
3/9/20,VA,7890388.04,7084965.99
3/9/20,VT,902590.27,827113.5
3/9/20,WA,8453914.54,7757518.84
3/9/20,WI,3320112.81,3039583.1
3/9/20,WV,446600.8,306162.98
3/16/20,AL,1073672.54,982448.94
3/16/20,AR,850798.51,670547.1
3/16/20,AZ,3615674.32,3348132.8
3/16/20,CA,49360084.5,39876464.76
3/16/20,CO,7874779.1,6760447.19
3/16/20,CT,6631435.96,5525302.21
3/16/20,DC,4581119.94,4131033.09
3/16/20,DE,805145.56,668610.78
3/16/20,FL,28229161.34,24644174.73
3/16/20,GA,3136205.81,2719367.5
3/16/20,IA,1036317.23,905527.9
3/16/20,ID,700273.6,665062.79
3/16/20,IL,18657455.06,16243220.87
3/16/20,IN,4365152.04,3767764.12
3/16/20,KS,927619.26,790385.27
3/16/20,KY,3072753.13,2787590.42
3/16/20,LA,4208661.02,3905283.79
3/16/20,MA,24968903.93,21068023.46
3/16/20,MD,7525588.37,6313793.75
3/16/20,ME,2040947.81,1713184.72
3/16/20,MI,10075269.63,8348782.74
3/16/20,MN,2332369.1,2088334.9
3/16/20,MO,4481191.95,3977153.87
3/16/20,MS,1337677.92,1266173.95
3/16/20,MT,660867.67,609081.94
3/16/20,NC,4902171.7,4254918.08
3/16/20,NE,1029218.63,909721.29
3/16/20,NH,1706888.06,1362174.86
3/16/20,NJ,4948771.48,3854369.9
3/16/20,NM,942052.3,842235.51
3/16/20,NV,3136073.26,2707497.81
3/16/20,NY,27781794.43,23018104.22
3/16/20,OH,12071099.31,9575995.83
3/16/20,OK,1880711.47,1539600.85
3/16/20,OR,3982152.33,3598228.36
3/16/20,PA,9410220.65,8120912.63
3/16/20,RI,2169867.49,1879416.25
3/16/20,SC,3013384.66,2730640.83
3/16/20,TN,5297760,4821299.99
3/16/20,TX,23295890.76,20507137.92
3/16/20,UT,3026457.99,2533803.77
3/16/20,VA,7565396.75,6726811.28
3/16/20,VT,895455.51,814629.89
3/16/20,WA,8860564.51,8130493.2
3/16/20,WI,3203548.84,2923995.52
3/16/20,WV,425538.22,296642.27
3/23/20,AL,1185236.74,1088346.51
3/23/20,AR,844940.99,645106.98
3/23/20,AZ,3475511.37,3196626.81
3/23/20,CA,49989439.02,40291446.32
3/23/20,CO,7687532.52,6605932.09
3/23/20,CT,6738167.47,5591846.56
3/23/20,DC,4994877.43,4545911.58
3/23/20,DE,804484.29,668047.94
3/23/20,FL,28138473.64,24532671.76
3/23/20,GA,3031111.35,2608405.36
3/23/20,IA,1068232.99,938870.25
3/23/20,ID,670878.15,637921.91
3/23/20,IL,18724748.38,16363847.99
3/23/20,IN,4373910.65,3779430.51
3/23/20,KS,921855.74,789433.27
3/23/20,KY,3072626.92,2780905.76
3/23/20,LA,4048475.56,3739108.36
3/23/20,MA,26124216.96,21999202.33
3/23/20,MD,7757459.8,6512280.54
3/23/20,ME,2018473.6,1692751.32
3/23/20,MI,9996133.75,8265703.81
3/23/20,MN,2440473.35,2209931.89
3/23/20,MO,4438150.14,3884296.09
3/23/20,MS,1324987.52,1250482.81
3/23/20,MT,668781.06,610822.03
3/23/20,NC,4995150.69,4314431.2
3/23/20,NE,1053414.86,935714.2
3/23/20,NH,1725105.2,1372376.88
3/23/20,NJ,5141008.61,4014021.79
3/23/20,NM,922043.05,825659
3/23/20,NV,3162318.89,2725154.46
3/23/20,NY,28064785.22,23156512.4
3/23/20,OH,12256440.08,9747718.36
3/23/20,OK,1846713.02,1493371.56
3/23/20,OR,4063752.21,3682529.54
3/23/20,PA,9441763.71,8118465.88
3/23/20,RI,2233051.91,1932476.99
3/23/20,SC,3159836.04,2881548.22
3/23/20,TN,5533664.91,5038762.1
3/23/20,TX,23910742.19,20993625.8
3/23/20,UT,3052735.14,2570448.09
3/23/20,VA,7939093.27,7109683.52
3/23/20,VT,873193.24,795025.48
3/23/20,WA,8873905.87,8151903.89
3/23/20,WI,3465483.71,3175940.8
3/23/20,WV,426197.45,293958.28
3/30/20,AL,1057073.26,963934.43
3/30/20,AR,853750.03,658130.17
3/30/20,AZ,3301476.05,3033888.07
3/30/20,CA,48353568.2,38855122.51
3/30/20,CO,7440519.4,6373744.61
3/30/20,CT,6766369.47,5600891.26
3/30/20,DC,5145353.26,4688013.14
3/30/20,DE,782770.01,647321.89
3/30/20,FL,26476853.77,22966185.49
3/30/20,GA,3084073.64,2674646.51
3/30/20,IA,1039938.12,917589.33
3/30/20,ID,679329.66,639154.88
3/30/20,IL,18828142.74,16396583.63
3/30/20,IN,4419355.34,3830546.16
3/30/20,KS,934331.53,805013.78
3/30/20,KY,2898931.07,2634337.77
3/30/20,LA,3908154.26,3603003.13
3/30/20,MA,26335336.1,22199107.26
3/30/20,MD,7900749.21,6656894.82
3/30/20,ME,2020279.33,1692373.93
3/30/20,MI,10126623.22,8433004.47
3/30/20,MN,2421196.72,2185088.95
3/30/20,MO,4498279.77,3942073.1
3/30/20,MS,1209329.45,1134623.93
3/30/20,MT,602604.46,550628.9
3/30/20,NC,4893752.1,4221332.92
3/30/20,NE,965149.51,855220.97
3/30/20,NH,1739023.66,1380138.65
3/30/20,NJ,5192520.19,4059407.77
3/30/20,NM,929164.88,830371.69
3/30/20,NV,3033342.14,2613573.77
3/30/20,NY,28838090.32,23752368.48
3/30/20,OH,12533256.92,9907139.53
3/30/20,OK,1841873.69,1499167.6
3/30/20,OR,3852572.69,3471868.15
3/30/20,PA,9484992.78,8176764.93
3/30/20,RI,2245182.73,1940834.79
3/30/20,SC,3131971.87,2856760.42
3/30/20,TN,5308470.74,4820296.63
3/30/20,TX,22836168.88,20070595.78
3/30/20,UT,2923398.94,2485403.47
3/30/20,VA,7855256.16,7060142.7
3/30/20,VT,796733.34,720526.61
3/30/20,WA,8362206.75,7673542.23
3/30/20,WI,3240115.29,2947673.86
3/30/20,WV,425947.3,296808.15
4/6/20,AL,1165744.22,1074259.22
4/6/20,AR,832348.23,641626.21
4/6/20,AZ,3079801.1,2801343.01
4/6/20,CA,48430601.82,38753618.17
4/6/20,CO,6936545.83,5868516.88
4/6/20,CT,6560837.66,5414726.02
4/6/20,DC,4899246.79,4451536.94
4/6/20,DE,792423.18,649848.93
4/6/20,FL,25450899.07,21987545.34
4/6/20,GA,2925853.56,2504769.47
4/6/20,IA,1078627.86,956719.67
4/6/20,ID,676555.62,639401.99
4/6/20,IL,18872725.08,16411561.58
4/6/20,IN,4628790.74,4029810.48
4/6/20,KS,947695.46,816142.82
4/6/20,KY,3029931.4,2755334.22
4/6/20,LA,3783906.02,3487450.05
4/6/20,MA,26445110.98,22244501.58
4/6/20,MD,7698283.01,6459927.26
4/6/20,ME,1969799.18,1650916.86
4/6/20,MI,10152347.43,8429942.4
4/6/20,MN,2276345.56,2041468.73
4/6/20,MO,4450387.3,3888428.59
4/6/20,MS,1127099.45,1056972.29
4/6/20,MT,614551.52,566861.2
4/6/20,NC,4783285.45,4111969.47
4/6/20,NE,960645.33,855834.87
4/6/20,NH,1698905.8,1338355.68
4/6/20,NJ,5124681.04,3948631.27
4/6/20,NM,937352.82,837993.34
4/6/20,NV,3038143.27,2613136.12
4/6/20,NY,28744047.4,23724855.14
4/6/20,OH,12433938,9787250.44
4/6/20,OK,1792451.14,1439850.46
4/6/20,OR,3864267.54,3472850.44
4/6/20,PA,9540269.71,8219900.38
4/6/20,RI,2306437.38,2000254.29
4/6/20,SC,3024732.54,2744412.38
4/6/20,TN,5153814.8,4651677.24
4/6/20,TX,23586229.35,20550250.93
4/6/20,UT,2888632.35,2418940.23
4/6/20,VA,7757552.22,6911598.62
4/6/20,VT,810478.66,739041.31
4/6/20,WA,8166189.17,7498033.03
4/6/20,WI,3221385.71,2923294.96
4/6/20,WV,399849.07,273725.94
4/13/20,AL,1021696.12,939001.38
4/13/20,AR,798160.99,613526.64
4/13/20,AZ,3025382.97,2763639.29
4/13/20,CA,47854803.2,38130037.44
4/13/20,CO,7051625.22,6043671.1
4/13/20,CT,6454394.53,5372134.03
4/13/20,DC,4642297.44,4236701.48
4/13/20,DE,752182.67,627330.91
4/13/20,FL,25817166.31,22306096.85
4/13/20,GA,2880622.55,2460241.17
4/13/20,IA,990991.82,871970.55
4/13/20,ID,680682.12,638739.09
4/13/20,IL,18603936.8,16161647.42
4/13/20,IN,4221410.15,3674105.45
4/13/20,KS,883607.26,765210.09
4/13/20,KY,2990395.48,2725096.93
4/13/20,LA,3701052.76,3418993.66
4/13/20,MA,25937426.9,21957523.03
4/13/20,MD,7727578.88,6543510.46
4/13/20,ME,2137744,1819278.79
4/13/20,MI,9839306.48,8237706.64
4/13/20,MN,2426039.8,2189892.87
4/13/20,MO,4189377.46,3650795.98
4/13/20,MS,1248434.75,1176820.48
4/13/20,MT,622194.7,572586.9
4/13/20,NC,4762382.42,4151618.9
4/13/20,NE,885093.79,784105.79
4/13/20,NH,1636314.38,1290477.49
4/13/20,NJ,4883129.57,3836108.84
4/13/20,NM,874293.65,787669.62
4/13/20,NV,2955582.67,2555112.73
4/13/20,NY,28196031.04,23563483.39
4/13/20,OH,11549718.71,9082104.03
4/13/20,OK,1642094.16,1331376.52
4/13/20,OR,3864010.12,3492977.83
4/13/20,PA,8989177.63,7795464.84
4/13/20,RI,2228553.74,1939479.91
4/13/20,SC,3468345.05,3167367.76
4/13/20,TN,5056429.73,4582486.9
4/13/20,TX,22958755.28,20191699.14
4/13/20,UT,2816863.23,2384347.78
4/13/20,VA,8053789.64,7299932.06
4/13/20,VT,858330,782452.16
4/13/20,WA,8230099.56,7567542.4
4/13/20,WI,3146402.54,2888827.1
4/13/20,WV,374149.3,253872.77
4/20/20,AL,1132053.05,1059700.94
4/20/20,AR,847018.9,659659.22
4/20/20,AZ,3134679.98,2872181.24
4/20/20,CA,48736098.27,38777118.17
4/20/20,CO,7056684.45,5985166.81
4/20/20,CT,6830045.58,5618897.36
4/20/20,DC,4762299.98,4306965.28
4/20/20,DE,786637.44,646573.02
4/20/20,FL,25297011.79,21844914.33
4/20/20,GA,3034005.93,2612022.34
4/20/20,IA,1057158.97,939293.81
4/20/20,ID,712058.24,674762.13
4/20/20,IL,18899571.11,16426343.1
4/20/20,IN,4622614.98,4014831.99
4/20/20,KS,936840.22,803552.97
4/20/20,KY,3111406.95,2843474.96
4/20/20,LA,3949178.91,3667778.51
4/20/20,MA,26627973.1,22265733.89
4/20/20,MD,7937071.52,6691074.31
4/20/20,ME,2180856.08,1847213.5
4/20/20,MI,10663910.47,8913847.48
4/20/20,MN,2464740.6,2216299.25
4/20/20,MO,4446913.38,3838816.87
4/20/20,MS,1328203.59,1259281.22
4/20/20,MT,614269.82,566220.86
4/20/20,NC,5051477.49,4369867.06
4/20/20,NE,1063916.56,949017.41
4/20/20,NH,1734941.84,1382658.17
4/20/20,NJ,5132603.74,4012473.53
4/20/20,NM,971451.46,872130.75
4/20/20,NV,3052249.2,2631149.07
4/20/20,NY,28784697.45,23838932.77
4/20/20,OH,12453307.78,9871486.26
4/20/20,OK,1863192.06,1502764.33
4/20/20,OR,4053716.94,3672092.84
4/20/20,PA,9756905.42,8444256
4/20/20,RI,2376331.2,2058074.95
4/20/20,SC,3358648.03,3076661.34
4/20/20,TN,5496427.09,4996166.12
4/20/20,TX,22985353.62,20188275.89
4/20/20,UT,2964738.48,2497210.73
4/20/20,VA,8221422.01,7373365.92
4/20/20,VT,835594.72,762597
4/20/20,WA,8611716,7893247.11
4/20/20,WI,3308847.7,3014240.41
4/20/20,WV,426748.21,295139.05
4/27/20,AL,1235992.25,1163082.56
4/27/20,AR,840754.88,649164.2
4/27/20,AZ,3172918.86,2905210.32
4/27/20,CA,48101062.66,38432211.54
4/27/20,CO,6940179.97,5885298.25
4/27/20,CT,6987372.25,5819657.54
4/27/20,DC,4578679.7,4129109.82
4/27/20,DE,864316.59,722688.39
4/27/20,FL,24359163.39,20954885.42
4/27/20,GA,2971962.52,2545683.17
4/27/20,IA,1050419.67,925474.52
4/27/20,ID,676486.49,633535.59
4/27/20,IL,20054723.69,17542223.39
4/27/20,IN,4663928.33,4029341.49
4/27/20,KS,943264.44,808484.7
4/27/20,KY,3380257.07,3101677.65
4/27/20,LA,4202285.58,3903910.71
4/27/20,MA,27097860.45,22779844.48
4/27/20,MD,7945328.81,6666726.89
4/27/20,ME,2227235.32,1883833.55
4/27/20,MI,11074117.58,9208082.04
4/27/20,MN,2575670.83,2314481.6
4/27/20,MO,4399228.86,3822882.52
4/27/20,MS,1244671.82,1173403.35
4/27/20,MT,647007.59,598916.55
4/27/20,NC,4974287.39,4291316.35
4/27/20,NE,1060297.49,952480.62
4/27/20,NH,1751926.52,1386006.6
4/27/20,NJ,5185757.95,4014773.12
4/27/20,NM,975561.62,877580.56
4/27/20,NV,3058309.97,2650912.81
4/27/20,NY,29569737.39,24334368.44
4/27/20,OH,13046385.41,10344719.79
4/27/20,OK,1849789.93,1492522.92
4/27/20,OR,4022600.51,3628480.4
4/27/20,PA,9886441.85,8561705.5
4/27/20,RI,2339597.49,2022687.06
4/27/20,SC,3180027.11,2897366.46
4/27/20,TN,5389898.2,4897273.17
4/27/20,TX,23082373.74,20273084.71
4/27/20,UT,3081962.72,2616741.71
4/27/20,VA,8188949.58,7361808.35
4/27/20,VT,794817.62,717659.96
4/27/20,WA,8742054.92,8030553.42
4/27/20,WI,3394141.97,3091038.08
4/27/20,WV,438074.19,305054.36
5/4/20,AL,1105717.01,1040559.89
5/4/20,AR,947481.48,755756.7
5/4/20,AZ,3318744.16,3052793.98
5/4/20,CA,50399482.57,40416270.62
5/4/20,CO,7504833.62,6420410.33
5/4/20,CT,7639354.26,6417847.69
5/4/20,DC,4741047.87,4272477.5
5/4/20,DE,863401.64,717450.85
5/4/20,FL,25219811.89,21669336.48
5/4/20,GA,3093988.1,2653283.17
5/4/20,IA,1202956.1,1076231.18
5/4/20,ID,709870.34,670598.81
5/4/20,IL,20957801.52,18329172.98
5/4/20,IN,5097127,4462704.47
5/4/20,KS,1018643.08,876853.71
5/4/20,KY,3450984.56,3174930.17
5/4/20,LA,3863859.81,3564030.04
5/4/20,MA,28336772.38,23862910.3
5/4/20,MD,8721664.93,7349630
5/4/20,ME,2505959.27,2129666.33
5/4/20,MI,11698966.46,9771093.29
5/4/20,MN,2591736.04,2332550.13
5/4/20,MO,4758070.15,4148761.2
5/4/20,MS,1356748.8,1284056.53
5/4/20,MT,692585.51,640649.86
5/4/20,NC,5338949.48,4639559.92
5/4/20,NE,1072170.08,956032.67
5/4/20,NH,1996425.51,1610062.18
5/4/20,NJ,5629628.75,4434264.58
5/4/20,NM,1025051.96,930709.08
5/4/20,NV,2987327.42,2573968.8
5/4/20,NY,30783897.26,25600730.89
5/4/20,OH,13176919.03,10419799.87
5/4/20,OK,1920875.77,1542472.62
5/4/20,OR,4202370.66,3801652.95
5/4/20,PA,10476436.49,9137885.04
5/4/20,RI,2612789.6,2289544.56
5/4/20,SC,3266174.44,2972032.98
5/4/20,TN,5558089.83,5043740.67
5/4/20,TX,23279515.1,20437003.28
5/4/20,UT,3022889.15,2541619.62
5/4/20,VA,8884798.92,8016063.69
5/4/20,VT,926683.65,846235.2
5/4/20,WA,9242561.3,8478089.82
5/4/20,WI,3939613.42,3613307.1
5/4/20,WV,475029.83,339131.54
5/11/20,AL,1137210.55,1046019.41
5/11/20,AR,827478.72,645576.35
5/11/20,AZ,2898702.92,2633770.57
5/11/20,CA,47277393.17,37847862.38
5/11/20,CO,7368255.05,6311124.83
5/11/20,CT,7279612.37,6078673.6
5/11/20,DC,5064604.81,4624293.67
5/11/20,DE,788519.08,653623.13
5/11/20,FL,23469943.31,20176070.62
5/11/20,GA,2994594.73,2561984.03
5/11/20,IA,1066737.36,934057.59
5/11/20,ID,657804.17,618504.51
5/11/20,IL,20766797.19,18186407.6
5/11/20,IN,4557238.43,3943950.3
5/11/20,KS,948159.58,816098.38
5/11/20,KY,3293707.87,3021623.32
5/11/20,LA,3787734.97,3513413.36
5/11/20,MA,28825069.84,24531034.24
5/11/20,MD,8362845.37,7093233.57
5/11/20,ME,2397799.53,2036955.75
5/11/20,MI,10852967.8,9049838.06
5/11/20,MN,2531091.02,2270706.61
5/11/20,MO,4890392.51,4227899.07
5/11/20,MS,1323998.33,1253883.87
5/11/20,MT,632156.71,581773.02
5/11/20,NC,5159750.78,4454161.85
5/11/20,NE,971390.77,857400.04
5/11/20,NH,1916243.89,1536257.89
5/11/20,NJ,5507399.73,4349976.24
5/11/20,NM,961390.26,867156.35
5/11/20,NV,3113605.11,2690089.95
5/11/20,NY,31355932.78,26357769.49
5/11/20,OH,12657680.19,10003317.51
5/11/20,OK,1889599.67,1533393.75
5/11/20,OR,3907880.45,3514150.17
5/11/20,PA,10306916.74,9035875.02
5/11/20,RI,2585306.91,2275617.34
5/11/20,SC,3269418.53,2960682.9
5/11/20,TN,5301233.02,4785609.54
5/11/20,TX,23254003.2,20433954.01
5/11/20,UT,2951765.5,2509931.85
5/11/20,VA,8430182.75,7590483.85
5/11/20,VT,893645.47,812081.91
5/11/20,WA,8744562.29,8011542.12
5/11/20,WI,3717390.28,3408606.28
5/11/20,WV,420271.24,288298.29
5/18/20,AL,1157357.27,1072675.83
5/18/20,AR,838699.84,656037.59
5/18/20,AZ,3056540.88,2783807.22
5/18/20,CA,48823364.63,39309164.21
5/18/20,CO,7718509.41,6643759.17
5/18/20,CT,7078889.59,5946709.48
5/18/20,DC,4800920.04,4401864.2
5/18/20,DE,781582.07,651487.74
5/18/20,FL,23745575.16,20520685.02
5/18/20,GA,3031824.72,2598018.03
5/18/20,IA,1096474.96,958613.48
5/18/20,ID,705939.29,665646.82
5/18/20,IL,21250411.33,18750314.86
5/18/20,IN,4635143.04,4043327.13
5/18/20,KS,913701.28,767491.73
5/18/20,KY,3171318,2900120.61
5/18/20,LA,3894759.08,3616850.56
5/18/20,MA,28065137.94,23914808.4
5/18/20,MD,8568151.14,7329509.53
5/18/20,ME,2741388.92,2353554.51
5/18/20,MI,11130764.16,9377041.5
5/18/20,MN,2326084.12,2070034.1
5/18/20,MO,4738684.64,4090431.39
5/18/20,MS,1437002.1,1369161.76
5/18/20,MT,680710.43,627217.65
5/18/20,NC,5074597.6,4417526.3
5/18/20,NE,974477.4,854482.47
5/18/20,NH,1800450.6,1434329.27
5/18/20,NJ,5592993.69,4456920.04
5/18/20,NM,978424.9,893187.79
5/18/20,NV,3315625.72,2897439.14
5/18/20,NY,30160162.32,25684629.07
5/18/20,OH,12628547.39,9944249.21
5/18/20,OK,1779467.6,1421752.48
5/18/20,OR,4082863.38,3679496.32
5/18/20,PA,9673989.63,8495452.7
5/18/20,RI,3003940.81,2687078.3
5/18/20,SC,3288257.48,3019095.93
5/18/20,TN,5396900.56,4923861.82
5/18/20,TX,23985058.97,21121712.93
5/18/20,UT,2957908.56,2500440.54
5/18/20,VA,8331756.43,7493760.1
5/18/20,VT,989419.44,899289.61
5/18/20,WA,8843116.45,8127941.44
5/18/20,WI,3708709.53,3428193.38
5/18/20,WV,419273.36,291652.87
5/25/20,AL,1043600.64,956141.31
5/25/20,AR,783303.55,608516.71
5/25/20,AZ,2737914.53,2489130.56
5/25/20,CA,48066191.99,38153095.99
5/25/20,CO,7542034.01,6519510.44
5/25/20,CT,6767196.56,5631280.65
5/25/20,DC,4287997.64,3876060.66
5/25/20,DE,748505.09,626914.57
5/25/20,FL,22965044.29,19704661.34
5/25/20,GA,2943169.68,2525677.02
5/25/20,IA,979428.75,852199.7
5/25/20,ID,713082.31,676008.46
5/25/20,IL,20094555,17502620.92
5/25/20,IN,4462206.96,3896983.55
5/25/20,KS,826723.5,698622.39
5/25/20,KY,3060984.28,2813122.76
5/25/20,LA,3376244.02,3122409.61
5/25/20,MA,27158568.07,22873584.47
5/25/20,MD,7846204.67,6624203.95
5/25/20,ME,2490484.63,2120033.91
5/25/20,MI,10642350.35,8919590.9
5/25/20,MN,2270096.83,2011039.43
5/25/20,MO,4398667.56,3790809.49
5/25/20,MS,1367101.58,1303822.29
5/25/20,MT,656829.92,607468.19
5/25/20,NC,4876052.5,4195909.61
5/25/20,NE,949598.58,853417.99
5/25/20,NH,1770761.99,1398192.36
5/25/20,NJ,5321176.64,4212647.6
5/25/20,NM,940979.07,856013.27
5/25/20,NV,3049548.08,2665004.59
5/25/20,NY,28863690.97,24161950.41
5/25/20,OH,12114685.68,9571799.2
5/25/20,OK,1851171.42,1500930.45
5/25/20,OR,4080129.54,3684403.24
5/25/20,PA,9177594.56,7996407
5/25/20,RI,2684863.55,2357167.08
5/25/20,SC,3212933.74,2921526.7
5/25/20,TN,4875549.12,4425240.65
5/25/20,TX,22497055.1,19787123.1
5/25/20,UT,3013426.61,2570421.86
5/25/20,VA,7816038.66,6989655.18
5/25/20,VT,914652.17,825892.99
5/25/20,WA,8789835.03,8074095.19
5/25/20,WI,3548099.44,3277321.11
5/25/20,WV,402445.63,270745.35
6/1/20,AL,1143531.82,1056018.89
6/1/20,AR,843613.98,660464.96
6/1/20,AZ,2718932.07,2458855.97
6/1/20,CA,49347240.11,39173151.01
6/1/20,CO,7742395.48,6713268.28
6/1/20,CT,7238899.03,6074441.05
6/1/20,DC,4664108.41,4200689.76
6/1/20,DE,778136.23,646752.59
6/1/20,FL,22408474.25,19240378.47
6/1/20,GA,2863347.35,2475721.28
6/1/20,IA,1063718.06,935814.93
6/1/20,ID,750324.16,708863.17
6/1/20,IL,21409130.98,18837543.56
6/1/20,IN,4544830.45,3964713.12
6/1/20,KS,904122.42,768619.12
6/1/20,KY,3229149.2,2955711.62
6/1/20,LA,3432348.88,3173734.29
6/1/20,MA,28403654.39,24004322.12
6/1/20,MD,8101186.25,6827446.53
6/1/20,ME,2760578.87,2350949.7
6/1/20,MI,11245243.95,9374146.77
6/1/20,MN,2396744.45,2096876.12
6/1/20,MO,4643505.84,4025419.68
6/1/20,MS,1402157.76,1335265.24
6/1/20,MT,705474.23,653069.52
6/1/20,NC,5098162.84,4372981.11
6/1/20,NE,955441.69,847716.56
6/1/20,NH,1827735.22,1459658.21
6/1/20,NJ,5641315.4,4467733.17
6/1/20,NM,965130.23,876456.13
6/1/20,NV,2972071.36,2585652.74
6/1/20,NY,30554678.95,25707335.05
6/1/20,OH,12679058.31,9977947.34
6/1/20,OK,1845980.97,1492755.01
6/1/20,OR,4169975.27,3771230.76
6/1/20,PA,10065925.78,8806075.37
6/1/20,RI,2620083.88,2305281.77
6/1/20,SC,3281112.96,3001454.04
6/1/20,TN,5166716.53,4683397.33
6/1/20,TX,21944953.83,19275723.04
6/1/20,UT,3003172.87,2548545.67
6/1/20,VA,8151970.71,7292120.84
6/1/20,VT,984961.28,884779.11
6/1/20,WA,9171135.15,8419135.95
6/1/20,WI,3767685.38,3479483.56
6/1/20,WV,423062.72,295798.63
6/8/20,AL,1220437.58,1136701.49
6/8/20,AR,866275.18,688862.94
6/8/20,AZ,2783713.37,2533616
6/8/20,CA,51814656.34,41482908.57
6/8/20,CO,8179431.25,7133694.45
6/8/20,CT,7702331.39,6507954.82
6/8/20,DC,4639064.63,4199800.57
6/8/20,DE,833817.31,701518.7
6/8/20,FL,22974165,19739688.19
6/8/20,GA,3039079.6,2633884.1
6/8/20,IA,1112128.31,979892.82
6/8/20,ID,769634.58,731267.51
6/8/20,IL,22185394.8,19505696.54
6/8/20,IN,4759458.15,4157212.67
6/8/20,KS,964709.17,834284.33
6/8/20,KY,3296488.03,3026749.65
6/8/20,LA,3471246.86,3213139.58
6/8/20,MA,28417584.14,23900095.92
6/8/20,MD,8668525.22,7354365.03
6/8/20,ME,2869672.38,2457057.08
6/8/20,MI,12159729.74,10199378.9
6/8/20,MN,2530731.72,2250242.9
6/8/20,MO,4903517.81,4250751.84
6/8/20,MS,1416543.01,1347846.96
6/8/20,MT,770671.28,718947.07
6/8/20,NC,5375915.24,4645998.32
6/8/20,NE,1101691.3,983998.81
6/8/20,NH,1897493.57,1518053.61
6/8/20,NJ,5746194.58,4559239.08
6/8/20,NM,998580.58,910057.6
6/8/20,NV,2921061.46,2540699.54
6/8/20,NY,30267158.56,25482992.73
6/8/20,OH,13223095.7,10501834.22
6/8/20,OK,1872727.38,1521519.01
6/8/20,OR,4450500.39,4040846.12
6/8/20,PA,9948026.11,8724022.83
6/8/20,RI,2722458.04,2399064.1
6/8/20,SC,3454736.99,3170910.36
6/8/20,TN,5314161.48,4845965.58
6/8/20,TX,22886479.89,20094955.87
6/8/20,UT,2899699.73,2450681.14
6/8/20,VA,9147023.25,8274627.36
6/8/20,VT,1060059.29,966655.33
6/8/20,WA,9903785.84,9135225.36
6/8/20,WI,3901739.8,3604086.36
6/8/20,WV,440298.32,315555.99
6/15/20,AL,1089361.14,1004853.8
6/15/20,AR,858905.33,682411.14
6/15/20,AZ,2696117.43,2447721.12
6/15/20,CA,48895495.01,39308812.52
6/15/20,CO,7941020.37,6882806.38
6/15/20,CT,7455013.58,6291055.15
6/15/20,DC,4646958.11,4217222.92
6/15/20,DE,772088.22,645137.56
6/15/20,FL,22584082.77,19473216.73
6/15/20,GA,3038799.41,2630442.31
6/15/20,IA,1137464.28,990609.76
6/15/20,ID,798268.19,762150.34
6/15/20,IL,21913984.53,19303554.4
6/15/20,IN,4641835.62,4049421.8
6/15/20,KS,868581.14,734950.04
6/15/20,KY,3195732.72,2918461.4
6/15/20,LA,3420759.36,3176495.35
6/15/20,MA,28276763.2,23917292.15
6/15/20,MD,8157171.68,6921912.4
6/15/20,ME,2980068.63,2552894.56
6/15/20,MI,11601056.12,9721787.26
6/15/20,MN,2448021.12,2174614.9
6/15/20,MO,4656607.49,4044241.43
6/15/20,MS,1440831.54,1372556.72
6/15/20,MT,790157.36,731418.16
6/15/20,NC,5192393.39,4479666.48
6/15/20,NE,1042104.86,932056.98
6/15/20,NH,1892342.96,1512560.15
6/15/20,NJ,5740043.76,4534670.59
6/15/20,NM,1012789.24,927540.98
6/15/20,NV,2863509.42,2477684.13
6/15/20,NY,30227114.59,25386602.43
6/15/20,OH,12846161.34,10214407.39
6/15/20,OK,1832799.42,1486439.53
6/15/20,OR,4282044.49,3877853.26
6/15/20,PA,9642863.37,8421140.61
6/15/20,RI,2743588.07,2414693.72
6/15/20,SC,3460192.13,3166642.25
6/15/20,TN,5316993.94,4775096.35
6/15/20,TX,22271278.64,19569293.22
6/15/20,UT,2996988.58,2545423.83
6/15/20,VA,8267512.25,7424449.79
6/15/20,VT,1105102.02,1012022.46
6/15/20,WA,9444180.2,8700799.73
6/15/20,WI,3835876.62,3555627.86
6/15/20,WV,432993.02,310723.59
6/22/20,AL,1185275.04,1104375.98
6/22/20,AR,845507.16,667336.25
6/22/20,AZ,2669384.92,2415634.33
6/22/20,CA,48594941.43,38937871.43
6/22/20,CO,7988166.36,6928737.92
6/22/20,CT,7229236.01,6077340.72
6/22/20,DC,4434644.39,3993134.15
6/22/20,DE,801172.02,676577.02
6/22/20,FL,22673636.91,19490084.87
6/22/20,GA,3081748.76,2666702.56
6/22/20,IA,1053235.48,914448.29
6/22/20,ID,813896.03,770920.11
6/22/20,IL,21298309.52,18689592.88
6/22/20,IN,4690420.15,4093890.37
6/22/20,KS,878820.33,747287.4
6/22/20,KY,3139394.2,2882097.62
6/22/20,LA,3312727.21,3046132.98
6/22/20,MA,28713684.52,24275929.8
6/22/20,MD,8045683.91,6794940.59
6/22/20,ME,3364987.18,2834567.84
6/22/20,MI,11759261.93,9917109.18
6/22/20,MN,2459902.93,2186008.26
6/22/20,MO,4711569.53,4122792.67
6/22/20,MS,1379150.23,1307061.89
6/22/20,MT,814743.32,758682.38
6/22/20,NC,5294471.3,4581297.02
6/22/20,NE,1008803.66,894832.74
6/22/20,NH,1941942.44,1539325.01
6/22/20,NJ,5746522.28,4553932.53
6/22/20,NM,977439.94,888277.82
6/22/20,NV,2899249.62,2521590.05
6/22/20,NY,31352256.08,26499612.39
6/22/20,OH,12909587.66,10213110.53
6/22/20,OK,1827739.28,1476956.98
6/22/20,OR,4264067.64,3855480.75
6/22/20,PA,9685578.72,8451015.5
6/22/20,RI,2858635.47,2515368.03
6/22/20,SC,3568207.35,3270774.55
6/22/20,TN,5998337.25,5521982.19
6/22/20,TX,22030658.95,19314051.46
6/22/20,UT,3014143.54,2555365.72
6/22/20,VA,8332569.65,7501834.08
6/22/20,VT,1118462.97,1014861.2
6/22/20,WA,9502174.59,8751645.49
6/22/20,WI,3881012.41,3575186.86
6/22/20,WV,456826.1,329738.88
6/29/20,AL,1083934.84,1008542.37
6/29/20,AR,733476.61,567995.13
6/29/20,AZ,2357942.95,2164229.67
6/29/20,CA,44776226.5,35899760.65
6/29/20,CO,7987655.22,7004690.16
6/29/20,CT,6328554.19,5348462.64
6/29/20,DC,3851532.32,3487928.26
6/29/20,DE,730733.05,624460.37
6/29/20,FL,22365579.36,19322065.83
6/29/20,GA,2985493.19,2596736.96
6/29/20,IA,946728.15,826481.45
6/29/20,ID,824824.85,790823.44
6/29/20,IL,18570631.58,16290093.59
6/29/20,IN,4125308.42,3601731.59
6/29/20,KS,811268.24,696549.31
6/29/20,KY,2826603.65,2583477.61
6/29/20,LA,3134582.47,2875382.22
6/29/20,MA,24788099.24,20996736.94
6/29/20,MD,7465960.09,6397225.69
6/29/20,ME,3613504.27,3133773.71
6/29/20,MI,11695726.47,9977118.62
6/29/20,MN,2128756.12,1914897.69
6/29/20,MO,4314935.11,3732972.23
6/29/20,MS,1154666.7,1098082.26
6/29/20,MT,977760.13,918003.41
6/29/20,NC,4883117.09,4273653.12
6/29/20,NE,867072.52,769468.2
6/29/20,NH,1810274.53,1422052.8
6/29/20,NJ,5447182.78,4411002.43
6/29/20,NM,949787.54,867161.79
6/29/20,NV,2836419.91,2487698.07
6/29/20,NY,24895708.76,21161570.92
6/29/20,OH,12044981.26,9646443.41
6/29/20,OK,1646239.44,1319093.96
6/29/20,OR,4049108.7,3659192.76
6/29/20,PA,8181676.22,7172013.86
6/29/20,RI,3233525.3,2907273.96
6/29/20,SC,3847632.04,3515265.16
6/29/20,TN,4861927.21,4402482.4
6/29/20,TX,20672920,18170010.38
6/29/20,UT,2783658.09,2424504.26
6/29/20,VA,7631817.02,6862908.21
6/29/20,VT,1293391.59,1182194.11
6/29/20,WA,8453404.94,7803342.5
6/29/20,WI,4061777.15,3797510.02
6/29/20,WV,359303.19,245967.06
7/6/20,AL,1114281.19,1029789.9
7/6/20,AR,865748.65,680616.91
7/6/20,AZ,2545118.89,2296398.99
7/6/20,CA,48100479.94,38670522.02
7/6/20,CO,8043302.76,6991553.29
7/6/20,CT,7087535.08,5945816.39
7/6/20,DC,4321660.64,3865255.52
7/6/20,DE,804480.7,673925.01
7/6/20,FL,22119270.57,19024723.88
7/6/20,GA,2991295.9,2579687.02
7/6/20,IA,1031316.21,893722.75
7/6/20,ID,879465.57,834316.79
7/6/20,IL,20645672.52,18092340.87
7/6/20,IN,4592417.13,4001340.33
7/6/20,KS,927878.74,787182.42
7/6/20,KY,3152003.33,2881927.98
7/6/20,LA,1803598.1,1606689.65
7/6/20,MA,28122524.11,23894081.04
7/6/20,MD,7858179.45,6646043.91
7/6/20,ME,3305889.76,2870502.13
7/6/20,MI,12193794.36,10374750.77
7/6/20,MN,2426798.17,2168125.13
7/6/20,MO,4587713.28,4026712.52
7/6/20,MS,1193131.9,1126728.38
7/6/20,MT,886367.31,832710.82
7/6/20,NC,5121220.48,4421836.01
7/6/20,NE,909505.51,800396.61
7/6/20,NH,1906871.55,1507383.36
7/6/20,NJ,5608637.42,4452681.73
7/6/20,NM,1013165.11,928498.69
7/6/20,NV,2812846.32,2427321.64
7/6/20,NY,28861959.45,24248133.81
7/6/20,OH,12812591.38,10198323.56
7/6/20,OK,1816175.72,1477119.26
7/6/20,OR,4252900.35,3859354.45
7/6/20,PA,9467245.77,8271548.52
7/6/20,RI,3029501.67,2700337.22
7/6/20,SC,3479554.67,3183562.74
7/6/20,TN,5150394.69,4686882.09
7/6/20,TX,21379271.89,18754875.61
7/6/20,UT,3031586.14,2614796.99
7/6/20,VA,8001334.47,7108190.87
7/6/20,VT,1152060.31,1047469.68
7/6/20,WA,9456301.4,8702606.39
7/6/20,WI,4024127.5,3739759.71
7/6/20,WV,425121.72,300205.75
7/13/20,AL,1026466.64,953446.48
7/13/20,AR,782890.3,610295.48
7/13/20,AZ,2320192.63,2084148.97
7/13/20,CA,42066609.45,33852538.8
7/13/20,CO,7130713.27,6195979.44
7/13/20,CT,6096847.5,5091375.04
7/13/20,DC,3793377.71,3414718.38
7/13/20,DE,731195.69,623999.21
7/13/20,FL,19104088.02,16405516.68
7/13/20,GA,2653826.32,2285326.77
7/13/20,IA,962466.17,847722.61
7/13/20,ID,777176.87,742487.31
7/13/20,IL,18096507.56,15838435.26
7/13/20,IN,3916978.64,3403854.32
7/13/20,KS,779802.05,661045.01
7/13/20,KY,2720599.07,2489365.17
7/13/20,LA,2743090.94,2513184.31
7/13/20,MA,24680709.26,20907707.22
7/13/20,MD,6563585.69,5514679.05
7/13/20,ME,2991584.6,2597442.43
7/13/20,MI,10718986.78,9060193.36
7/13/20,MN,2143846.63,1907894.87
7/13/20,MO,3947276.38,3431306.44
7/13/20,MS,1193477.34,1136360.96
7/13/20,MT,797793.34,750733.7
7/13/20,NC,4570177.52,3941099.95
7/13/20,NE,858733.14,760358.46
7/13/20,NH,1679316.38,1335947.58
7/13/20,NJ,4853601.97,3793078.67
7/13/20,NM,879434.56,799866.1
7/13/20,NV,2450205.77,2118421.49
7/13/20,NY,24627649.15,20461059.96
7/13/20,OH,11246333.54,8979598.37
7/13/20,OK,1583952.98,1283770.34
7/13/20,OR,3739910.39,3397482.59
7/13/20,PA,8173131.37,7101562.96
7/13/20,RI,2645214.15,2346075.31
7/13/20,SC,3118576.74,2846302.21
7/13/20,TN,4669056.81,4241441.66
7/13/20,TX,18777829.2,16479204.78
7/13/20,UT,2769058.53,2369153.91
7/13/20,VA,6903141.1,6172858.95
7/13/20,VT,1035221.68,945501.47
7/13/20,WA,8299996.66,7620963.16
7/13/20,WI,3440346.72,3183179.9
7/13/20,WV,390166.38,273661.88
7/20/20,AL,1185275.04,1104375.98
7/20/20,AR,845507.16,667336.25
7/20/20,AZ,2669384.92,2415634.33
7/20/20,CA,48594941.43,38937871.43
7/20/20,CO,7988166.36,6928737.92
7/20/20,CT,7229236.01,6077340.72
7/20/20,DC,4434644.39,3993134.15
7/20/20,DE,801172.02,676577.02
7/20/20,FL,22673636.91,19490084.87
7/20/20,GA,3081748.76,2666702.56
7/20/20,IA,1053235.48,914448.29
7/20/20,ID,813896.03,770920.11
7/20/20,IL,21298309.52,18689592.88
7/20/20,IN,4690420.15,4093890.37
7/20/20,KS,878820.33,747287.4
7/20/20,KY,3139394.2,2882097.62
7/20/20,LA,3312727.21,3046132.98
7/20/20,MA,28713684.52,24275929.8
7/20/20,MD,8045683.91,6794940.59
7/20/20,ME,3364987.18,2834567.84
7/20/20,MI,11759261.93,9917109.18
7/20/20,MN,2459902.93,2186008.26
7/20/20,MO,4711569.53,4122792.67
7/20/20,MS,1379150.23,1307061.89
7/20/20,MT,814743.32,758682.38
7/20/20,NC,5294471.3,4581297.02
7/20/20,NE,1008803.66,894832.74
7/20/20,NH,1941942.44,1539325.01
7/20/20,NJ,5746522.28,4553932.53
7/20/20,NM,977439.94,888277.82
7/20/20,NV,2899249.62,2521590.05
7/20/20,NY,31352256.08,26499612.39
7/20/20,OH,12909587.66,10213110.53
7/20/20,OK,1827739.28,1476956.98
7/20/20,OR,4264067.64,3855480.75
7/20/20,PA,9685578.72,8451015.5
7/20/20,RI,2858635.47,2515368.03
7/20/20,SC,3568207.35,3270774.55
7/20/20,TN,5998337.25,5521982.19
7/20/20,TX,22030658.95,19314051.46
7/20/20,UT,3014143.54,2555365.72
7/20/20,VA,8332569.65,7501834.08
7/20/20,VT,1118462.97,1014861.2
7/20/20,WA,9502174.59,8751645.49
7/20/20,WI,3881012.41,3575186.86
7/20/20,WV,456826.1,329738.88
7/27/20,AL,1043600.64,956141.31
7/27/20,AR,783303.55,608516.71
7/27/20,AZ,2737914.53,2489130.56
7/27/20,CA,48066191.99,38153095.99
7/27/20,CO,7542034.01,6519510.44
7/27/20,CT,6767196.56,5631280.65
7/27/20,DC,4287997.64,3876060.66
7/27/20,DE,748505.09,626914.57
7/27/20,FL,22965044.29,19704661.34
7/27/20,GA,2943169.68,2525677.02
7/27/20,IA,979428.75,852199.7
7/27/20,ID,713082.31,676008.46
7/27/20,IL,20094555,17502620.92
7/27/20,IN,4462206.96,3896983.55
7/27/20,KS,826723.5,698622.39
7/27/20,KY,3060984.28,2813122.76
7/27/20,LA,3376244.02,3122409.61
7/27/20,MA,27158568.07,22873584.47
7/27/20,MD,7846204.67,6624203.95
7/27/20,ME,2490484.63,2120033.91
7/27/20,MI,10642350.35,8919590.9
7/27/20,MN,2270096.83,2011039.43
7/27/20,MO,4398667.56,3790809.49
7/27/20,MS,1367101.58,1303822.29
7/27/20,MT,656829.92,607468.19
7/27/20,NC,4876052.5,4195909.61
7/27/20,NE,949598.58,853417.99
7/27/20,NH,1770761.99,1398192.36
7/27/20,NJ,5321176.64,4212647.6
7/27/20,NM,940979.07,856013.27
7/27/20,NV,3049548.08,2665004.59
7/27/20,NY,28863690.97,24161950.41
7/27/20,OH,12114685.68,9571799.2
7/27/20,OK,1851171.42,1500930.45
7/27/20,OR,4080129.54,3684403.24
7/27/20,PA,9177594.56,7996407
7/27/20,RI,2684863.55,2357167.08
7/27/20,SC,3212933.74,2921526.7
7/27/20,TN,4875549.12,4425240.65
7/27/20,TX,22497055.1,19787123.1
7/27/20,UT,3013426.61,2570421.86
7/27/20,VA,7816038.66,6989655.18
7/27/20,VT,914652.17,825892.99
7/27/20,WA,8789835.03,8074095.19
7/27/20,WI,3548099.44,3277321.11
7/27/20,WV,402445.63,270745.35
8/3/20,AL,1105717.01,1040559.89
8/3/20,AR,947481.48,755756.7
8/3/20,AZ,3318744.16,3052793.98
8/3/20,CA,50399482.57,40416270.62
8/3/20,CO,7504833.62,6420410.33
8/3/20,CT,7639354.26,6417847.69
8/3/20,DC,4741047.87,4272477.5
8/3/20,DE,863401.64,717450.85
8/3/20,FL,25219811.89,21669336.48
8/3/20,GA,3093988.1,2653283.17
8/3/20,IA,1202956.1,1076231.18
8/3/20,ID,709870.34,670598.81
8/3/20,IL,20957801.52,18329172.98
8/3/20,IN,5097127,4462704.47
8/3/20,KS,1018643.08,876853.71
8/3/20,KY,3450984.56,3174930.17
8/3/20,LA,3863859.81,3564030.04
8/3/20,MA,28336772.38,23862910.3
8/3/20,MD,8721664.93,7349630
8/3/20,ME,2505959.27,2129666.33
8/3/20,MI,11698966.46,9771093.29
8/3/20,MN,2591736.04,2332550.13
8/3/20,MO,4758070.15,4148761.2
8/3/20,MS,1356748.8,1284056.53
8/3/20,MT,692585.51,640649.86
8/3/20,NC,5338949.48,4639559.92
8/3/20,NE,1072170.08,956032.67
8/3/20,NH,1996425.51,1610062.18
8/3/20,NJ,5629628.75,4434264.58
8/3/20,NM,1025051.96,930709.08
8/3/20,NV,2987327.42,2573968.8
8/3/20,NY,30783897.26,25600730.89
8/3/20,OH,13176919.03,10419799.87
8/3/20,OK,1920875.77,1542472.62
8/3/20,OR,4202370.66,3801652.95
8/3/20,PA,10476436.49,9137885.04
8/3/20,RI,2612789.6,2289544.56
8/3/20,SC,3266174.44,2972032.98
8/3/20,TN,5558089.83,5043740.67
8/3/20,TX,23279515.1,20437003.28
8/3/20,UT,3022889.15,2541619.62
8/3/20,VA,8884798.92,8016063.69
8/3/20,VT,926683.65,846235.2
8/3/20,WA,9242561.3,8478089.82
8/3/20,WI,3939613.42,3613307.1
8/3/20,WV,475029.83,339131.54
10/26/20,AL,1235992.25,1163082.56
10/26/20,AR,840754.88,649164.2
10/26/20,AZ,3172918.86,2905210.32
10/26/20,CA,48101062.66,38432211.54
10/26/20,CO,6940179.97,5885298.25
10/26/20,CT,6987372.25,5819657.54
10/26/20,DC,4578679.7,4129109.82
10/26/20,DE,864316.59,722688.39
10/26/20,FL,24359163.39,20954885.42
10/26/20,GA,2971962.52,2545683.17
10/26/20,IA,1050419.67,925474.52
10/26/20,ID,676486.49,633535.59
10/26/20,IL,20054723.69,17542223.39
10/26/20,IN,4663928.33,4029341.49
10/26/20,KS,943264.44,808484.7
10/26/20,KY,3380257.07,3101677.65
10/26/20,LA,4202285.58,3903910.71
10/26/20,MA,27097860.45,22779844.48
10/26/20,MD,7945328.81,6666726.89
10/26/20,ME,2227235.32,1883833.55
10/26/20,MI,11074117.58,9208082.04
10/26/20,MN,2575670.83,2314481.6
10/26/20,MO,4399228.86,3822882.52
10/26/20,MS,1244671.82,1173403.35
10/26/20,MT,647007.59,598916.55
10/26/20,NC,4974287.39,4291316.35
10/26/20,NE,1060297.49,952480.62
10/26/20,NH,1751926.52,1386006.6
10/26/20,NJ,5185757.95,4014773.12
10/26/20,NM,975561.62,877580.56
10/26/20,NV,3058309.97,2650912.81
10/26/20,NY,29569737.39,24334368.44
10/26/20,OH,13046385.41,10344719.79
10/26/20,OK,1849789.93,1492522.92
10/26/20,OR,4022600.51,3628480.4
10/26/20,PA,9886441.85,8561705.5
10/26/20,RI,2339597.49,2022687.06
10/26/20,SC,3180027.11,2897366.46
10/26/20,TN,5389898.2,4897273.17
10/26/20,TX,23082373.74,20273084.71
10/26/20,UT,3081962.72,2616741.71
10/26/20,VA,8188949.58,7361808.35
10/26/20,VT,794817.62,717659.96
10/26/20,WA,8742054.92,8030553.42
10/26/20,WI,3394141.97,3091038.08
10/26/20,WV,438074.19,305054.36
4/26/21,AL,1301525.95,1224750.506
4/26/21,AR,885332.65,683583.6165
4/26/21,AZ,3341150.589,3059247.841
4/26/21,CA,50651435.14,40469930.65
4/26/21,CO,7308156.123,6197343.387
4/26/21,CT,7357850.591,6128222.333
4/26/21,DC,4821446.451,4348039.87
4/26/21,DE,910143.6284,761006.1418
4/26/21,FL,25650713.65,22065937.03
4/26/21,GA,3129539.318,2680658.157
4/26/21,IA,1106114.103,974544.2206
4/26/21,ID,712354.5651,667126.36
4/26/21,IL,21118047.71,18472331.82
4/26/21,IN,4911215.059,4242981.711
4/26/21,KS,993277.3822,851351.4687
4/26/21,KY,3559482.104,3266132.09
4/26/21,LA,4425095.491,4110900.45
4/26/21,MA,28534619.51,23987657.47
4/26/21,MD,8366599.086,7020204.253
4/26/21,ME,2345325.843,1983716.525
4/26/21,MI,11661279.76,9696304.913
4/26/21,MN,2712235.796,2437198.019
4/26/21,MO,4632480.925,4025576.054
4/26/21,MS,1310665.721,1235618.516
4/26/21,MT,681312.6606,630671.7795
4/26/21,NC,5238029.706,4518846.773
4/26/21,NE,1116515.656,1002982.214
4/26/21,NH,1844815.636,1459494.23
4/26/21,NJ,5460712.673,4227640.909
4/26/21,NM,1027286.995,924110.869
4/26/21,NV,3220465.007,2791467.191
4/26/21,NY,31137558.15,25624604.04
4/26/21,OH,13738119.45,10893208.48
4/26/21,OK,1947867.874,1571658.165
4/26/21,OR,4235883.316,3820866.515
4/26/21,PA,10410632.12,9015656.762
4/26/21,RI,2463645.582,2129932.204
4/26/21,SC,3348635.726,3050988.091
4/26/21,TN,5675676.669,5156932.105
4/26/21,TX,24306227.17,21347986.48
4/26/21,UT,3245371.852,2755484.301
4/26/21,VA,8623136.903,7752139.714
4/26/21,VT,836959.7448,755711.0988
4/26/21,WA,9205568.511,8456342.401
4/26/21,WI,3574103.197,3254928.398
4/26/21,WV,461301.3766,321228.6855
1/24/22,AL,1048008.059,945336.2109
1/24/22,AR,895186.5409,706854.1432
1/24/22,AZ,3633781.197,3313954.336
1/24/22,CA,49850490.59,39785774.44
1/24/22,CO,7905684.867,6714320.658
1/24/22,CT,6788535.024,5662453.764
1/24/22,DC,4212270.149,3665380.263
1/24/22,DE,795325.0359,652745.3816
1/24/22,FL,29424955.56,25628730.09
1/24/22,GA,2808145.064,2374330.763
1/24/22,IA,1114712.98,978730.6258
1/24/22,ID,805731.9059,748039.3234
1/24/22,IL,18941594.78,16365963.17
1/24/22,IN,4694102.098,4046809.534
1/24/22,KS,980975.5804,823533.6861
1/24/22,KY,2867583.014,2576982.313
1/24/22,LA,4222716.335,3880132.111
1/24/22,MA,25886626.11,21583344.03
1/24/22,MD,7985715.219,6671507.829
1/24/22,ME,2336508.545,1994991.035
1/24/22,MI,10458306.9,8722496.676
1/24/22,MN,2400750.078,2115007.17
1/24/22,MO,4304482.033,3732655.89
1/24/22,MS,1245807.333,1170238.48
1/24/22,MT,680546.2196,619623.9203
1/24/22,NC,4604657.515,3771307.958
1/24/22,NE,1091203.484,968046.5356
1/24/22,NH,1821129.715,1390795.461
1/24/22,NJ,5111821.44,3805930.003
1/24/22,NM,928407.7074,830815.5396
1/24/22,NV,3129022.593,2699138.89
1/24/22,NY,28587161.19,23581529.93
1/24/22,OH,12257583.25,9715379.752
1/24/22,OK,1847504.397,1462612.416
1/24/22,OR,4010869.602,3577065.895
1/24/22,PA,9689880.709,8260976.923
1/24/22,RI,2320612.206,2012472.74
1/24/22,SC,2628399.804,2319469.337
1/24/22,TN,5154697.613,4640062.571
1/24/22,TX,23730778.37,20604371.83
1/24/22,UT,3127248.358,2651125.853
1/24/22,VA,7705674.938,6811817.855
1/24/22,VT,1304300.44,1195826.645
1/24/22,WA,8827268.38,7991693.12
1/24/22,WI,3454208.031,3161512.199
1/24/22,WV,429208.9207,295941.8034