State,Date,pred.1,pred.2,pred.3,pred.4,pred.5,Dine_In_2020_weekly_pct
AL,2020/2/17,0,0,0,0,0,0.902031433
AL,2020/2/24,0,0,0,0,0,0.906939896
AL,2020/3/2,0,0,0,0,0,0.900391693
AL,2020/3/9,0,0,0,0,0,0.900153289
AL,2020/3/16,0,0,0,0,0,0.68451875
AL,2020/3/23,0,0,0,0,0,0.485313072
AL,2020/3/30,0,0,0,0,0,0.435757069
AL,2020/4/6,0,0,0,0,0,0.432381402
AL,2020/4/13,0,0,0,0,0,0.39325982
AL,2020/4/20,0,0,0,0,0,0.385810972
AL,2020/4/27,0,0,0,0,0,0.411108026
AL,2020/5/4,0,0,0,0,0,0.424291573
AL,2020/5/11,0,0,0,0,0,0.663125014
AL,2020/5/18,0,0,0,0,0,0.718067306
AL,2020/5/25,0,0,0,0,0,0.758072586
AL,2020/6/1,0,0,0,0,0,0.774942237
AL,2020/6/8,0,0,0,0,0,0.791964895
AL,2020/6/15,0,0,0,0,0,0.795286052
AL,2020/6/22,0,0,0,0,0,0.788126444
AL,2020/6/29,0,0,0,0,0,0.778166446
AL,2020/7/6,0.792370739,0.792370739,0.792370739,0.792370739,0.792370739,0.792370739
AL,2020/10/26,0.920228554,0.713213389,0.675190196,0.59069421,0.493523826,0
AL,2021/4/26,0.912889466,0.705874301,0.667851107,0.583355122,0.486184738,0
AL,2022/1/24,0.897752447,0.690737282,0.652714088,0.568218102,0.471047719,0
AR,2020/2/17,0,0,0,0,0,0.789616589
AR,2020/2/24,0,0,0,0,0,0.783935358
AR,2020/3/2,0,0,0,0,0,0.766230747
AR,2020/3/9,0,0,0,0,0,0.746998705
AR,2020/3/16,0,0,0,0,0,0.45716035
AR,2020/3/23,0,0,0,0,0,0.185927158
AR,2020/3/30,0,0,0,0,0,0.169651723
AR,2020/4/6,0,0,0,0,0,0.134071832
AR,2020/4/13,0,0,0,0,0,0.160792763
AR,2020/4/20,0,0,0,0,0,0.156580077
AR,2020/4/27,0,0,0,0,0,0.158519403
AR,2020/5/4,0,0,0,0,0,0.194186363
AR,2020/5/11,0,0,0,0,0,0.387276729
AR,2020/5/18,0,0,0,0,0,0.427164664
AR,2020/5/25,0,0,0,0,0,0.52244375
AR,2020/6/1,0,0,0,0,0,0.594704853
AR,2020/6/8,0,0,0,0,0,0.614169965
AR,2020/6/15,0,0,0,0,0,0.607360101
AR,2020/6/22,0,0,0,0,0,0.606527795
AR,2020/6/29,0,0,0,0,0,0.611188294
AR,2020/7/6,0.612487235,0.612487235,0.612487235,0.612487235,0.612487235,0.612487235
AR,2020/10/26,0.654942293,0.515523916,0.485950321,0.414128733,0.333857547,0
AR,2021/4/26,0.651097701,0.511679325,0.48210573,0.410284142,0.330012955,0
AR,2022/1/24,0.713417063,0.573998686,0.544425091,0.472603503,0.392332317,0
AZ,2020/2/17,0,0,0,0,0,0.911985107
AZ,2020/2/24,0,0,0,0,0,0.911322845
AZ,2020/3/2,0,0,0,0,0,0.908304649
AZ,2020/3/9,0,0,0,0,0,0.90077048
AZ,2020/3/16,0,0,0,0,0,0.696121687
AZ,2020/3/23,0,0,0,0,0,0.542970856
AZ,2020/3/30,0,0,0,0,0,0.535372014
AZ,2020/4/6,0,0,0,0,0,0.543477037
AZ,2020/4/13,0,0,0,0,0,0.546947739
AZ,2020/4/20,0,0,0,0,0,0.551223766
AZ,2020/4/27,0,0,0,0,0,0.543201357
AZ,2020/5/4,0,0,0,0,0,0.54767618
AZ,2020/5/11,0,0,0,0,0,0.723475296
AZ,2020/5/18,0,0,0,0,0,0.768089402
AZ,2020/5/25,0,0,0,0,0,0.793207061
AZ,2020/6/1,0,0,0,0,0,0.786083785
AZ,2020/6/8,0,0,0,0,0,0.81003957
AZ,2020/6/15,0,0,0,0,0,0.791658415
AZ,2020/6/22,0,0,0,0,0,0.773861512
AZ,2020/6/29,0,0,0,0,0,0.741450348
AZ,2020/7/6,0.737913757,0.737913757,0.737913757,0.737913757,0.737913757,0.737913757
AZ,2020/10/26,0.901518145,0.652254987,0.593107797,0.542410205,0.479038216,0
AZ,2021/4/26,0.892965825,0.643702667,0.584555477,0.533857885,0.470485896,0
AZ,2022/1/24,0.926294607,0.677031449,0.617884258,0.567186667,0.503814678,0
CA,2020/2/17,0,0,0,0,0,0.797068058
CA,2020/2/24,0,0,0,0,0,0.791769657
CA,2020/3/2,0,0,0,0,0,0.786116172
CA,2020/3/9,0,0,0,0,0,0.742039842
CA,2020/3/16,0,0,0,0,0,0.409205689
CA,2020/3/23,0,0,0,0,0,0.354974189
CA,2020/3/30,0,0,0,0,0,0.352396468
CA,2020/4/6,0,0,0,0,0,0.33357433
CA,2020/4/13,0,0,0,0,0,0.348845336
CA,2020/4/20,0,0,0,0,0,0.34922295
CA,2020/4/27,0,0,0,0,0,0.355133427
CA,2020/5/4,0,0,0,0,0,0.346476842
CA,2020/5/11,0,0,0,0,0,0.346415225
CA,2020/5/18,0,0,0,0,0,0.378140274
CA,2020/5/25,0,0,0,0,0,0.43298119
CA,2020/6/1,0,0,0,0,0,0.481647875
CA,2020/6/8,0,0,0,0,0,0.537817692
CA,2020/6/15,0,0,0,0,0,0.555196637
CA,2020/6/22,0,0,0,0,0,0.56586158
CA,2020/6/29,0,0,0,0,0,0.527774263
CA,2020/7/6,0.521035216,0.521035216,0.521035216,0.521035216,0.521035216,0.521035216
CA,2020/10/26,0.780612691,0.472202342,0.362357561,0.303210371,0.206039987,0
CA,2021/4/26,0.737847862,0.429437514,0.319592733,0.260445543,0.163275159,0
CA,2022/1/24,0.774955228,0.46654488,0.356700098,0.297552908,0.200382524,0
CO,2020/2/17,0,0,0,0,0,0.849302846
CO,2020/2/24,0,0,0,0,0,0.849717687
CO,2020/3/2,0,0,0,0,0,0.852705272
CO,2020/3/9,0,0,0,0,0,0.82771478
CO,2020/3/16,0,0,0,0,0,0.405004856
CO,2020/3/23,0,0,0,0,0,0.31248367
CO,2020/3/30,0,0,0,0,0,0.285870413
CO,2020/4/6,0,0,0,0,0,0.288607
CO,2020/4/13,0,0,0,0,0,0.276326139
CO,2020/4/20,0,0,0,0,0,0.299528929
CO,2020/4/27,0,0,0,0,0,0.320854742
CO,2020/5/4,0,0,0,0,0,0.332270282
CO,2020/5/11,0,0,0,0,0,0.335107988
CO,2020/5/18,0,0,0,0,0,0.371479337
CO,2020/5/25,0,0,0,0,0,0.501426646
CO,2020/6/1,0,0,0,0,0,0.593751839
CO,2020/6/8,0,0,0,0,0,0.644977493
CO,2020/6/15,0,0,0,0,0,0.662688931
CO,2020/6/22,0,0,0,0,0,0.686001319
CO,2020/6/29,0,0,0,0,0,0.701312753
CO,2020/7/6,0.698974228,0.698974228,0.698974228,0.698974228,0.698974228,0.698974228
CO,2020/10/26,0.792793689,0.60690252,0.480158542,0.399887355,0.264693778,0
CO,2021/4/26,0.785593348,0.59970218,0.472958201,0.392687014,0.257493437,0
CO,2022/1/24,0.825698829,0.63980766,0.513063681,0.432792495,0.297598918,0
CT,2020/2/17,0,0,0,0,0,0.834120137
CT,2020/2/24,0,0,0,0,0,0.821075222
CT,2020/3/2,0,0,0,0,0,0.819372965
CT,2020/3/9,0,0,0,0,0,0.779592192
CT,2020/3/16,0,0,0,0,0,0.410565964
CT,2020/3/23,0,0,0,0,0,0.316780293
CT,2020/3/30,0,0,0,0,0,0.302998236
CT,2020/4/6,0,0,0,0,0,0.31632201
CT,2020/4/13,0,0,0,0,0,0.276665827
CT,2020/4/20,0,0,0,0,0,0.267634005
CT,2020/4/27,0,0,0,0,0,0.274207552
CT,2020/5/4,0,0,0,0,0,0.279691632
CT,2020/5/11,0,0,0,0,0,0.284510148
CT,2020/5/18,0,0,0,0,0,0.404132784
CT,2020/5/25,0,0,0,0,0,0.504138664
CT,2020/6/1,0,0,0,0,0,0.54415554
CT,2020/6/8,0,0,0,0,0,0.590532736
CT,2020/6/15,0,0,0,0,0,0.62586801
CT,2020/6/22,0,0,0,0,0,0.630129917
CT,2020/6/29,0,0,0,0,0,0.616782676
CT,2020/7/6,0.63732028,0.63732028,0.63732028,0.63732028,0.63732028,0.63732028
CT,2020/10/26,0.786254331,0.541215973,0.418696793,0.304627212,0.220131227,0
CT,2021/4/26,0.780607638,0.535569279,0.4130501,0.298980519,0.214484533,0
CT,2022/1/24,0.820629247,0.575590888,0.453071708,0.339002127,0.254506142,0
DC,2020/2/17,0,0,0,0,0,0.870167423
DC,2020/2/24,0,0,0,0,0,0.86356996
DC,2020/3/2,0,0,0,0,0,0.864885737
DC,2020/3/9,0,0,0,0,0,0.833560979
DC,2020/3/16,0,0,0,0,0,0.402796601
DC,2020/3/23,0,0,0,0,0,0.27257893
DC,2020/3/30,0,0,0,0,0,0.249924089
DC,2020/4/6,0,0,0,0,0,0.260572067
DC,2020/4/13,0,0,0,0,0,0.242975075
DC,2020/4/20,0,0,0,0,0,0.227813356
DC,2020/4/27,0,0,0,0,0,0.250631315
DC,2020/5/4,0,0,0,0,0,0.226458635
DC,2020/5/11,0,0,0,0,0,0.252598971
DC,2020/5/18,0,0,0,0,0,0.257415171
DC,2020/5/25,0,0,0,0,0,0.319079335
DC,2020/6/1,0,0,0,0,0,0.360744799
DC,2020/6/8,0,0,0,0,0,0.432796422
DC,2020/6/15,0,0,0,0,0,0.430955716
DC,2020/6/22,0,0,0,0,0,0.482245856
DC,2020/6/29,0,0,0,0,0,0.495270289
DC,2020/7/6,0.496768181,0.496768181,0.496768181,0.496768181,0.496768181,0.496768181
DC,2020/10/26,0.863881701,0.45407617,0.365355385,0.247061005,0.183689016,0
DC,2021/4/26,0.861960212,0.452154681,0.363433896,0.245139516,0.181767527,0
DC,2022/1/24,0.856882953,0.447077422,0.358356637,0.240062257,0.176690267,0
DE,2020/2/17,0,0,0,0,0,0.820727818
DE,2020/2/24,0,0,0,0,0,0.807653741
DE,2020/3/2,0,0,0,0,0,0.813883569
DE,2020/3/9,0,0,0,0,0,0.803471198
DE,2020/3/16,0,0,0,0,0,0.454321224
DE,2020/3/23,0,0,0,0,0,0.345447915
DE,2020/3/30,0,0,0,0,0,0.343093235
DE,2020/4/6,0,0,0,0,0,0.357435495
DE,2020/4/13,0,0,0,0,0,0.306522878
DE,2020/4/20,0,0,0,0,0,0.323956557
DE,2020/4/27,0,0,0,0,0,0.335742504
DE,2020/5/4,0,0,0,0,0,0.34271844
DE,2020/5/11,0,0,0,0,0,0.350094462
DE,2020/5/18,0,0,0,0,0,0.355397835
DE,2020/5/25,0,0,0,0,0,0.396073551
DE,2020/6/1,0,0,0,0,0,0.538273754
DE,2020/6/8,0,0,0,0,0,0.593937388
DE,2020/6/15,0,0,0,0,0,0.624355816
DE,2020/6/22,0,0,0,0,0,0.615965478
DE,2020/6/29,0,0,0,0,0,0.606407462
DE,2020/7/6,0.597956252,0.597956252,0.597956252,0.597956252,0.597956252,0.597956252
DE,2020/10/26,0.804614142,0.555350984,0.470854998,0.34411102,0.272289432,0
DE,2021/4/26,0.802349012,0.553085853,0.468589868,0.341845889,0.270024301,0
DE,2022/1/24,0.819536955,0.570273797,0.485777811,0.359033832,0.287212244,0
FL,2020/2/17,0,0,0,0,0,0.870986195
FL,2020/2/24,0,0,0,0,0,0.867583914
FL,2020/3/2,0,0,0,0,0,0.867316463
FL,2020/3/9,0,0,0,0,0,0.854201293
FL,2020/3/16,0,0,0,0,0,0.581848816
FL,2020/3/23,0,0,0,0,0,0.308976011
FL,2020/3/30,0,0,0,0,0,0.288573121
FL,2020/4/6,0,0,0,0,0,0.2948058
FL,2020/4/13,0,0,0,0,0,0.270890226
FL,2020/4/20,0,0,0,0,0,0.279407137
FL,2020/4/27,0,0,0,0,0,0.293997706
FL,2020/5/4,0,0,0,0,0,0.458120841
FL,2020/5/11,0,0,0,0,0,0.530256022
FL,2020/5/18,0,0,0,0,0,0.590996301
FL,2020/5/25,0,0,0,0,0,0.643475592
FL,2020/6/1,0,0,0,0,0,0.666007083
FL,2020/6/8,0,0,0,0,0,0.711836924
FL,2020/6/15,0,0,0,0,0,0.700338523
FL,2020/6/22,0,0,0,0,0,0.675432699
FL,2020/6/29,0,0,0,0,0,0.648852046
FL,2020/7/6,0.641956815,0.641956815,0.641956815,0.641956815,0.641956815,0.641956815
FL,2020/10/26,0.854613017,0.59690026,0.541977869,0.427908289,0.343412303,0
FL,2021/4/26,0.832100457,0.574387701,0.51946531,0.405395729,0.320899743,0
FL,2022/1/24,0.88515361,0.627440853,0.572518463,0.458448882,0.373952896,0
GA,2020/2/17,0,0,0,0,0,0.845515708
GA,2020/2/24,0,0,0,0,0,0.841003399
GA,2020/3/2,0,0,0,0,0,0.84315147
GA,2020/3/9,0,0,0,0,0,0.838213136
GA,2020/3/16,0,0,0,0,0,0.63645698
GA,2020/3/23,0,0,0,0,0,0.396667352
GA,2020/3/30,0,0,0,0,0,0.332634319
GA,2020/4/6,0,0,0,0,0,0.334565027
GA,2020/4/13,0,0,0,0,0,0.293535778
GA,2020/4/20,0,0,0,0,0,0.306443811
GA,2020/4/27,0,0,0,0,0,0.408392619
GA,2020/5/4,0,0,0,0,0,0.474532603
GA,2020/5/11,0,0,0,0,0,0.545000197
GA,2020/5/18,0,0,0,0,0,0.611191776
GA,2020/5/25,0,0,0,0,0,0.658398868
GA,2020/6/1,0,0,0,0,0,0.696218089
GA,2020/6/8,0,0,0,0,0,0.690675878
GA,2020/6/15,0,0,0,0,0,0.696747691
GA,2020/6/22,0,0,0,0,0,0.694626691
GA,2020/6/29,0,0,0,0,0,0.700349689
GA,2020/7/6,0.687142882,0.687142882,0.687142882,0.687142882,0.687142882,0.687142882
GA,2020/10/26,0.812109042,0.575520281,0.520597891,0.436101905,0.330481923,0
GA,2021/4/26,0.795164122,0.558575361,0.503652971,0.419156985,0.313537003,0
GA,2022/1/24,0.818331837,0.581743077,0.526820686,0.4423247,0.336704718,0
IA,2020/2/17,0,0,0,0,0,0.878011329
IA,2020/2/24,0,0,0,0,0,0.88220202
IA,2020/3/2,0,0,0,0,0,0.874599742
IA,2020/3/9,0,0,0,0,0,0.868205965
IA,2020/3/16,0,0,0,0,0,0.472627151
IA,2020/3/23,0,0,0,0,0,0.416156188
IA,2020/3/30,0,0,0,0,0,0.412453605
IA,2020/4/6,0,0,0,0,0,0.433218545
IA,2020/4/13,0,0,0,0,0,0.39857193
IA,2020/4/20,0,0,0,0,0,0.406023246
IA,2020/4/27,0,0,0,0,0,0.459557908
IA,2020/5/4,0,0,0,0,0,0.466824638
IA,2020/5/11,0,0,0,0,0,0.516348517
IA,2020/5/18,0,0,0,0,0,0.602319434
IA,2020/5/25,0,0,0,0,0,0.655520153
IA,2020/6/1,0,0,0,0,0,0.677831043
IA,2020/6/8,0,0,0,0,0,0.74161107
IA,2020/6/15,0,0,0,0,0,0.753981253
IA,2020/6/22,0,0,0,0,0,0.740362761
IA,2020/6/29,0,0,0,0,0,0.73192736
IA,2020/7/6,0.731677741,0.731677741,0.731677741,0.731677741,0.731677741,0.731677741
IA,2020/10/26,0.851306987,0.686539815,0.568245435,0.47952465,0.407703062,0
IA,2021/4/26,0.843469377,0.678702205,0.560407825,0.47168704,0.399865452,0
IA,2022/1/24,0.877622576,0.712855403,0.594561023,0.505840238,0.43401865,0
ID,2020/2/17,0,0,0,0,0,0.928397297
ID,2020/2/24,0,0,0,0,0,0.928698961
ID,2020/3/2,0,0,0,0,0,0.924822672
ID,2020/3/9,0,0,0,0,0,0.923599754
ID,2020/3/16,0,0,0,0,0,0.85944639
ID,2020/3/23,0,0,0,0,0,0.775088894
ID,2020/3/30,0,0,0,0,0,0.758867483
ID,2020/4/6,0,0,0,0,0,0.729297609
ID,2020/4/13,0,0,0,0,0,0.721044682
ID,2020/4/20,0,0,0,0,0,0.731432979
ID,2020/4/27,0,0,0,0,0,0.742690758
ID,2020/5/4,0,0,0,0,0,0.7560458
ID,2020/5/11,0,0,0,0,0,0.777427961
ID,2020/5/18,0,0,0,0,0,0.848399363
ID,2020/5/25,0,0,0,0,0,0.858831139
ID,2020/6/1,0,0,0,0,0,0.861283293
ID,2020/6/8,0,0,0,0,0,0.872615413
ID,2020/6/15,0,0,0,0,0,0.879108851
ID,2020/6/22,0,0,0,0,0,0.868588716
ID,2020/6/29,0,0,0,0,0,0.872452493
ID,2020/7/6,0.865301067,0.865301067,0.865301067,0.865301067,0.865301067,0.865301067
ID,2020/10/26,0.923256431,0.834535646,0.758489259,0.661318875,0.530350097,0
ID,2021/4/26,0.922415881,0.833695096,0.757648708,0.660478325,0.529509547,0
ID,2022/1/24,0.94961458,0.860893794,0.784847407,0.687677024,0.556708246,0
IL,2020/2/17,0,0,0,0,0,0.864022452
IL,2020/2/24,0,0,0,0,0,0.85715051
IL,2020/3/2,0,0,0,0,0,0.859396607
IL,2020/3/9,0,0,0,0,0,0.833351737
IL,2020/3/16,0,0,0,0,0,0.416048578
IL,2020/3/23,0,0,0,0,0,0.300484333
IL,2020/3/30,0,0,0,0,0,0.287307215
IL,2020/4/6,0,0,0,0,0,0.29389137
IL,2020/4/13,0,0,0,0,0,0.292013999
IL,2020/4/20,0,0,0,0,0,0.280406338
IL,2020/4/27,0,0,0,0,0,0.298239429
IL,2020/5/4,0,0,0,0,0,0.281107259
IL,2020/5/11,0,0,0,0,0,0.283606532
IL,2020/5/18,0,0,0,0,0,0.291214212
IL,2020/5/25,0,0,0,0,0,0.409702966
IL,2020/6/1,0,0,0,0,0,0.561887015
IL,2020/6/8,0,0,0,0,0,0.61834373
IL,2020/6/15,0,0,0,0,0,0.644009939
IL,2020/6/22,0,0,0,0,0,0.667808629
IL,2020/6/29,0,0,0,0,0,0.683225883
IL,2020/7/6,0.694353479,0.694353479,0.694353479,0.694353479,0.694353479,0.694353479
IL,2020/10/26,0.889198024,0.648384465,0.483617292,0.411795705,0.323074919,0
IL,2021/4/26,0.864202533,0.623388974,0.458621802,0.386800214,0.298079429,0
IL,2022/1/24,0.887857598,0.647044039,0.482276866,0.410455279,0.321734493,0
IN,2020/2/17,0,0,0,0,0,0.862105137
IN,2020/2/24,0,0,0,0,0,0.855630784
IN,2020/3/2,0,0,0,0,0,0.857450324
IN,2020/3/9,0,0,0,0,0,0.83300175
IN,2020/3/16,0,0,0,0,0,0.331621519
IN,2020/3/23,0,0,0,0,0,0.263899095
IN,2020/3/30,0,0,0,0,0,0.247963301
IN,2020/4/6,0,0,0,0,0,0.27251649
IN,2020/4/13,0,0,0,0,0,0.222980431
IN,2020/4/20,0,0,0,0,0,0.226179521
IN,2020/4/27,0,0,0,0,0,0.238654099
IN,2020/5/4,0,0,0,0,0,0.227177834
IN,2020/5/11,0,0,0,0,0,0.506082607
IN,2020/5/18,0,0,0,0,0,0.587293031
IN,2020/5/25,0,0,0,0,0,0.641414264
IN,2020/6/1,0,0,0,0,0,0.676831647
IN,2020/6/8,0,0,0,0,0,0.725444725
IN,2020/6/15,0,0,0,0,0,0.747479577
IN,2020/6/22,0,0,0,0,0,0.757885587
IN,2020/6/29,0,0,0,0,0,0.750873876
IN,2020/7/6,0.748674027,0.748674027,0.748674027,0.748674027,0.748674027,0.748674027
IN,2020/10/26,0.836549861,0.671782689,0.557713108,0.443643527,0.338023545,0
IN,2021/4/26,0.825979252,0.661212079,0.547142498,0.433072918,0.327452935,0
IN,2022/1/24,0.861790184,0.697023012,0.582953431,0.46888385,0.363263868,0
KS,2020/2/17,0,0,0,0,0,0.839504777
KS,2020/2/24,0,0,0,0,0,0.832879008
KS,2020/3/2,0,0,0,0,0,0.831379239
KS,2020/3/9,0,0,0,0,0,0.805377888
KS,2020/3/16,0,0,0,0,0,0.553071209
KS,2020/3/23,0,0,0,0,0,0.421253543
KS,2020/3/30,0,0,0,0,0,0.375368723
KS,2020/4/6,0,0,0,0,0,0.386949128
KS,2020/4/13,0,0,0,0,0,0.360206826
KS,2020/4/20,0,0,0,0,0,0.39045135
KS,2020/4/27,0,0,0,0,0,0.417288672
KS,2020/5/4,0,0,0,0,0,0.466034135
KS,2020/5/11,0,0,0,0,0,0.537612354
KS,2020/5/18,0,0,0,0,0,0.579255006
KS,2020/5/25,0,0,0,0,0,0.62509012
KS,2020/6/1,0,0,0,0,0,0.66714571
KS,2020/6/8,0,0,0,0,0,0.688043609
KS,2020/6/15,0,0,0,0,0,0.700473423
KS,2020/6/22,0,0,0,0,0,0.691000257
KS,2020/6/29,0,0,0,0,0,0.657072269
KS,2020/7/6,0.659185294,0.659185294,0.659185294,0.659185294,0.659185294,0.659185294
KS,2020/10/26,0.827220427,0.670902854,0.586406868,0.476562086,0.362492506,0
KS,2021/4/26,0.823935665,0.667618092,0.583122106,0.473277324,0.359207743,0
KS,2022/1/24,0.838108997,0.681791423,0.597295438,0.487450656,0.373381075,0
KY,2020/2/17,0,0,0,0,0,0.898660057
KY,2020/2/24,0,0,0,0,0,0.89889919
KY,2020/3/2,0,0,0,0,0,0.897801414
KY,2020/3/9,0,0,0,0,0,0.871342898
KY,2020/3/16,0,0,0,0,0,0.342598827
KY,2020/3/23,0,0,0,0,0,0.283435307
KY,2020/3/30,0,0,0,0,0,0.305187487
KY,2020/4/6,0,0,0,0,0,0.289797988
KY,2020/4/13,0,0,0,0,0,0.259670982
KY,2020/4/20,0,0,0,0,0,0.24953536
KY,2020/4/27,0,0,0,0,0,0.261372596
KY,2020/5/4,0,0,0,0,0,0.263497052
KY,2020/5/11,0,0,0,0,0,0.271357816
KY,2020/5/18,0,0,0,0,0,0.480556879
KY,2020/5/25,0,0,0,0,0,0.65146369
KY,2020/6/1,0,0,0,0,0,0.709472498
KY,2020/6/8,0,0,0,0,0,0.744288306
KY,2020/6/15,0,0,0,0,0,0.742589698
KY,2020/6/22,0,0,0,0,0,0.761337901
KY,2020/6/29,0,0,0,0,0,0.773157618
KY,2020/7/6,0.759289653,0.759289653,0.759289653,0.759289653,0.759289653,0.759289653
KY,2020/10/26,0.870730778,0.701738807,0.604568423,0.507398039,0.435576451,0
KY,2021/4/26,0.867058814,0.698066843,0.600896459,0.503726075,0.431904487,0
KY,2022/1/24,0.879425159,0.710433188,0.613262804,0.516092421,0.444270833,0
LA,2020/2/17,0,0,0,0,0,0.918871125
LA,2020/2/24,0,0,0,0,0,0.91706038
LA,2020/3/2,0,0,0,0,0,0.917600753
LA,2020/3/9,0,0,0,0,0,0.908631601
LA,2020/3/16,0,0,0,0,0,0.599083888
LA,2020/3/23,0,0,0,0,0,0.472311644
LA,2020/3/30,0,0,0,0,0,0.495907256
LA,2020/4/6,0,0,0,0,0,0.481824253
LA,2020/4/13,0,0,0,0,0,0.501148644
LA,2020/4/20,0,0,0,0,0,0.475697075
LA,2020/4/27,0,0,0,0,0,0.491266575
LA,2020/5/4,0,0,0,0,0,0.48157759
LA,2020/5/11,0,0,0,0,0,0.552003144
LA,2020/5/18,0,0,0,0,0,0.652311751
LA,2020/5/25,0,0,0,0,0,0.688902478
LA,2020/6/1,0,0,0,0,0,0.720547539
LA,2020/6/8,0,0,0,0,0,0.768698083
LA,2020/6/15,0,0,0,0,0,0.773970894
LA,2020/6/22,0,0,0,0,0,0.764344413
LA,2020/6/29,0,0,0,0,0,0.755829462
LA,2020/7/6,0.765155443,0.765155443,0.765155443,0.765155443,0.765155443,0.765155443
LA,2020/10/26,0.922130028,0.693990866,0.660192472,0.55457249,0.448952507,0
LA,2021/4/26,0.912354795,0.684215634,0.650417239,0.544797257,0.439177275,0
LA,2022/1/24,0.936790861,0.708651699,0.674853305,0.569233323,0.46361334,0
MA,2020/2/17,0,0,0,0,0,0.824367974
MA,2020/2/24,0,0,0,0,0,0.81609245
MA,2020/3/2,0,0,0,0,0,0.817004163
MA,2020/3/9,0,0,0,0,0,0.780716346
MA,2020/3/16,0,0,0,0,0,0.402205261
MA,2020/3/23,0,0,0,0,0,0.302949458
MA,2020/3/30,0,0,0,0,0,0.276535632
MA,2020/4/6,0,0,0,0,0,0.275012628
MA,2020/4/13,0,0,0,0,0,0.26200868
MA,2020/4/20,0,0,0,0,0,0.258438243
MA,2020/4/27,0,0,0,0,0,0.259322354
MA,2020/5/4,0,0,0,0,0,0.253848046
MA,2020/5/11,0,0,0,0,0,0.250237972
MA,2020/5/18,0,0,0,0,0,0.251902312
MA,2020/5/25,0,0,0,0,0,0.250541912
MA,2020/6/1,0,0,0,0,0,0.254207121
MA,2020/6/8,0,0,0,0,0,0.46055095
MA,2020/6/15,0,0,0,0,0,0.513170539
MA,2020/6/22,0,0,0,0,0,0.565903428
MA,2020/6/29,0,0,0,0,0,0.57863252
MA,2020/7/6,0.595183928,0.595183928,0.595183928,0.595183928,0.595183928,0.595183928
MA,2020/10/26,0.770526846,0.50858929,0.373395713,0.250876533,0.166380548,0
MA,2021/4/26,0.75592127,0.493983714,0.358790137,0.236270958,0.151774972,0
MA,2022/1/24,0.784799779,0.522862223,0.387668646,0.265149466,0.18065348,0
MD,2020/2/17,0,0,0,0,0,0.835430221
MD,2020/2/24,0,0,0,0,0,0.823095152
MD,2020/3/2,0,0,0,0,0,0.826351968
MD,2020/3/9,0,0,0,0,0,0.799861801
MD,2020/3/16,0,0,0,0,0,0.402622821
MD,2020/3/23,0,0,0,0,0,0.344849018
MD,2020/3/30,0,0,0,0,0,0.327815221
MD,2020/4/6,0,0,0,0,0,0.34944827
MD,2020/4/13,0,0,0,0,0,0.312684286
MD,2020/4/20,0,0,0,0,0,0.304628121
MD,2020/4/27,0,0,0,0,0,0.315596466
MD,2020/5/4,0,0,0,0,0,0.328459814
MD,2020/5/11,0,0,0,0,0,0.344689759
MD,2020/5/18,0,0,0,0,0,0.346003646
MD,2020/5/25,0,0,0,0,0,0.410303461
MD,2020/6/1,0,0,0,0,0,0.497082827
MD,2020/6/8,0,0,0,0,0,0.577624107
MD,2020/6/15,0,0,0,0,0,0.586651537
MD,2020/6/22,0,0,0,0,0,0.618150517
MD,2020/6/29,0,0,0,0,0,0.630034248
MD,2020/7/6,0.619123446,0.619123446,0.619123446,0.619123446,0.619123446,0.619123446
MD,2020/10/26,0.811067677,0.489982931,0.405486945,0.253394171,0.190022181,0
MD,2021/4/26,0.796184607,0.475099861,0.390603875,0.238511101,0.175139111,0
MD,2022/1/24,0.829509471,0.508424725,0.423928739,0.271835965,0.208463975,0
ME,2020/2/17,0,0,0,0,0,0.853834256
ME,2020/2/24,0,0,0,0,0,0.832452007
ME,2020/3/2,0,0,0,0,0,0.83191652
ME,2020/3/9,0,0,0,0,0,0.821687227
ME,2020/3/16,0,0,0,0,0,0.491505345
ME,2020/3/23,0,0,0,0,0,0.356646283
ME,2020/3/30,0,0,0,0,0,0.332030227
ME,2020/4/6,0,0,0,0,0,0.344609466
ME,2020/4/13,0,0,0,0,0,0.369969736
ME,2020/4/20,0,0,0,0,0,0.286407436
ME,2020/4/27,0,0,0,0,0,0.249762369
ME,2020/5/4,0,0,0,0,0,0.236663954
ME,2020/5/11,0,0,0,0,0,0.236819791
ME,2020/5/18,0,0,0,0,0,0.315151461
ME,2020/5/25,0,0,0,0,0,0.32128988
ME,2020/6/1,0,0,0,0,0,0.50586498
ME,2020/6/8,0,0,0,0,0,0.549314009
ME,2020/6/15,0,0,0,0,0,0.565941403
ME,2020/6/22,0,0,0,0,0,0.589053441
ME,2020/6/29,0,0,0,0,0,0.5883243
ME,2020/7/6,0.598641773,0.598641773,0.598641773,0.598641773,0.598641773,0.598641773
ME,2020/10/26,0.705921819,0.596077038,0.490457055,0.34681388,0.28344189,0
ME,2021/4/26,0.705211949,0.595367168,0.489747186,0.34610401,0.28273202,0
ME,2022/1/24,0.754531268,0.644686486,0.539066504,0.395423328,0.332051339,0
MI,2020/2/17,0,0,0,0,0,0.834025695
MI,2020/2/24,0,0,0,0,0,0.820063203
MI,2020/3/2,0,0,0,0,0,0.823153805
MI,2020/3/9,0,0,0,0,0,0.79325309
MI,2020/3/16,0,0,0,0,0,0.327901349
MI,2020/3/23,0,0,0,0,0,0.283598574
MI,2020/3/30,0,0,0,0,0,0.257473344
MI,2020/4/6,0,0,0,0,0,0.274461459
MI,2020/4/13,0,0,0,0,0,0.25119081
MI,2020/4/20,0,0,0,0,0,0.25751679
MI,2020/4/27,0,0,0,0,0,0.25146595
MI,2020/5/4,0,0,0,0,0,0.23546029
MI,2020/5/11,0,0,0,0,0,0.238377191
MI,2020/5/18,0,0,0,0,0,0.279339786
MI,2020/5/25,0,0,0,0,0,0.286756978
MI,2020/6/1,0,0,0,0,0,0.319760819
MI,2020/6/8,0,0,0,0,0,0.613970193
MI,2020/6/15,0,0,0,0,0,0.638936944
MI,2020/6/22,0,0,0,0,0,0.663123265
MI,2020/6/29,0,0,0,0,0,0.653758905
MI,2020/7/6,0.65194077,0.65194077,0.65194077,0.65194077,0.65194077,0.65194077
MI,2020/10/26,0.782029084,0.621486711,0.435595542,0.291952367,0.156758789,0
MI,2021/4/26,0.768362473,0.6078201,0.421928931,0.278285755,0.143092178,0
MI,2022/1/24,0.810155942,0.649613569,0.4637224,0.320079224,0.184885647,0
MN,2020/2/17,0,0,0,0,0,0.880977653
MN,2020/2/24,0,0,0,0,0,0.878601116
MN,2020/3/2,0,0,0,0,0,0.885888571
MN,2020/3/9,0,0,0,0,0,0.855973221
MN,2020/3/16,0,0,0,0,0,0.387820761
MN,2020/3/23,0,0,0,0,0,0.234587441
MN,2020/3/30,0,0,0,0,0,0.244843783
MN,2020/4/6,0,0,0,0,0,0.255436298
MN,2020/4/13,0,0,0,0,0,0.257485329
MN,2020/4/20,0,0,0,0,0,0.278457472
MN,2020/4/27,0,0,0,0,0,0.261636377
MN,2020/5/4,0,0,0,0,0,0.263672649
MN,2020/5/11,0,0,0,0,0,0.256336399
MN,2020/5/18,0,0,0,0,0,0.248800048
MN,2020/5/25,0,0,0,0,0,0.289736291
MN,2020/6/1,0,0,0,0,0,0.432077168
MN,2020/6/8,0,0,0,0,0,0.572019962
MN,2020/6/15,0,0,0,0,0,0.60292027
MN,2020/6/22,0,0,0,0,0,0.633596657
MN,2020/6/29,0,0,0,0,0,0.619164476
MN,2020/7/6,0.619521388,0.619521388,0.619521388,0.619521388,0.619521388,0.619521388
MN,2020/10/26,0.866569278,0.651104514,0.511686138,0.418740553,0.308895772,0
MN,2021/4/26,0.858155705,0.642690941,0.503272565,0.41032698,0.300482199,0
MN,2022/1/24,0.872319003,0.656854239,0.517435863,0.424490278,0.314645497,0
MO,2020/2/17,0,0,0,0,0,0.867155644
MO,2020/2/24,0,0,0,0,0,0.865084474
MO,2020/3/2,0,0,0,0,0,0.870969392
MO,2020/3/9,0,0,0,0,0,0.846157722
MO,2020/3/16,0,0,0,0,0,0.493767352
MO,2020/3/23,0,0,0,0,0,0.312162371
MO,2020/3/30,0,0,0,0,0,0.286754728
MO,2020/4/6,0,0,0,0,0,0.279667266
MO,2020/4/13,0,0,0,0,0,0.274077834
MO,2020/4/20,0,0,0,0,0,0.273817458
MO,2020/4/27,0,0,0,0,0,0.282481082
MO,2020/5/4,0,0,0,0,0,0.371455818
MO,2020/5/11,0,0,0,0,0,0.431497831
MO,2020/5/18,0,0,0,0,0,0.531797744
MO,2020/5/25,0,0,0,0,0,0.59140915
MO,2020/6/1,0,0,0,0,0,0.648473653
MO,2020/6/8,0,0,0,0,0,0.684908346
MO,2020/6/15,0,0,0,0,0,0.69459841
MO,2020/6/22,0,0,0,0,0,0.709542225
MO,2020/6/29,0,0,0,0,0,0.679781624
MO,2020/7/6,0.702705568,0.702705568,0.702705568,0.702705568,0.702705568,0.702705568
MO,2020/10/26,0.842486212,0.67349424,0.588998255,0.49605267,0.390432688,0
MO,2021/4/26,0.837920457,0.668928486,0.5844325,0.491486915,0.385866933,0
MO,2022/1/24,0.873729385,0.704737413,0.620241427,0.527295843,0.421675861,0
MS,2020/2/17,0,0,0,0,0,0.939341461
MS,2020/2/24,0,0,0,0,0,0.937323937
MS,2020/3/2,0,0,0,0,0,0.938478067
MS,2020/3/9,0,0,0,0,0,0.942889502
MS,2020/3/16,0,0,0,0,0,0.794835976
MS,2020/3/23,0,0,0,0,0,0.702093428
MS,2020/3/30,0,0,0,0,0,0.7224166
MS,2020/4/6,0,0,0,0,0,0.689756292
MS,2020/4/13,0,0,0,0,0,0.701927932
MS,2020/4/20,0,0,0,0,0,0.703279097
MS,2020/4/27,0,0,0,0,0,0.725178643
MS,2020/5/4,0,0,0,0,0,0.758786411
MS,2020/5/11,0,0,0,0,0,0.807517557
MS,2020/5/18,0,0,0,0,0,0.847151112
MS,2020/5/25,0,0,0,0,0,0.852862623
MS,2020/6/1,0,0,0,0,0,0.876489484
MS,2020/6/8,0,0,0,0,0,0.885722818
MS,2020/6/15,0,0,0,0,0,0.897552316
MS,2020/6/22,0,0,0,0,0,0.892172894
MS,2020/6/29,0,0,0,0,0,0.882551847
MS,2020/7/6,0.874757525,0.874757525,0.874757525,0.874757525,0.874757525,0.874757525
MS,2020/10/26,0.891639733,0.722647762,0.680399769,0.608578181,0.498733399,0
MS,2021/4/26,0.885925279,0.716933308,0.674685315,0.602863727,0.493018945,0
MS,2022/1/24,0.919586297,0.750594325,0.708346333,0.636524745,0.526679963,0
MT,2020/2/17,0,0,0,0,0,0.910480291
MT,2020/2/24,0,0,0,0,0,0.909295918
MT,2020/3/2,0,0,0,0,0,0.908201196
MT,2020/3/9,0,0,0,0,0,0.912152785
MT,2020/3/16,0,0,0,0,0,0.631844578
MT,2020/3/23,0,0,0,0,0,0.389068544
MT,2020/3/30,0,0,0,0,0,0.395157647
MT,2020/4/6,0,0,0,0,0,0.374188825
MT,2020/4/13,0,0,0,0,0,0.379483284
MT,2020/4/20,0,0,0,0,0,0.382616183
MT,2020/4/27,0,0,0,0,0,0.378147072
MT,2020/5/4,0,0,0,0,0,0.786991458
MT,2020/5/11,0,0,0,0,0,0.837464693
MT,2020/5/18,0,0,0,0,0,0.856023711
MT,2020/5/25,0,0,0,0,0,0.868496813
MT,2020/6/1,0,0,0,0,0,0.89683637
MT,2020/6/8,0,0,0,0,0,0.901835625
MT,2020/6/15,0,0,0,0,0,0.902934696
MT,2020/6/22,0,0,0,0,0,0.891165827
MT,2020/6/29,0,0,0,0,0,0.879690551
MT,2020/7/6,0.8821255,0.8821255,0.8821255,0.8821255,0.8821255,0.8821255
MT,2020/10/26,0.874016274,0.823318682,0.755721893,0.628977915,0.485334739,0
MT,2021/4/26,0.873851713,0.823154121,0.755557333,0.628813354,0.485170178,0
MT,2022/1/24,0.891340548,0.840642957,0.773046168,0.64630219,0.502659014,0
NC,2020/2/17,0,0,0,0,0,0.819020295
NC,2020/2/24,0,0,0,0,0,0.807642241
NC,2020/3/2,0,0,0,0,0,0.806947962
NC,2020/3/9,0,0,0,0,0,0.798489476
NC,2020/3/16,0,0,0,0,0,0.454027416
NC,2020/3/23,0,0,0,0,0,0.32487477
NC,2020/3/30,0,0,0,0,0,0.284763988
NC,2020/4/6,0,0,0,0,0,0.293590668
NC,2020/4/13,0,0,0,0,0,0.270351615
NC,2020/4/20,0,0,0,0,0,0.268880836
NC,2020/4/27,0,0,0,0,0,0.286706223
NC,2020/5/4,0,0,0,0,0,0.277111688
NC,2020/5/11,0,0,0,0,0,0.278025341
NC,2020/5/18,0,0,0,0,0,0.394797445
NC,2020/5/25,0,0,0,0,0,0.515129562
NC,2020/6/1,0,0,0,0,0,0.553690119
NC,2020/6/8,0,0,0,0,0,0.593115916
NC,2020/6/15,0,0,0,0,0,0.592088592
NC,2020/6/22,0,0,0,0,0,0.583343196
NC,2020/6/29,0,0,0,0,0,0.585333272
NC,2020/7/6,0.57880506,0.57880506,0.57880506,0.57880506,0.57880506,0.57880506
NC,2020/10/26,0.818602783,0.59891322,0.560890026,0.451045245,0.374998857,0
NC,2021/4/26,0.805010386,0.585320822,0.547297629,0.437452847,0.36140646,0
NC,2022/1/24,0.783427799,0.563738236,0.525715043,0.415870261,0.339823874,0
NE,2020/2/17,0,0,0,0,0,0.887136588
NE,2020/2/24,0,0,0,0,0,0.8904562
NE,2020/3/2,0,0,0,0,0,0.895728461
NE,2020/3/9,0,0,0,0,0,0.878631415
NE,2020/3/16,0,0,0,0,0,0.528072407
NE,2020/3/23,0,0,0,0,0,0.423082318
NE,2020/3/30,0,0,0,0,0,0.399458017
NE,2020/4/6,0,0,0,0,0,0.415870298
NE,2020/4/13,0,0,0,0,0,0.395141407
NE,2020/4/20,0,0,0,0,0,0.400238616
NE,2020/4/27,0,0,0,0,0,0.415465063
NE,2020/5/4,0,0,0,0,0,0.423741558
NE,2020/5/11,0,0,0,0,0,0.479101736
NE,2020/5/18,0,0,0,0,0,0.626135742
NE,2020/5/25,0,0,0,0,0,0.665988435
NE,2020/6/1,0,0,0,0,0,0.740492141
NE,2020/6/8,0,0,0,0,0,0.776341458
NE,2020/6/15,0,0,0,0,0,0.788897682
NE,2020/6/22,0,0,0,0,0,0.802940553
NE,2020/6/29,0,0,0,0,0,0.795952585
NE,2020/7/6,0.817043278,0.817043278,0.817043278,0.817043278,0.817043278,0.817043278
NE,2020/10/26,0.869636301,0.700644329,0.569675551,0.502078762,0.434481974,0
NE,2021/4/26,0.865878829,0.696886858,0.56591808,0.498321291,0.430724502,0
NE,2022/1/24,0.888872018,0.719880046,0.588911268,0.52131448,0.453717691,0
NH,2020/2/17,0,0,0,0,0,0.763699285
NH,2020/2/24,0,0,0,0,0,0.757831494
NH,2020/3/2,0,0,0,0,0,0.75092354
NH,2020/3/9,0,0,0,0,0,0.738365549
NH,2020/3/16,0,0,0,0,0,0.39812341
NH,2020/3/23,0,0,0,0,0,0.302889605
NH,2020/3/30,0,0,0,0,0,0.30220572
NH,2020/4/6,0,0,0,0,0,0.296304067
NH,2020/4/13,0,0,0,0,0,0.278214738
NH,2020/4/20,0,0,0,0,0,0.283839805
NH,2020/4/27,0,0,0,0,0,0.269812265
NH,2020/5/4,0,0,0,0,0,0.279158026
NH,2020/5/11,0,0,0,0,0,0.275880401
NH,2020/5/18,0,0,0,0,0,0.385366606
NH,2020/5/25,0,0,0,0,0,0.410020745
NH,2020/6/1,0,0,0,0,0,0.429297497
NH,2020/6/8,0,0,0,0,0,0.438715091
NH,2020/6/15,0,0,0,0,0,0.545033592
NH,2020/6/22,0,0,0,0,0,0.555938117
NH,2020/6/29,0,0,0,0,0,0.550687507
NH,2020/7/6,0.555661513,0.555661513,0.555661513,0.555661513,0.555661513,0.555661513
NH,2020/10/26,0.676895516,0.478329949,0.351585971,0.229066791,0.148795605,0
NH,2021/4/26,0.675771017,0.477205451,0.350461472,0.227942293,0.147671106,0
NH,2022/1/24,0.676469627,0.47790406,0.351160082,0.228640902,0.148369716,0
NJ,2020/2/17,0,0,0,0,0,0.744535005
NJ,2020/2/24,0,0,0,0,0,0.739019358
NJ,2020/3/2,0,0,0,0,0,0.745559401
NJ,2020/3/9,0,0,0,0,0,0.71003118
NJ,2020/3/16,0,0,0,0,0,0.322679555
NJ,2020/3/23,0,0,0,0,0,0.225269435
NJ,2020/3/30,0,0,0,0,0,0.222517409
NJ,2020/4/6,0,0,0,0,0,0.230343957
NJ,2020/4/13,0,0,0,0,0,0.209435137
NJ,2020/4/20,0,0,0,0,0,0.200722394
NJ,2020/4/27,0,0,0,0,0,0.204452367
NJ,2020/5/4,0,0,0,0,0,0.212316408
NJ,2020/5/11,0,0,0,0,0,0.197759409
NJ,2020/5/18,0,0,0,0,0,0.204144273
NJ,2020/5/25,0,0,0,0,0,0.216546432
NJ,2020/6/1,0,0,0,0,0,0.233109873
NJ,2020/6/8,0,0,0,0,0,0.236310938
NJ,2020/6/15,0,0,0,0,0,0.483990461
NJ,2020/6/22,0,0,0,0,0,0.506442898
NJ,2020/6/29,0,0,0,0,0,0.522916621
NJ,2020/7/6,0.495166138,0.495166138,0.495166138,0.495166138,0.495166138,0.495166138
NJ,2020/10/26,0.729890271,0.413030324,0.277836747,0.125743973,0.037023188,0
NJ,2021/4/26,0.707406752,0.390546805,0.255353228,0.103260453,0.014539668,0
NJ,2022/1/24,0.705055702,0.388195756,0.253002178,0.100909404,0.012188619,0
NM,2020/2/17,0,0,0,0,0,0.894882209
NM,2020/2/24,0,0,0,0,0,0.890865008
NM,2020/3/2,0,0,0,0,0,0.889165453
NM,2020/3/9,0,0,0,0,0,0.878065072
NM,2020/3/16,0,0,0,0,0,0.555156173
NM,2020/3/23,0,0,0,0,0,0.399978032
NM,2020/3/30,0,0,0,0,0,0.319193832
NM,2020/4/6,0,0,0,0,0,0.321955287
NM,2020/4/13,0,0,0,0,0,0.300503902
NM,2020/4/20,0,0,0,0,0,0.298036104
NM,2020/4/27,0,0,0,0,0,0.269102404
NM,2020/5/4,0,0,0,0,0,0.349312513
NM,2020/5/11,0,0,0,0,0,0.35565529
NM,2020/5/18,0,0,0,0,0,0.353059642
NM,2020/5/25,0,0,0,0,0,0.415234019
NM,2020/6/1,0,0,0,0,0,0.586691345
NM,2020/6/8,0,0,0,0,0,0.690781289
NM,2020/6/15,0,0,0,0,0,0.712948762
NM,2020/6/22,0,0,0,0,0,0.722807635
NM,2020/6/29,0,0,0,0,0,0.727236171
NM,2020/7/6,0.689811265,0.689811265,0.689811265,0.689811265,0.689811265,0.689811265
NM,2020/10/26,0.87379591,0.628757551,0.594959157,0.497788773,0.417517586,0
NM,2021/4/26,0.870753149,0.62571479,0.591916396,0.494746012,0.414474825,0
NM,2022/1/24,0.902655144,0.657616785,0.623818391,0.526648007,0.44637682,0
NV,2020/2/17,0,0,0,0,0,0.862614062
NV,2020/2/24,0,0,0,0,0,0.86564801
NV,2020/3/2,0,0,0,0,0,0.861010453
NV,2020/3/9,0,0,0,0,0,0.852062787
NV,2020/3/16,0,0,0,0,0,0.503331246
NV,2020/3/23,0,0,0,0,0,0.312727615
NV,2020/3/30,0,0,0,0,0,0.31511791
NV,2020/4/6,0,0,0,0,0,0.30255212
NV,2020/4/13,0,0,0,0,0,0.296201392
NV,2020/4/20,0,0,0,0,0,0.305022721
NV,2020/4/27,0,0,0,0,0,0.29545075
NV,2020/5/4,0,0,0,0,0,0.338700867
NV,2020/5/11,0,0,0,0,0,0.480893104
NV,2020/5/18,0,0,0,0,0,0.546647729
NV,2020/5/25,0,0,0,0,0,0.595009381
NV,2020/6/1,0,0,0,0,0,0.665634654
NV,2020/6/8,0,0,0,0,0,0.717253083
NV,2020/6/15,0,0,0,0,0,0.724467622
NV,2020/6/22,0,0,0,0,0,0.710863321
NV,2020/6/29,0,0,0,0,0,0.711173246
NV,2020/7/6,0.691600615,0.691600615,0.691600615,0.691600615,0.691600615,0.691600615
NV,2020/10/26,0.84507853,0.600040171,0.473296192,0.401474604,0.316978618,0
NV,2021/4/26,0.841993822,0.596955463,0.470211484,0.398389896,0.313893911,0
NV,2022/1/24,0.874590083,0.629551725,0.502807746,0.430986158,0.346490172,0
NY,2020/2/17,0,0,0,0,0,0.824899324
NY,2020/2/24,0,0,0,0,0,0.810421769
NY,2020/3/2,0,0,0,0,0,0.81075905
NY,2020/3/9,0,0,0,0,0,0.769552068
NY,2020/3/16,0,0,0,0,0,0.380071535
NY,2020/3/23,0,0,0,0,0,0.265507672
NY,2020/3/30,0,0,0,0,0,0.250624852
NY,2020/4/6,0,0,0,0,0,0.259874066
NY,2020/4/13,0,0,0,0,0,0.263563665
NY,2020/4/20,0,0,0,0,0,0.261515726
NY,2020/4/27,0,0,0,0,0,0.287072302
NY,2020/5/4,0,0,0,0,0,0.290750052
NY,2020/5/11,0,0,0,0,0,0.297257663
NY,2020/5/18,0,0,0,0,0,0.301942268
NY,2020/5/25,0,0,0,0,0,0.306746598
NY,2020/6/1,0,0,0,0,0,0.344662755
NY,2020/6/8,0,0,0,0,0,0.443429752
NY,2020/6/15,0,0,0,0,0,0.481073763
NY,2020/6/22,0,0,0,0,0,0.563490431
NY,2020/6/29,0,0,0,0,0,0.5755602
NY,2020/7/6,0.579904199,0.579904199,0.579904199,0.579904199,0.579904199,0.579904199
NY,2020/10/26,0.76670424,0.517441082,0.386472304,0.23437953,0.128759548,0
NY,2021/4/26,0.724734789,0.475471631,0.344502853,0.192410078,0.086790096,0
NY,2022/1/24,0.765734156,0.516470998,0.38550222,0.233409446,0.127789463,0
OH,2020/2/17,0,0,0,0,0,0.792601572
OH,2020/2/24,0,0,0,0,0,0.775850081
OH,2020/3/2,0,0,0,0,0,0.779893567
OH,2020/3/9,0,0,0,0,0,0.743193575
OH,2020/3/16,0,0,0,0,0,0.092865786
OH,2020/3/23,0,0,0,0,0,0.064001692
OH,2020/3/30,0,0,0,0,0,0.062354764
OH,2020/4/6,0,0,0,0,0,0.090119953
OH,2020/4/13,0,0,0,0,0,0.059276066
OH,2020/4/20,0,0,0,0,0,0.059302407
OH,2020/4/27,0,0,0,0,0,0.071940269
OH,2020/5/4,0,0,0,0,0,0.058368004
OH,2020/5/11,0,0,0,0,0,0.162752529
OH,2020/5/18,0,0,0,0,0,0.347000926
OH,2020/5/25,0,0,0,0,0,0.494000824
OH,2020/6/1,0,0,0,0,0,0.543176031
OH,2020/6/8,0,0,0,0,0,0.584815582
OH,2020/6/15,0,0,0,0,0,0.594051053
OH,2020/6/22,0,0,0,0,0,0.607824898
OH,2020/6/29,0,0,0,0,0,0.585139304
OH,2020/7/6,0.569542832,0.569542832,0.569542832,0.569542832,0.569542832,0.569542832
OH,2020/10/26,0.742130221,0.56891345,0.45061907,0.349223887,0.235154306,0
OH,2021/4/26,0.729571975,0.556355204,0.438060824,0.336665641,0.22259606,0
OH,2022/1/24,0.767461062,0.594244291,0.475949911,0.374554728,0.260485147,0
OK,2020/2/17,0,0,0,0,0,0.791669248
OK,2020/2/24,0,0,0,0,0,0.790819819
OK,2020/3/2,0,0,0,0,0,0.787025917
OK,2020/3/9,0,0,0,0,0,0.760966395
OK,2020/3/16,0,0,0,0,0,0.371211587
OK,2020/3/23,0,0,0,0,0,0.20491551
OK,2020/3/30,0,0,0,0,0,0.184378456
OK,2020/4/6,0,0,0,0,0,0.188458991
OK,2020/4/13,0,0,0,0,0,0.16779324
OK,2020/4/20,0,0,0,0,0,0.192287977
OK,2020/4/27,0,0,0,0,0,0.229552056
OK,2020/5/4,0,0,0,0,0,0.305023632
OK,2020/5/11,0,0,0,0,0,0.379242939
OK,2020/5/18,0,0,0,0,0,0.426877608
OK,2020/5/25,0,0,0,0,0,0.59347123
OK,2020/6/1,0,0,0,0,0,0.63429148
OK,2020/6/8,0,0,0,0,0,0.665748112
OK,2020/6/15,0,0,0,0,0,0.636378948
OK,2020/6/22,0,0,0,0,0,0.650509104
OK,2020/6/29,0,0,0,0,0,0.628754474
OK,2020/7/6,0.613323454,0.613323454,0.613323454,0.613323454,0.613323454,0.613323454
OK,2020/10/26,0.722482395,0.591513617,0.528141628,0.447870441,0.308452065,0
OK,2021/4/26,0.720147891,0.589179113,0.525807123,0.445535937,0.30611756,0
OK,2022/1/24,0.737636436,0.606667658,0.543295669,0.463024482,0.323606106,0
OR,2020/2/17,0,0,0,0,0,0.891842979
OR,2020/2/24,0,0,0,0,0,0.889791242
OR,2020/3/2,0,0,0,0,0,0.877976522
OR,2020/3/9,0,0,0,0,0,0.859261744
OR,2020/3/16,0,0,0,0,0,0.645452192
OR,2020/3/23,0,0,0,0,0,0.551228837
OR,2020/3/30,0,0,0,0,0,0.539811247
OR,2020/4/6,0,0,0,0,0,0.543341318
OR,2020/4/13,0,0,0,0,0,0.547544174
OR,2020/4/20,0,0,0,0,0,0.540589499
OR,2020/4/27,0,0,0,0,0,0.547080972
OR,2020/5/4,0,0,0,0,0,0.534762243
OR,2020/5/11,0,0,0,0,0,0.563078949
OR,2020/5/18,0,0,0,0,0,0.621680163
OR,2020/5/25,0,0,0,0,0,0.658985908
OR,2020/6/1,0,0,0,0,0,0.695393069
OR,2020/6/8,0,0,0,0,0,0.729104037
OR,2020/6/15,0,0,0,0,0,0.733869455
OR,2020/6/22,0,0,0,0,0,0.745654983
OR,2020/6/29,0,0,0,0,0,0.73541488
OR,2020/7/6,0.736912606,0.736912606,0.736912606,0.736912606,0.736912606,0.736912606
OR,2020/10/26,0.898625491,0.683160727,0.60288954,0.505719157,0.438122368,0
OR,2021/4/26,0.897231564,0.681766801,0.601495614,0.50432523,0.436728442,0
OR,2022/1/24,0.921592616,0.706127852,0.625856665,0.528686282,0.461089493,0
PA,2020/2/17,0,0,0,0,0,0.852536494
PA,2020/2/24,0,0,0,0,0,0.848158988
PA,2020/3/2,0,0,0,0,0,0.849288135
PA,2020/3/9,0,0,0,0,0,0.824170687
PA,2020/3/16,0,0,0,0,0,0.36085142
PA,2020/3/23,0,0,0,0,0,0.236455897
PA,2020/3/30,0,0,0,0,0,0.236311078
PA,2020/4/6,0,0,0,0,0,0.241619576
PA,2020/4/13,0,0,0,0,0,0.20292694
PA,2020/4/20,0,0,0,0,0,0.204091219
PA,2020/4/27,0,0,0,0,0,0.2286625
PA,2020/5/4,0,0,0,0,0,0.228615978
PA,2020/5/11,0,0,0,0,0,0.223405366
PA,2020/5/18,0,0,0,0,0,0.248223398
PA,2020/5/25,0,0,0,0,0,0.261086662
PA,2020/6/1,0,0,0,0,0,0.396298018
PA,2020/6/8,0,0,0,0,0,0.516810092
PA,2020/6/15,0,0,0,0,0,0.560599462
PA,2020/6/22,0,0,0,0,0,0.594147821
PA,2020/6/29,0,0,0,0,0,0.572702529
PA,2020/7/6,0.546936011,0.546936011,0.546936011,0.546936011,0.546936011,0.546936011
PA,2020/10/26,0.84045044,0.620760877,0.468668102,0.375722518,0.278552134,0
PA,2021/4/26,0.822744023,0.60305446,0.450961686,0.358016102,0.260845718,0
PA,2022/1/24,0.842596035,0.622906472,0.470813697,0.377868113,0.280697729,0
RI,2020/2/17,0,0,0,0,0,0.867216304
RI,2020/2/24,0,0,0,0,0,0.856881605
RI,2020/3/2,0,0,0,0,0,0.85492836
RI,2020/3/9,0,0,0,0,0,0.84602947
RI,2020/3/16,0,0,0,0,0,0.519450213
RI,2020/3/23,0,0,0,0,0,0.416377728
RI,2020/3/30,0,0,0,0,0,0.402846161
RI,2020/4/6,0,0,0,0,0,0.429185866
RI,2020/4/13,0,0,0,0,0,0.340461338
RI,2020/4/20,0,0,0,0,0,0.386706176
RI,2020/4/27,0,0,0,0,0,0.39398907
RI,2020/5/4,0,0,0,0,0,0.380837395
RI,2020/5/11,0,0,0,0,0,0.364807578
RI,2020/5/18,0,0,0,0,0,0.527184138
RI,2020/5/25,0,0,0,0,0,0.600655702
RI,2020/6/1,0,0,0,0,0,0.685061804
RI,2020/6/8,0,0,0,0,0,0.725398186
RI,2020/6/15,0,0,0,0,0,0.738550422
RI,2020/6/22,0,0,0,0,0,0.746346797
RI,2020/6/29,0,0,0,0,0,0.754355881
RI,2020/7/6,0.7573422,0.7573422,0.7573422,0.7573422,0.7573422,0.7573422
RI,2020/10/26,0.809387883,0.623496714,0.462954341,0.357334359,0.277063172,0
RI,2021/4/26,0.807551901,0.621660732,0.461118359,0.355498377,0.27522719,0
RI,2022/1/24,0.849539433,0.663648264,0.503105891,0.397485909,0.317214723,0
SC,2020/2/17,0,0,0,0,0,0.882464431
SC,2020/2/24,0,0,0,0,0,0.881968318
SC,2020/3/2,0,0,0,0,0,0.889010733
SC,2020/3/9,0,0,0,0,0,0.888396521
SC,2020/3/16,0,0,0,0,0,0.571397014
SC,2020/3/23,0,0,0,0,0,0.341073108
SC,2020/3/30,0,0,0,0,0,0.316314433
SC,2020/4/6,0,0,0,0,0,0.315217944
SC,2020/4/13,0,0,0,0,0,0.306111751
SC,2020/4/20,0,0,0,0,0,0.308822032
SC,2020/4/27,0,0,0,0,0,0.319943701
SC,2020/5/4,0,0,0,0,0,0.591033538
SC,2020/5/11,0,0,0,0,0,0.727492682
SC,2020/5/18,0,0,0,0,0,0.770417383
SC,2020/5/25,0,0,0,0,0,0.798143982
SC,2020/6/1,0,0,0,0,0,0.829925009
SC,2020/6/8,0,0,0,0,0,0.833338089
SC,2020/6/15,0,0,0,0,0,0.817234134
SC,2020/6/22,0,0,0,0,0,0.806190427
SC,2020/6/29,0,0,0,0,0,0.788019815
SC,2020/7/6,0.779823156,0.779823156,0.779823156,0.779823156,0.779823156,0.779823156
SC,2020/10/26,0.892771792,0.689981426,0.647733433,0.554787849,0.474516662,0
SC,2021/4/26,0.888652933,0.685862567,0.643614574,0.55066899,0.470397803,0
SC,2022/1/24,0.887684106,0.68489374,0.642645747,0.549700163,0.469428976,0
TN,2020/2/17,0,0,0,0,0,0.900161934
TN,2020/2/24,0,0,0,0,0,0.900977579
TN,2020/3/2,0,0,0,0,0,0.894004544
TN,2020/3/9,0,0,0,0,0,0.88035614
TN,2020/3/16,0,0,0,0,0,0.625788169
TN,2020/3/23,0,0,0,0,0,0.35908119
TN,2020/3/30,0,0,0,0,0,0.334852107
TN,2020/4/6,0,0,0,0,0,0.32602364
TN,2020/4/13,0,0,0,0,0,0.297475898
TN,2020/4/20,0,0,0,0,0,0.303122362
TN,2020/4/27,0,0,0,0,0,0.440387005
TN,2020/5/4,0,0,0,0,0,0.502754912
TN,2020/5/11,0,0,0,0,0,0.57136871
TN,2020/5/18,0,0,0,0,0,0.630312139
TN,2020/5/25,0,0,0,0,0,0.676206744
TN,2020/6/1,0,0,0,0,0,0.719084699
TN,2020/6/8,0,0,0,0,0,0.743151806
TN,2020/6/15,0,0,0,0,0,0.750054324
TN,2020/6/22,0,0,0,0,0,0.753892272
TN,2020/6/29,0,0,0,0,0,0.736728358
TN,2020/7/6,0.73371818,0.73371818,0.73371818,0.73371818,0.73371818,0.73371818
TN,2020/10/26,0.868657797,0.708115423,0.640518635,0.572921846,0.471526663,0
TN,2021/4/26,0.860032876,0.699490503,0.631893714,0.564296925,0.462901742,0
TN,2022/1/24,0.886780804,0.726238431,0.658641643,0.591044854,0.489649671,0
TX,2020/2/17,0,0,0,0,0,0.868255205
TX,2020/2/24,0,0,0,0,0,0.869914237
TX,2020/3/2,0,0,0,0,0,0.867827523
TX,2020/3/9,0,0,0,0,0,0.858515958
TX,2020/3/16,0,0,0,0,0,0.545153336
TX,2020/3/23,0,0,0,0,0,0.397202205
TX,2020/3/30,0,0,0,0,0,0.392533502
TX,2020/4/6,0,0,0,0,0,0.393030898
TX,2020/4/13,0,0,0,0,0,0.381616785
TX,2020/4/20,0,0,0,0,0,0.381016616
TX,2020/4/27,0,0,0,0,0,0.446536563
TX,2020/5/4,0,0,0,0,0,0.501461016
TX,2020/5/11,0,0,0,0,0,0.549403966
TX,2020/5/18,0,0,0,0,0,0.620569773
TX,2020/5/25,0,0,0,0,0,0.660235002
TX,2020/6/1,0,0,0,0,0,0.694043512
TX,2020/6/8,0,0,0,0,0,0.710256499
TX,2020/6/15,0,0,0,0,0,0.685175188
TX,2020/6/22,0,0,0,0,0,0.647275381
TX,2020/6/29,0,0,0,0,0,0.628883655
TX,2020/7/6,0.632022988,0.632022988,0.632022988,0.632022988,0.632022988,0.632022988
TX,2020/10/26,0.87612064,0.609958285,0.533911898,0.453640711,0.34379593,0
TX,2021/4/26,0.849911917,0.583749562,0.507703175,0.427431988,0.317587206,0
TX,2022/1/24,0.87446894,0.608306585,0.532260197,0.451989011,0.342144229,0
UT,2020/2/17,0,0,0,0,0,0.847750338
UT,2020/2/24,0,0,0,0,0,0.83552245
UT,2020/3/2,0,0,0,0,0,0.843276689
UT,2020/3/9,0,0,0,0,0,0.832279368
UT,2020/3/16,0,0,0,0,0,0.587164585
UT,2020/3/23,0,0,0,0,0,0.390472916
UT,2020/3/30,0,0,0,0,0,0.356783087
UT,2020/4/6,0,0,0,0,0,0.347221108
UT,2020/4/13,0,0,0,0,0,0.328348093
UT,2020/4/20,0,0,0,0,0,0.326518166
UT,2020/4/27,0,0,0,0,0,0.33970153
UT,2020/5/4,0,0,0,0,0,0.367428052
UT,2020/5/11,0,0,0,0,0,0.431798516
UT,2020/5/18,0,0,0,0,0,0.498187481
UT,2020/5/25,0,0,0,0,0,0.549290612
UT,2020/6/1,0,0,0,0,0,0.601702323
UT,2020/6/8,0,0,0,0,0,0.641939941
UT,2020/6/15,0,0,0,0,0,0.658501897
UT,2020/6/22,0,0,0,0,0,0.658450999
UT,2020/6/29,0,0,0,0,0,0.661537841
UT,2020/7/6,0.659569385,0.659569385,0.659569385,0.659569385,0.659569385,0.659569385
UT,2020/10/26,0.819295965,0.629179997,0.557358409,0.481312021,0.350343243,0
UT,2021/4/26,0.815699828,0.62558386,0.553762272,0.477715885,0.346747107,0
UT,2022/1/24,0.852240476,0.662124508,0.59030292,0.514256533,0.383287755,0
VA,2020/2/17,0,0,0,0,0,0.884000157
VA,2020/2/24,0,0,0,0,0,0.876746814
VA,2020/3/2,0,0,0,0,0,0.878873185
VA,2020/3/9,0,0,0,0,0,0.865531362
VA,2020/3/16,0,0,0,0,0,0.522818811
VA,2020/3/23,0,0,0,0,0,0.3068533
VA,2020/3/30,0,0,0,0,0,0.271005457
VA,2020/4/6,0,0,0,0,0,0.2590328
VA,2020/4/13,0,0,0,0,0,0.243460862
VA,2020/4/20,0,0,0,0,0,0.253076478
VA,2020/4/27,0,0,0,0,0,0.248090314
VA,2020/5/4,0,0,0,0,0,0.23464563
VA,2020/5/11,0,0,0,0,0,0.308718505
VA,2020/5/18,0,0,0,0,0,0.367850231
VA,2020/5/25,0,0,0,0,0,0.467390764
VA,2020/6/1,0,0,0,0,0,0.58068452
VA,2020/6/8,0,0,0,0,0,0.667052373
VA,2020/6/15,0,0,0,0,0,0.668088466
VA,2020/6/22,0,0,0,0,0,0.697672824
VA,2020/6/29,0,0,0,0,0,0.709924446
VA,2020/7/6,0.708056173,0.708056173,0.708056173,0.708056173,0.708056173,0.708056173
VA,2020/10/26,0.854973425,0.609935067,0.542338278,0.424043898,0.347997511,0
VA,2021/4/26,0.841360055,0.596321696,0.528724907,0.410430527,0.33438414,0
VA,2022/1/24,0.859121083,0.614082724,0.546485936,0.428191556,0.352145168,0
VT,2020/2/17,0,0,0,0,0,0.916833736
VT,2020/2/24,0,0,0,0,0,0.911191273
VT,2020/3/2,0,0,0,0,0,0.913462632
VT,2020/3/9,0,0,0,0,0,0.895792464
VT,2020/3/16,0,0,0,0,0,0.632309283
VT,2020/3/23,0,0,0,0,0,0.513134138
VT,2020/3/30,0,0,0,0,0,0.396333596
VT,2020/4/6,0,0,0,0,0,0.393602381
VT,2020/4/13,0,0,0,0,0,0.284787452
VT,2020/4/20,0,0,0,0,0,0.303567082
VT,2020/4/27,0,0,0,0,0,0.315620627
VT,2020/5/4,0,0,0,0,0,0.307884422
VT,2020/5/11,0,0,0,0,0,0.31776864
VT,2020/5/18,0,0,0,0,0,0.389329741
VT,2020/5/25,0,0,0,0,0,0.402510117
VT,2020/6/1,0,0,0,0,0,0.440873544
VT,2020/6/8,0,0,0,0,0,0.519477192
VT,2020/6/15,0,0,0,0,0,0.567150932
VT,2020/6/22,0,0,0,0,0,0.62086828
VT,2020/6/29,0,0,0,0,0,0.67979451
VT,2020/7/6,0.671719989,0.671719989,0.671719989,0.671719989,0.671719989,0.671719989
VT,2020/10/26,0.792479,0.602363032,0.505192648,0.357324673,0.251704691,0
VT,2021/4/26,0.792328959,0.602212991,0.505042608,0.357174633,0.25155465,0
VT,2022/1/24,0.849729744,0.659613776,0.562443393,0.414575418,0.308955435,0
WA,2020/2/17,0,0,0,0,0,0.904437319
WA,2020/2/24,0,0,0,0,0,0.894949915
WA,2020/3/2,0,0,0,0,0,0.894042223
WA,2020/3/9,0,0,0,0,0,0.874977871
WA,2020/3/16,0,0,0,0,0,0.437206416
WA,2020/3/23,0,0,0,0,0,0.303201394
WA,2020/3/30,0,0,0,0,0,0.28600378
WA,2020/4/6,0,0,0,0,0,0.306038721
WA,2020/4/13,0,0,0,0,0,0.295041917
WA,2020/4/20,0,0,0,0,0,0.301634473
WA,2020/4/27,0,0,0,0,0,0.300435929
WA,2020/5/4,0,0,0,0,0,0.284787231
WA,2020/5/11,0,0,0,0,0,0.288558252
WA,2020/5/18,0,0,0,0,0,0.294788047
WA,2020/5/25,0,0,0,0,0,0.329411023
WA,2020/6/1,0,0,0,0,0,0.44866656
WA,2020/6/8,0,0,0,0,0,0.568848211
WA,2020/6/15,0,0,0,0,0,0.60120642
WA,2020/6/22,0,0,0,0,0,0.625959084
WA,2020/6/29,0,0,0,0,0,0.621859915
WA,2020/7/6,0.625343738,0.625343738,0.625343738,0.625343738,0.625343738,0.625343738
WA,2020/10/26,0.893755976,0.661392015,0.568446431,0.458601649,0.369880864,0
WA,2021/4/26,0.887284865,0.654920904,0.56197532,0.452130539,0.363409753,0
WA,2022/1/24,0.90740869,0.675044729,0.582099144,0.472254363,0.383533578,0
WI,2020/2/17,0,0,0,0,0,0.915263983
WI,2020/2/24,0,0,0,0,0,0.910502244
WI,2020/3/2,0,0,0,0,0,0.911814602
WI,2020/3/9,0,0,0,0,0,0.894856945
WI,2020/3/16,0,0,0,0,0,0.470476881
WI,2020/3/23,0,0,0,0,0,0.348665213
WI,2020/3/30,0,0,0,0,0,0.345426501
WI,2020/4/6,0,0,0,0,0,0.346050442
WI,2020/4/13,0,0,0,0,0,0.346916815
WI,2020/4/20,0,0,0,0,0,0.331034999
WI,2020/4/27,0,0,0,0,0,0.328842263
WI,2020/5/4,0,0,0,0,0,0.315626221
WI,2020/5/11,0,0,0,0,0,0.432991594
WI,2020/5/18,0,0,0,0,0,0.62304745
WI,2020/5/25,0,0,0,0,0,0.700960036
WI,2020/6/1,0,0,0,0,0,0.736733342
WI,2020/6/8,0,0,0,0,0,0.769161576
WI,2020/6/15,0,0,0,0,0,0.79266465
WI,2020/6/22,0,0,0,0,0,0.782038134
WI,2020/6/29,0,0,0,0,0,0.789662343
WI,2020/7/6,0.786908281,0.786908281,0.786908281,0.786908281,0.786908281,0.786908281
WI,2020/10/26,0.8932923,0.694726734,0.576432354,0.470812371,0.369417188,0
WI,2021/4/26,0.886329121,0.687763554,0.569469174,0.463849192,0.362454009,0
WI,2022/1/24,0.930915145,0.732349579,0.614055199,0.508435216,0.407040033,0
WV,2020/2/17,0,0,0,0,0,0.689505248
WV,2020/2/24,0,0,0,0,0,0.661559293
WV,2020/3/2,0,0,0,0,0,0.673534208
WV,2020/3/9,0,0,0,0,0,0.654877176
WV,2020/3/16,0,0,0,0,0,0.35860378
WV,2020/3/23,0,0,0,0,0,0.169807925
WV,2020/3/30,0,0,0,0,0,0.185837439
WV,2020/4/6,0,0,0,0,0,0.197888648
WV,2020/4/13,0,0,0,0,0,0.220595981
WV,2020/4/20,0,0,0,0,0,0.178077384
WV,2020/4/27,0,0,0,0,0,0.164368085
WV,2020/5/4,0,0,0,0,0,0.192212594
WV,2020/5/11,0,0,0,0,0,0.196040229
WV,2020/5/18,0,0,0,0,0,0.281073685
WV,2020/5/25,0,0,0,0,0,0.403822096
WV,2020/6/1,0,0,0,0,0,0.476393731
WV,2020/6/8,0,0,0,0,0,0.517731854
WV,2020/6/15,0,0,0,0,0,0.530154818
WV,2020/6/22,0,0,0,0,0,0.537456392
WV,2020/6/29,0,0,0,0,0,0.510562551
WV,2020/7/6,0.518792265,0.518792265,0.518792265,0.518792265,0.518792265,0.518792265
WV,2020/10/26,0.53925668,0.4167375,0.336466314,0.235071131,0.154799944,0
WV,2021/4/26,0.538524223,0.416005044,0.335733857,0.234338674,0.154067488,0
WV,2022/1/24,0.567455973,0.444936793,0.364665607,0.263270424,0.182999237,0