State,Date,pred.1,pred.2,pred.3,pred.4,pred.5,Amount_2020_weekly
AL,2020/2/17,0,0,0,0,0,143866.4357
AL,2020/2/24,0,0,0,0,0,150859.5071
AL,2020/3/2,0,0,0,0,0,140516.7229
AL,2020/3/9,0,0,0,0,0,134223.1643
AL,2020/3/16,0,0,0,0,0,58614.31429
AL,2020/3/23,0,0,0,0,0,36528.64429
AL,2020/3/30,0,0,0,0,0,36688.81714
AL,2020/4/6,0,0,0,0,0,36854.99143
AL,2020/4/13,0,0,0,0,0,48106.98143
AL,2020/4/20,0,0,0,0,0,46337.35143
AL,2020/4/27,0,0,0,0,0,49030.82857
AL,2020/5/4,0,0,0,0,0,52659.46143
AL,2020/5/11,0,0,0,0,0,80249.59571
AL,2020/5/18,0,0,0,0,0,86271.74571
AL,2020/5/25,0,0,0,0,0,95478.91571
AL,2020/6/1,0,0,0,0,0,95709.56857
AL,2020/6/8,0,0,0,0,0,102544.1971
AL,2020/6/15,0,0,0,0,0,106647.6429
AL,2020/6/22,0,0,0,0,0,103521.3729
AL,2020/6/29,0,0,0,0,0,82403.55857
AL,2020/7/6,87598.71143,87598.71143,87598.71143,87598.71143,87598.71143,87598.71143
AL,2020/10/26,215295.5409,117571.3692,105206.945,82187.59332,61870.32463,0
AL,2021/4/26,222495.7166,121503.3342,108725.4039,84936.21095,63939.46741,0
AL,2022/1/24,133571.4081,72942.39943,65271.39269,50989.96721,38384.93983,0
AR,2020/2/17,0,0,0,0,0,122887.6971
AR,2020/2/24,0,0,0,0,0,126763.2343
AR,2020/3/2,0,0,0,0,0,119846.6971
AR,2020/3/9,0,0,0,0,0,106884.71
AR,2020/3/16,0,0,0,0,0,55576.55143
AR,2020/3/23,0,0,0,0,0,45198.2
AR,2020/3/30,0,0,0,0,0,45402.11571
AR,2020/4/6,0,0,0,0,0,44591.24571
AR,2020/4/13,0,0,0,0,0,54283.23571
AR,2020/4/20,0,0,0,0,0,53704.80714
AR,2020/4/27,0,0,0,0,0,55584.42571
AR,2020/5/4,0,0,0,0,0,61656.90429
AR,2020/5/11,0,0,0,0,0,70585.03857
AR,2020/5/18,0,0,0,0,0,77158.36857
AR,2020/5/25,0,0,0,0,0,86977.92143
AR,2020/6/1,0,0,0,0,0,89891.30571
AR,2020/6/8,0,0,0,0,0,95646.57143
AR,2020/6/15,0,0,0,0,0,101535.1329
AR,2020/6/22,0,0,0,0,0,101756.3943
AR,2020/6/29,0,0,0,0,0,90923.50429
AR,2020/7/6,102177.1429,102177.1429,102177.1429,102177.1429,102177.1429,102177.1429
AR,2020/10/26,134276.3498,89342.18818,81945.14608,66431.00293,52540.54459,0
AR,2021/4/26,139799.5659,93017.11837,85315.81225,69163.52273,54701.70537,0
AR,2022/1/24,103913.6685,69140.05731,63415.6406,51409.56858,40660.03237,0
AZ,2020/2/17,0,0,0,0,0,498831.23
AZ,2020/2/24,0,0,0,0,0,509196.7943
AZ,2020/3/2,0,0,0,0,0,498445.8657
AZ,2020/3/9,0,0,0,0,0,427258.0214
AZ,2020/3/16,0,0,0,0,0,167884.6314
AZ,2020/3/23,0,0,0,0,0,132587.4057
AZ,2020/3/30,0,0,0,0,0,128740.68
AZ,2020/4/6,0,0,0,0,0,132226.5829
AZ,2020/4/13,0,0,0,0,0,152106.3057
AZ,2020/4/20,0,0,0,0,0,155576.0957
AZ,2020/4/27,0,0,0,0,0,157202.09
AZ,2020/5/4,0,0,0,0,0,171499.2243
AZ,2020/5/11,0,0,0,0,0,245492.0371
AZ,2020/5/18,0,0,0,0,0,286580.6871
AZ,2020/5/25,0,0,0,0,0,306190.5529
AZ,2020/6/1,0,0,0,0,0,299122.5129
AZ,2020/6/8,0,0,0,0,0,341618.6271
AZ,2020/6/15,0,0,0,0,0,323840.5057
AZ,2020/6/22,0,0,0,0,0,281829.6771
AZ,2020/6/29,0,0,0,0,0,224391.3071
AZ,2020/7/6,239291.8043,239291.8043,239291.8043,239291.8043,239291.8043,239291.8043
AZ,2020/10/26,644473.8863,311066.1774,261689.3748,225654.0859,187505.7507,0
AZ,2021/4/26,664315.1014,320642.8741,269745.9235,232601.2274,193278.4314,0
AZ,2022/1/24,528734.4228,255202.5757,214693.2304,185129.4295,153832.0589,0
CA,2020/2/17,0,0,0,0,0,6843279.82
CA,2020/2/24,0,0,0,0,0,6910524.169
CA,2020/3/2,0,0,0,0,0,6649351.977
CA,2020/3/9,0,0,0,0,0,5143070.119
CA,2020/3/16,0,0,0,0,0,2062296.826
CA,2020/3/23,0,0,0,0,0,1938424.094
CA,2020/3/30,0,0,0,0,0,1988363.056
CA,2020/4/6,0,0,0,0,0,1918451.799
CA,2020/4/13,0,0,0,0,0,2276636.399
CA,2020/4/20,0,0,0,0,0,2448066.966
CA,2020/4/27,0,0,0,0,0,2632727.629
CA,2020/5/4,0,0,0,0,0,2998912.874
CA,2020/5/11,0,0,0,0,0,2875772.293
CA,2020/5/18,0,0,0,0,0,3149947.78
CA,2020/5/25,0,0,0,0,0,3409295.901
CA,2020/6/1,0,0,0,0,0,3569908.687
CA,2020/6/8,0,0,0,0,0,4194475.143
CA,2020/6/15,0,0,0,0,0,4441318.054
CA,2020/6/22,0,0,0,0,0,4320574.944
CA,2020/6/29,0,0,0,0,0,3843317.396
CA,2020/7/6,4166612.057,4166612.057,4166612.057,4166612.057,4166612.057,4166612.057
CA,2020/10/26,9260310.999,3760160.106,2727700.899,2294721.814,1727452.744,0
CA,2021/4/26,8877127.612,3604568.043,2614831.075,2199768.278,1655972.294,0
CA,2022/1/24,6433329.926,2612261.137,1894990.333,1594190.792,1200097.214,0
CO,2020/2/17,0,0,0,0,0,1085261.41
CO,2020/2/24,0,0,0,0,0,1115735.177
CO,2020/3/2,0,0,0,0,0,1122011.35
CO,2020/3/9,0,0,0,0,0,894767.9586
CO,2020/3/16,0,0,0,0,0,314589.2157
CO,2020/3/23,0,0,0,0,0,304582.6271
CO,2020/3/30,0,0,0,0,0,314796.0157
CO,2020/4/6,0,0,0,0,0,310817.1814
CO,2020/4/13,0,0,0,0,0,352908.4471
CO,2020/4/20,0,0,0,0,0,383099.8957
CO,2020/4/27,0,0,0,0,0,411293.9543
CO,2020/5/4,0,0,0,0,0,448411.8271
CO,2020/5/11,0,0,0,0,0,447238.9271
CO,2020/5/18,0,0,0,0,0,476635.8814
CO,2020/5/25,0,0,0,0,0,550485.4243
CO,2020/6/1,0,0,0,0,0,636659.3114
CO,2020/6/8,0,0,0,0,0,715176.05
CO,2020/6/15,0,0,0,0,0,765521.5271
CO,2020/6/22,0,0,0,0,0,779433.12
CO,2020/6/29,0,0,0,0,0,754286.6171
CO,2020/7/6,804681.4343,804681.4343,804681.4343,804681.4343,804681.4343,804681.4343
CO,2020/10/26,1258483.727,731010.6122,504738.5339,399199.7151,268911.3842,0
CO,2021/4/26,1300954.356,755680.3636,521772.1773,412671.6915,277986.4603,0
CO,2022/1/24,1030240.785,598432.0108,413197.4156,326799.4804,220140.6897,0
CT,2020/2/17,0,0,0,0,0,931903.4614
CT,2020/2/24,0,0,0,0,0,922927.4786
CT,2020/3/2,0,0,0,0,0,912609.0414
CT,2020/3/9,0,0,0,0,0,711163.1643
CT,2020/3/16,0,0,0,0,0,299067.77
CT,2020/3/23,0,0,0,0,0,275480.2457
CT,2020/3/30,0,0,0,0,0,294970.0814
CT,2020/4/6,0,0,0,0,0,322685.73
CT,2020/4/13,0,0,0,0,0,339127.0343
CT,2020/4/20,0,0,0,0,0,351773.0114
CT,2020/4/27,0,0,0,0,0,381254.0771
CT,2020/5/4,0,0,0,0,0,426086.1171
CT,2020/5/11,0,0,0,0,0,398106.4271
CT,2020/5/18,0,0,0,0,0,469713.0114
CT,2020/5/25,0,0,0,0,0,549367.65
CT,2020/6/1,0,0,0,0,0,603886.0714
CT,2020/6/8,0,0,0,0,0,666000.6614
CT,2020/6/15,0,0,0,0,0,753758.0643
CT,2020/6/22,0,0,0,0,0,713563.6243
CT,2020/6/29,0,0,0,0,0,632680.1657
CT,2020/7/6,707767.0829,707767.0829,707767.0829,707767.0829,707767.0829,707767.0829
CT,2020/10/26,1334707.222,652221.9121,455931.998,326684.5343,255205.7342,0
CT,2021/4/26,1384305.449,676458.7262,472874.6044,338824.2558,264689.2763,0
CT,2022/1/24,944232.139,461411.2227,322546.8767,231111.3865,180544.0567,0
DC,2020/2/17,0,0,0,0,0,578243.9243
DC,2020/2/24,0,0,0,0,0,605369.6614
DC,2020/3/2,0,0,0,0,0,604678.2386
DC,2020/3/9,0,0,0,0,0,441631.7214
DC,2020/3/16,0,0,0,0,0,149627.7486
DC,2020/3/23,0,0,0,0,0,141489.7643
DC,2020/3/30,0,0,0,0,0,144474.0457
DC,2020/4/6,0,0,0,0,0,150032.0171
DC,2020/4/13,0,0,0,0,0,153171.2429
DC,2020/4/20,0,0,0,0,0,155881.41
DC,2020/4/27,0,0,0,0,0,157071.77
DC,2020/5/4,0,0,0,0,0,184605.0229
DC,2020/5/11,0,0,0,0,0,184156.1057
DC,2020/5/18,0,0,0,0,0,179797.9557
DC,2020/5/25,0,0,0,0,0,196335.9229
DC,2020/6/1,0,0,0,0,0,187784.0914
DC,2020/6/8,0,0,0,0,0,227126.3757
DC,2020/6/15,0,0,0,0,0,235849.1186
DC,2020/6/22,0,0,0,0,0,246550.93
DC,2020/6/29,0,0,0,0,0,226910.1071
DC,2020/7/6,247072.9671,247072.9671,247072.9671,247072.9671,247072.9671,247072.9671
DC,2020/10/26,914279.8266,276041.3397,212997.2874,150744.2194,125259.8991,0
DC,2021/4/26,955778.5855,288570.7346,222665.1405,157586.4332,130945.3908,0
DC,2022/1/24,619417.9275,187015.9983,144304.1118,102128.1114,84862.66984,0
DE,2020/2/17,0,0,0,0,0,109179.1014
DE,2020/2/24,0,0,0,0,0,108523.0586
DE,2020/3/2,0,0,0,0,0,109106.2414
DE,2020/3/9,0,0,0,0,0,93187.41714
DE,2020/3/16,0,0,0,0,0,43240.46286
DE,2020/3/23,0,0,0,0,0,39184.02571
DE,2020/3/30,0,0,0,0,0,42596.83857
DE,2020/4/6,0,0,0,0,0,43717.08286
DE,2020/4/13,0,0,0,0,0,51550.90857
DE,2020/4/20,0,0,0,0,0,52681.27
DE,2020/4/27,0,0,0,0,0,53784.17286
DE,2020/5/4,0,0,0,0,0,66232.79857
DE,2020/5/11,0,0,0,0,0,52070.22429
DE,2020/5/18,0,0,0,0,0,52712.20714
DE,2020/5/25,0,0,0,0,0,52906.69571
DE,2020/6/1,0,0,0,0,0,72212.33429
DE,2020/6/8,0,0,0,0,0,79378.8
DE,2020/6/15,0,0,0,0,0,90762.41
DE,2020/6/22,0,0,0,0,0,81391.07571
DE,2020/6/29,0,0,0,0,0,71927.60857
DE,2020/7/6,84221.03,84221.03,84221.03,84221.03,84221.03,84221.03
DE,2020/10/26,191306.5876,92337.34708,72133.87223,49806.04153,40376.58665,0
DE,2021/4/26,199844.1627,96458.15151,75353.04182,52028.77115,42178.50128,0
DE,2022/1/24,129541.184,62525.23461,48844.6704,33725.62165,27340.56839,0
FL,2020/2/17,0,0,0,0,0,4039342.486
FL,2020/2/24,0,0,0,0,0,3989205.766
FL,2020/3/2,0,0,0,0,0,3887033.191
FL,2020/3/9,0,0,0,0,0,3444908.034
FL,2020/3/16,0,0,0,0,0,1311196.477
FL,2020/3/23,0,0,0,0,0,865489.3771
FL,2020/3/30,0,0,0,0,0,835800.78
FL,2020/4/6,0,0,0,0,0,851943.55
FL,2020/4/13,0,0,0,0,0,1016939.896
FL,2020/4/20,0,0,0,0,0,1070044.651
FL,2020/4/27,0,0,0,0,0,1144463.453
FL,2020/5/4,0,0,0,0,0,1590618.613
FL,2020/5/11,0,0,0,0,0,1630456.393
FL,2020/5/18,0,0,0,0,0,1855975.83
FL,2020/5/25,0,0,0,0,0,2057274.701
FL,2020/6/1,0,0,0,0,0,2085748.273
FL,2020/6/8,0,0,0,0,0,2431133.759
FL,2020/6/15,0,0,0,0,0,2528460.37
FL,2020/6/22,0,0,0,0,0,2215485.366
FL,2020/6/29,0,0,0,0,0,1954848.746
FL,2020/7/6,2004336.559,2004336.559,2004336.559,2004336.559,2004336.559,2004336.559
FL,2020/10/26,4730542.568,2227586.657,1897272.94,1359434.586,1061989.366,0
FL,2021/4/26,4733881.704,2229159.038,1898612.163,1360394.166,1062738.99,0
FL,2022/1/24,3960970.493,1865199.37,1588621.606,1138279.638,889223.2725,0
GA,2020/2/17,0,0,0,0,0,385491.14
GA,2020/2/24,0,0,0,0,0,396215.4057
GA,2020/3/2,0,0,0,0,0,394643.0629
GA,2020/3/9,0,0,0,0,0,379313.1014
GA,2020/3/16,0,0,0,0,0,180398.3671
GA,2020/3/23,0,0,0,0,0,119402.7
GA,2020/3/30,0,0,0,0,0,109979.3871
GA,2020/4/6,0,0,0,0,0,118759.0786
GA,2020/4/13,0,0,0,0,0,140554.3971
GA,2020/4/20,0,0,0,0,0,150177.4729
GA,2020/4/27,0,0,0,0,0,183709.0114
GA,2020/5/4,0,0,0,0,0,207700.9929
GA,2020/5/11,0,0,0,0,0,231896.0971
GA,2020/5/18,0,0,0,0,0,278870.1814
GA,2020/5/25,0,0,0,0,0,283451.1643
GA,2020/6/1,0,0,0,0,0,303750.2971
GA,2020/6/8,0,0,0,0,0,348468.1543
GA,2020/6/15,0,0,0,0,0,369398.6286
GA,2020/6/22,0,0,0,0,0,354103.4057
GA,2020/6/29,0,0,0,0,0,341720.1
GA,2020/7/6,338961.3143,338961.3143,338961.3143,338961.3143,338961.3143,338961.3143
GA,2020/10/26,542712.7382,271833.6426,231525.2754,180867.3864,132835.0183,0
GA,2021/4/26,549548.7713,275257.6709,234441.5778,183145.5998,134508.2139,0
GA,2022/1/24,365186.8044,182914.5555,155791.3967,121704.1323,89383.55859,0
IA,2020/2/17,0,0,0,0,0,153023.4257
IA,2020/2/24,0,0,0,0,0,152717.9114
IA,2020/3/2,0,0,0,0,0,154400.6729
IA,2020/3/9,0,0,0,0,0,134680.5914
IA,2020/3/16,0,0,0,0,0,48963.16857
IA,2020/3/23,0,0,0,0,0,51109.10429
IA,2020/3/30,0,0,0,0,0,50424.61857
IA,2020/4/6,0,0,0,0,0,52455.96571
IA,2020/4/13,0,0,0,0,0,58271.87286
IA,2020/4/20,0,0,0,0,0,59852.30143
IA,2020/4/27,0,0,0,0,0,68145.72571
IA,2020/5/4,0,0,0,0,0,78334.42286
IA,2020/5/11,0,0,0,0,0,77369.79429
IA,2020/5/18,0,0,0,0,0,88168.56714
IA,2020/5/25,0,0,0,0,0,93597.78714
IA,2020/6/1,0,0,0,0,0,98125.15857
IA,2020/6/8,0,0,0,0,0,114571.2286
IA,2020/6/15,0,0,0,0,0,127783.8971
IA,2020/6/22,0,0,0,0,0,115858.6171
IA,2020/6/29,0,0,0,0,0,98439.92286
IA,2020/7/6,120808.4643,120808.4643,120808.4643,120808.4643,120808.4643,120808.4643
IA,2020/10/26,197320.913,121915.4457,86283.01759,66577.16093,53972.53876,0
IA,2021/4/26,203704.4044,125859.5091,89074.34312,68730.98603,55718.59412,0
IA,2022/1/24,150942.9031,93260.62311,66003.18721,50928.96539,41286.91462,0
ID,2020/2/17,0,0,0,0,0,110607.7157
ID,2020/2/24,0,0,0,0,0,111348.0871
ID,2020/3/2,0,0,0,0,0,107275.56
ID,2020/3/9,0,0,0,0,0,98529.17
ID,2020/3/16,0,0,0,0,0,70646.04857
ID,2020/3/23,0,0,0,0,0,58167.34286
ID,2020/3/30,0,0,0,0,0,55317.43714
ID,2020/4/6,0,0,0,0,0,64014.50143
ID,2020/4/13,0,0,0,0,0,72447.84429
ID,2020/4/20,0,0,0,0,0,77652.08286
ID,2020/4/27,0,0,0,0,0,83659.45143
ID,2020/5/4,0,0,0,0,0,91623.58571
ID,2020/5/11,0,0,0,0,0,92067.75143
ID,2020/5/18,0,0,0,0,0,103819.0043
ID,2020/5/25,0,0,0,0,0,112834.1814
ID,2020/6/1,0,0,0,0,0,115617.4771
ID,2020/6/8,0,0,0,0,0,120724.2486
ID,2020/6/15,0,0,0,0,0,131729.2943
ID,2020/6/22,0,0,0,0,0,130554.3243
ID,2020/6/29,0,0,0,0,0,121161.9914
ID,2020/7/6,133934.32,133934.32,133934.32,133934.32,133934.32,133934.32
ID,2020/10/26,134447.8801,103741.8301,83069.11302,62533.92734,42647.79456,0
ID,2021/4/26,140873.092,108699.6118,87038.95361,65522.3994,44685.91607,0
ID,2022/1/24,116323.9414,89757.15014,71871.17135,54104.18438,36898.75622,0
IL,2020/2/17,0,0,0,0,0,2600227.837
IL,2020/2/24,0,0,0,0,0,2569733.49
IL,2020/3/2,0,0,0,0,0,2618249.91
IL,2020/3/9,0,0,0,0,0,2174371.503
IL,2020/3/16,0,0,0,0,0,711662.1229
IL,2020/3/23,0,0,0,0,0,660231.27
IL,2020/3/30,0,0,0,0,0,669476.0971
IL,2020/4/6,0,0,0,0,0,699716.5843
IL,2020/4/13,0,0,0,0,0,759684.5243
IL,2020/4/20,0,0,0,0,0,794497.48
IL,2020/4/27,0,0,0,0,0,829480.8957
IL,2020/5/4,0,0,0,0,0,1011062.751
IL,2020/5/11,0,0,0,0,0,877723.0829
IL,2020/5/18,0,0,0,0,0,897530.0929
IL,2020/5/25,0,0,0,0,0,1011588.52
IL,2020/6/1,0,0,0,0,0,1248464.716
IL,2020/6/8,0,0,0,0,0,1548870.023
IL,2020/6/15,0,0,0,0,0,1755548.756
IL,2020/6/22,0,0,0,0,0,1700958.281
IL,2020/6/29,0,0,0,0,0,1578594.586
IL,2020/7/6,1803024.394,1803024.394,1803024.394,1803024.394,1803024.394,1803024.394
IL,2020/10/26,4047791.243,2002577.76,1237299.972,1003049.991,773967.1438,0
IL,2021/4/26,4029367.581,1993462.958,1231668.358,998484.5743,770444.4055,0
IL,2022/1/24,2676580.348,1324193.852,818158.0002,663261.4512,511781.6415,0
IN,2020/2/17,0,0,0,0,0,644387.9243
IN,2020/2/24,0,0,0,0,0,663871.76
IN,2020/3/2,0,0,0,0,0,646802.6943
IN,2020/3/9,0,0,0,0,0,534451.1614
IN,2020/3/16,0,0,0,0,0,224153.2029
IN,2020/3/23,0,0,0,0,0,206460.7143
IN,2020/3/30,0,0,0,0,0,201896.2129
IN,2020/4/6,0,0,0,0,0,208829.5229
IN,2020/4/13,0,0,0,0,0,239292.28
IN,2020/4/20,0,0,0,0,0,241893.4357
IN,2020/4/27,0,0,0,0,0,246827.8043
IN,2020/5/4,0,0,0,0,0,270983.0271
IN,2020/5/11,0,0,0,0,0,373119.4729
IN,2020/5/18,0,0,0,0,0,406290.9486
IN,2020/5/25,0,0,0,0,0,435115.3071
IN,2020/6/1,0,0,0,0,0,463641.7957
IN,2020/6/8,0,0,0,0,0,505295.9814
IN,2020/6/15,0,0,0,0,0,545112.0914
IN,2020/6/22,0,0,0,0,0,544640.9343
IN,2020/6/29,0,0,0,0,0,454810.3057
IN,2020/7/6,537125.2029,537125.2029,537125.2029,537125.2029,537125.2029,537125.2029
IN,2020/10/26,855575.4095,528620.3866,378767.2407,271394.4188,199321.0788,0
IN,2021/4/26,878147.6237,542566.7115,388760.0656,278554.4808,204579.6662,0
IN,2022/1/24,619161.0369,382550.9044,274105.4907,196402.1498,144244.2647,0
KS,2020/2/17,0,0,0,0,0,134664.48
KS,2020/2/24,0,0,0,0,0,135448.8557
KS,2020/3/2,0,0,0,0,0,136531.3914
KS,2020/3/9,0,0,0,0,0,109718.0129
KS,2020/3/16,0,0,0,0,0,58392.59714
KS,2020/3/23,0,0,0,0,0,49031.86571
KS,2020/3/30,0,0,0,0,0,48408.82429
KS,2020/4/6,0,0,0,0,0,48676.50571
KS,2020/4/13,0,0,0,0,0,59530.12429
KS,2020/4/20,0,0,0,0,0,60864.81714
KS,2020/4/27,0,0,0,0,0,64372.58714
KS,2020/5/4,0,0,0,0,0,78804.85286
KS,2020/5/11,0,0,0,0,0,82222.62429
KS,2020/5/18,0,0,0,0,0,86088.51429
KS,2020/5/25,0,0,0,0,0,93379.07714
KS,2020/6/1,0,0,0,0,0,101457.2557
KS,2020/6/8,0,0,0,0,0,108369.4786
KS,2020/6/15,0,0,0,0,0,116417.6971
KS,2020/6/22,0,0,0,0,0,109152.2314
KS,2020/6/29,0,0,0,0,0,87405.72143
KS,2020/7/6,99046.19143,99046.19143,99046.19143,99046.19143,99046.19143,99046.19143
KS,2020/10/26,194034.4919,122882.027,95995.35521,69637.0924,49896.39069,0
KS,2021/4/26,202255.824,128088.5959,100062.7233,72587.64854,52010.52407,0
KS,2022/1/24,147055.3805,93130.15981,72753.21699,52776.74615,37815.61025,0
KY,2020/2/17,0,0,0,0,0,393650.5486
KY,2020/2/24,0,0,0,0,0,402718.3643
KY,2020/3/2,0,0,0,0,0,398540.8371
KY,2020/3/9,0,0,0,0,0,314389.3171
KY,2020/3/16,0,0,0,0,0,119790.5029
KY,2020/3/23,0,0,0,0,0,111805.6143
KY,2020/3/30,0,0,0,0,0,117569.2043
KY,2020/4/6,0,0,0,0,0,114642.2829
KY,2020/4/13,0,0,0,0,0,129794.9914
KY,2020/4/20,0,0,0,0,0,131656.3486
KY,2020/4/27,0,0,0,0,0,135468.0657
KY,2020/5/4,0,0,0,0,0,155793.1229
KY,2020/5/11,0,0,0,0,0,134647.8629
KY,2020/5/18,0,0,0,0,0,175319.52
KY,2020/5/25,0,0,0,0,0,231608.8757
KY,2020/6/1,0,0,0,0,0,254005.8229
KY,2020/6/8,0,0,0,0,0,290332.8929
KY,2020/6/15,0,0,0,0,0,293574.53
KY,2020/6/22,0,0,0,0,0,294859.9843
KY,2020/6/29,0,0,0,0,0,264050.2414
KY,2020/7/6,286347.7243,286347.7243,286347.7243,286347.7243,286347.7243,286347.7243
KY,2020/10/26,525719.5464,320832.1129,241520.4798,181815.1608,147393.2753,0
KY,2021/4/26,547544.5644,334151.3183,251547.0973,189363.138,153512.2429,0
KY,2022/1/24,328863.1881,200696.1168,151082.8264,113734.2406,92201.67436,0
LA,2020/2/17,0,0,0,0,0,579677.9357
LA,2020/2/24,0,0,0,0,0,550302.0986
LA,2020/3/2,0,0,0,0,0,539159.2457
LA,2020/3/9,0,0,0,0,0,477476.5857
LA,2020/3/16,0,0,0,0,0,141673.2
LA,2020/3/23,0,0,0,0,0,94311.82143
LA,2020/3/30,0,0,0,0,0,101801.5957
LA,2020/4/6,0,0,0,0,0,112710.0057
LA,2020/4/13,0,0,0,0,0,141661.4686
LA,2020/4/20,0,0,0,0,0,154094.0614
LA,2020/4/27,0,0,0,0,0,166800.9471
LA,2020/5/4,0,0,0,0,0,179169.8229
LA,2020/5/11,0,0,0,0,0,181612.99
LA,2020/5/18,0,0,0,0,0,236213.2586
LA,2020/5/25,0,0,0,0,0,255170.5314
LA,2020/6/1,0,0,0,0,0,241258.1314
LA,2020/6/8,0,0,0,0,0,294985.2514
LA,2020/6/15,0,0,0,0,0,313379.5714
LA,2020/6/22,0,0,0,0,0,297282.4243
LA,2020/6/29,0,0,0,0,0,267245.0714
LA,2020/7/6,272148.9157,272148.9157,272148.9157,272148.9157,272148.9157,272148.9157
LA,2020/10/26,771456.1026,396066.6027,358816.9617,263527.0991,193543.0577,0
LA,2021/4/26,793146.2609,407202.3592,368905.4123,270936.3923,198984.6889,0
LA,2022/1/24,558390.4993,286678.4348,259716.6342,190744.5257,140089.1176,0
MA,2020/2/17,0,0,0,0,0,3553614.497
MA,2020/2/24,0,0,0,0,0,3594069.409
MA,2020/3/2,0,0,0,0,0,3535241.977
MA,2020/3/9,0,0,0,0,0,2669944.153
MA,2020/3/16,0,0,0,0,0,922211.7171
MA,2020/3/23,0,0,0,0,0,829271.1043
MA,2020/3/30,0,0,0,0,0,838895.7929
MA,2020/4/6,0,0,0,0,0,863537.3914
MA,2020/4/13,0,0,0,0,0,969696.5057
MA,2020/4/20,0,0,0,0,0,1064799.29
MA,2020/4/27,0,0,0,0,0,1149405.02
MA,2020/5/4,0,0,0,0,0,1325107.061
MA,2020/5/11,0,0,0,0,0,1247856.404
MA,2020/5/18,0,0,0,0,0,1314590.064
MA,2020/5/25,0,0,0,0,0,1349381.85
MA,2020/6/1,0,0,0,0,0,1379535.539
MA,2020/6/8,0,0,0,0,0,1840112.9
MA,2020/6/15,0,0,0,0,0,2100867.754
MA,2020/6/22,0,0,0,0,0,2239598.486
MA,2020/6/29,0,0,0,0,0,2100386.441
MA,2020/7/6,2477821.709,2477821.709,2477821.709,2477821.709,2477821.709,2477821.709
MA,2020/10/26,4470183.108,2079155.918,1400573.885,979063.1654,764843.4735,0
MA,2021/4/26,4549010.18,2115819.69,1425271.562,996327.9353,778330.6999,0
MA,2022/1/24,3054183.602,1420551.185,956920.486,668929.7938,522567.4963,0
MD,2020/2/17,0,0,0,0,0,1096247.663
MD,2020/2/24,0,0,0,0,0,1062071.493
MD,2020/3/2,0,0,0,0,0,1091391.851
MD,2020/3/9,0,0,0,0,0,901661.0486
MD,2020/3/16,0,0,0,0,0,322264.8286
MD,2020/3/23,0,0,0,0,0,311231.9843
MD,2020/3/30,0,0,0,0,0,314174.0543
MD,2020/4/6,0,0,0,0,0,339047.2886
MD,2020/4/13,0,0,0,0,0,377548.8557
MD,2020/4/20,0,0,0,0,0,402842.8443
MD,2020/4/27,0,0,0,0,0,454175.3514
MD,2020/5/4,0,0,0,0,0,543387.8257
MD,2020/5/11,0,0,0,0,0,503773.7014
MD,2020/5/18,0,0,0,0,0,523468.5471
MD,2020/5/25,0,0,0,0,0,597722.45
MD,2020/6/1,0,0,0,0,0,683189.9143
MD,2020/6/8,0,0,0,0,0,796214.1143
MD,2020/6/15,0,0,0,0,0,832574.3871
MD,2020/6/22,0,0,0,0,0,831668.2543
MD,2020/6/29,0,0,0,0,0,777702.9586
MD,2020/7/6,805127.9857,805127.9857,805127.9857,805127.9857,805127.9857,805127.9857
MD,2020/10/26,1560833.369,610733.2775,477104.4177,305903.7311,254188.6556,0
MD,2021/4/26,1587422.258,621137.1551,485231.9197,311114.8192,258518.7744,0
MD,2022/1/24,1117807.16,437383.0312,341683.3241,219076.1599,182039.8671,0
ME,2020/2/17,0,0,0,0,0,320746.7286
ME,2020/2/24,0,0,0,0,0,296551.1671
ME,2020/3/2,0,0,0,0,0,301441.1986
ME,2020/3/9,0,0,0,0,0,254397.4557
ME,2020/3/16,0,0,0,0,0,95073.73714
ME,2020/3/23,0,0,0,0,0,79738.59714
ME,2020/3/30,0,0,0,0,0,70846.81143
ME,2020/4/6,0,0,0,0,0,76857.86714
ME,2020/4/13,0,0,0,0,0,103275.15
ME,2020/4/20,0,0,0,0,0,99105.63714
ME,2020/4/27,0,0,0,0,0,108211.12
ME,2020/5/4,0,0,0,0,0,132788.56
ME,2020/5/11,0,0,0,0,0,135486.71
ME,2020/5/18,0,0,0,0,0,167844.8057
ME,2020/5/25,0,0,0,0,0,170355.4657
ME,2020/6/1,0,0,0,0,0,202894.12
ME,2020/6/8,0,0,0,0,0,227793.6
ME,2020/6/15,0,0,0,0,0,272376.5229
ME,2020/6/22,0,0,0,0,0,276428.0286
ME,2020/6/29,0,0,0,0,0,286378.6471
ME,2020/7/6,322923.3529,322923.3529,322923.3529,322923.3529,322923.3529,322923.3529
ME,2020/10/26,263928.2734,191459.238,140614.026,92411.02635,76788.32313,0
ME,2021/4/26,276617.9815,200664.6248,147374.7679,96854.16137,80480.3164,0
ME,2022/1/24,202769.7239,147093.5126,108030.3631,70997.16167,58994.61576,0
MI,2020/2/17,0,0,0,0,0,1435675.35
MI,2020/2/24,0,0,0,0,0,1389591.814
MI,2020/3/2,0,0,0,0,0,1444902.314
MI,2020/3/9,0,0,0,0,0,1177625.514
MI,2020/3/16,0,0,0,0,0,484118.2186
MI,2020/3/23,0,0,0,0,0,416749.7229
MI,2020/3/30,0,0,0,0,0,406575.3357
MI,2020/4/6,0,0,0,0,0,395523.84
MI,2020/4/13,0,0,0,0,0,489232.77
MI,2020/4/20,0,0,0,0,0,525890.4929
MI,2020/4/27,0,0,0,0,0,610685.5371
MI,2020/5/4,0,0,0,0,0,712844.9557
MI,2020/5/11,0,0,0,0,0,644882.7514
MI,2020/5/18,0,0,0,0,0,682755.6914
MI,2020/5/25,0,0,0,0,0,689188.44
MI,2020/6/1,0,0,0,0,0,745337.8729
MI,2020/6/8,0,0,0,0,0,1186150.949
MI,2020/6/15,0,0,0,0,0,1274544.416
MI,2020/6/22,0,0,0,0,0,1328949.987
MI,2020/6/29,0,0,0,0,0,1209282.603
MI,2020/7/6,1344403.617,1344403.617,1344403.617,1344403.617,1344403.617,1344403.617
MI,2020/10/26,1887636.729,1180771.714,685870.3333,450751.488,303638.0087,0
MI,2021/4/26,1924753.578,1203989.383,699356.6918,459614.6737,309608.4827,0
MI,2022/1/24,1278420.929,799689.4994,464512.5702,305275.9714,205641.8903,0
MN,2020/2/17,0,0,0,0,0,329565.5543
MN,2020/2/24,0,0,0,0,0,343260.3214
MN,2020/3/2,0,0,0,0,0,332438.8186
MN,2020/3/9,0,0,0,0,0,266216.5643
MN,2020/3/16,0,0,0,0,0,103593.6914
MN,2020/3/23,0,0,0,0,0,108026.4686
MN,2020/3/30,0,0,0,0,0,112688.5871
MN,2020/4/6,0,0,0,0,0,115767.7957
MN,2020/4/13,0,0,0,0,0,141547.3657
MN,2020/4/20,0,0,0,0,0,146950.6829
MN,2020/4/27,0,0,0,0,0,151014.1143
MN,2020/5/4,0,0,0,0,0,181953.7114
MN,2020/5/11,0,0,0,0,0,146477.4086
MN,2020/5/18,0,0,0,0,0,146972.8243
MN,2020/5/25,0,0,0,0,0,111972.3829
MN,2020/6/1,0,0,0,0,0,177932.5214
MN,2020/6/8,0,0,0,0,0,208021.0771
MN,2020/6/15,0,0,0,0,0,231601.6986
MN,2020/6/22,0,0,0,0,0,227249.5486
MN,2020/6/29,0,0,0,0,0,170561.2457
MN,2020/7/6,224387.6157,224387.6157,224387.6157,224387.6157,224387.6157,224387.6157
MN,2020/10/26,468798.1562,249763.2984,166182.6497,126655.4021,91878.54892,0
MN,2021/4/26,483373.159,257528.4757,171349.2924,130593.137,94735.06636,0
MN,2022/1/24,317130.5577,168958.8005,112418.5232,85679.30095,62153.60508,0
MO,2020/2/17,0,0,0,0,0,590902.41
MO,2020/2/24,0,0,0,0,0,576663.2386
MO,2020/3/2,0,0,0,0,0,598226.1643
MO,2020/3/9,0,0,0,0,0,489395.9743
MO,2020/3/16,0,0,0,0,0,225904.77
MO,2020/3/23,0,0,0,0,0,188305.2529
MO,2020/3/30,0,0,0,0,0,189505.3071
MO,2020/4/6,0,0,0,0,0,198667.5071
MO,2020/4/13,0,0,0,0,0,235417.6986
MO,2020/4/20,0,0,0,0,0,245965.2514
MO,2020/4/27,0,0,0,0,0,266126.7014
MO,2020/5/4,0,0,0,0,0,326518.3629
MO,2020/5/11,0,0,0,0,0,318874.2829
MO,2020/5/18,0,0,0,0,0,371168.3129
MO,2020/5/25,0,0,0,0,0,395727.6686
MO,2020/6/1,0,0,0,0,0,423378.6743
MO,2020/6/8,0,0,0,0,0,452849.9957
MO,2020/6/15,0,0,0,0,0,505586.6143
MO,2020/6/22,0,0,0,0,0,482951.9243
MO,2020/6/29,0,0,0,0,0,438269.3071
MO,2020/7/6,478526.7314,478526.7314,478526.7314,478526.7314,478526.7314,478526.7314
MO,2020/10/26,802794.0794,489923.0445,382727.5464,291694.1773,214229.8959,0
MO,2021/4/26,834537.7921,509295.3552,397861.1823,303228.2137,222700.8755,0
MO,2022/1/24,573039.1266,349709.9452,273193.1694,208213.0161,152918.5573,0
MS,2020/2/17,0,0,0,0,0,171019.5443
MS,2020/2/24,0,0,0,0,0,179328.3629
MS,2020/3/2,0,0,0,0,0,167432.1114
MS,2020/3/9,0,0,0,0,0,163328.4643
MS,2020/3/16,0,0,0,0,0,54839.73857
MS,2020/3/23,0,0,0,0,0,27071.24857
MS,2020/3/30,0,0,0,0,0,26230.24286
MS,2020/4/6,0,0,0,0,0,29356.04143
MS,2020/4/13,0,0,0,0,0,36363.32
MS,2020/4/20,0,0,0,0,0,45969.80286
MS,2020/4/27,0,0,0,0,0,51165.35714
MS,2020/5/4,0,0,0,0,0,69387.22429
MS,2020/5/11,0,0,0,0,0,83609.08
MS,2020/5/18,0,0,0,0,0,94306.33571
MS,2020/5/25,0,0,0,0,0,99990.09286
MS,2020/6/1,0,0,0,0,0,118384.24
MS,2020/6/8,0,0,0,0,0,141338.1514
MS,2020/6/15,0,0,0,0,0,149739.4371
MS,2020/6/22,0,0,0,0,0,143952.34
MS,2020/6/29,0,0,0,0,0,110352.4014
MS,2020/7/6,125066.1286,125066.1286,125066.1286,125066.1286,125066.1286,125066.1286
MS,2020/10/26,188132.8771,114812.2965,101477.3998,82265.34174,59677.04574,0
MS,2021/4/26,195095.9186,119061.6484,105233.2099,85310.0886,61885.7705,0
MS,2022/1/24,136844.8472,83512.62907,73813.03838,59838.49445,43408.12905,0
MT,2020/2/17,0,0,0,0,0,93422.71571
MT,2020/2/24,0,0,0,0,0,92939.08429
MT,2020/3/2,0,0,0,0,0,90184.07286
MT,2020/3/9,0,0,0,0,0,80548.02857
MT,2020/3/16,0,0,0,0,0,25499.85143
MT,2020/3/23,0,0,0,0,0,19688.05857
MT,2020/3/30,0,0,0,0,0,20989.20714
MT,2020/4/6,0,0,0,0,0,23811.13714
MT,2020/4/13,0,0,0,0,0,26307.88571
MT,2020/4/20,0,0,0,0,0,25957.34429
MT,2020/4/27,0,0,0,0,0,25266.96429
MT,2020/5/4,0,0,0,0,0,65337.83571
MT,2020/5/11,0,0,0,0,0,58487.25714
MT,2020/5/18,0,0,0,0,0,67444.10143
MT,2020/5/25,0,0,0,0,0,72021.11143
MT,2020/6/1,0,0,0,0,0,78331.71714
MT,2020/6/8,0,0,0,0,0,88138.23
MT,2020/6/15,0,0,0,0,0,100097.4857
MT,2020/6/22,0,0,0,0,0,100463.5086
MT,2020/6/29,0,0,0,0,0,105156.1271
MT,2020/7/6,102269.2414,102269.2414,102269.2414,102269.2414,102269.2414,102269.2414
MT,2020/10/26,107800.0501,92955.71053,76293.15196,52677.88596,34619.71502,0
MT,2021/4/26,113113.8744,97537.80778,80053.89608,55274.55479,36326.23633,0
MT,2022/1/24,83121.73112,71675.65848,58827.60589,40618.50683,26694.33493,0
NC,2020/2/17,0,0,0,0,0,632109.3229
NC,2020/2/24,0,0,0,0,0,668330.7514
NC,2020/3/2,0,0,0,0,0,659444.4771
NC,2020/3/9,0,0,0,0,0,590000.3171
NC,2020/3/16,0,0,0,0,0,236788.4386
NC,2020/3/23,0,0,0,0,0,194791.8886
NC,2020/3/30,0,0,0,0,0,191946.5671
NC,2020/4/6,0,0,0,0,0,199465.2786
NC,2020/4/13,0,0,0,0,0,232727.0671
NC,2020/4/20,0,0,0,0,0,241894.6129
NC,2020/4/27,0,0,0,0,0,264139.0871
NC,2020/5/4,0,0,0,0,0,286497.8814
NC,2020/5/11,0,0,0,0,0,276088.7443
NC,2020/5/18,0,0,0,0,0,334400.5971
NC,2020/5/25,0,0,0,0,0,415140.4786
NC,2020/6/1,0,0,0,0,0,452740.1314
NC,2020/6/8,0,0,0,0,0,502824.8886
NC,2020/6/15,0,0,0,0,0,511614.7886
NC,2020/6/22,0,0,0,0,0,502803.6386
NC,2020/6/29,0,0,0,0,0,461811.8186
NC,2020/7/6,494248.3129,494248.3129,494248.3129,494248.3129,494248.3129,494248.3129
NC,2020/10/26,835782.9353,439819.336,393565.6192,285500.9529,228608.9506,0
NC,2021/4/26,852351.2321,448538.1756,401367.5396,291160.6336,233140.8223,0
NC,2022/1/24,555608.7422,292381.4997,261633.1219,189794.2858,151973.8274,0
NE,2020/2/17,0,0,0,0,0,149796.1343
NE,2020/2/24,0,0,0,0,0,152163.4914
NE,2020/3/2,0,0,0,0,0,144736.3314
NE,2020/3/9,0,0,0,0,0,119818.1086
NE,2020/3/16,0,0,0,0,0,59981.70143
NE,2020/3/23,0,0,0,0,0,56878.14429
NE,2020/3/30,0,0,0,0,0,55352.85429
NE,2020/4/6,0,0,0,0,0,51991.49857
NE,2020/4/13,0,0,0,0,0,63194.65714
NE,2020/4/20,0,0,0,0,0,62770.20143
NE,2020/4/27,0,0,0,0,0,61508.65143
NE,2020/5/4,0,0,0,0,0,76948.86714
NE,2020/5/11,0,0,0,0,0,66761.76429
NE,2020/5/18,0,0,0,0,0,86067.88429
NE,2020/5/25,0,0,0,0,0,87541.32286
NE,2020/6/1,0,0,0,0,0,107175.1029
NE,2020/6/8,0,0,0,0,0,118294.9743
NE,2020/6/15,0,0,0,0,0,128704.6571
NE,2020/6/22,0,0,0,0,0,120646.9
NE,2020/6/29,0,0,0,0,0,104728.2214
NE,2020/7/6,125891.6071,125891.6071,125891.6071,125891.6071,125891.6071,125891.6071
NE,2020/10/26,206494.3341,126017.7864,85943.43733,70537.8474,57893.75047,0
NE,2021/4/26,215027.8461,131225.553,89495.1055,73452.86959,60286.24717,0
NE,2022/1/24,154813.6481,94478.49173,64433.81181,52883.87951,43404.30332,0
NH,2020/2/17,0,0,0,0,0,249997.5443
NH,2020/2/24,0,0,0,0,0,233664.0929
NH,2020/3/2,0,0,0,0,0,237450.1843
NH,2020/3/9,0,0,0,0,0,209879.7
NH,2020/3/16,0,0,0,0,0,88082.86714
NH,2020/3/23,0,0,0,0,0,82084.27714
NH,2020/3/30,0,0,0,0,0,77444.95571
NH,2020/4/6,0,0,0,0,0,73860.36714
NH,2020/4/13,0,0,0,0,0,93532.36143
NH,2020/4/20,0,0,0,0,0,95849.91571
NH,2020/4/27,0,0,0,0,0,105308.2543
NH,2020/5/4,0,0,0,0,0,125120.3043
NH,2020/5/11,0,0,0,0,0,125963.2586
NH,2020/5/18,0,0,0,0,0,155933.7057
NH,2020/5/25,0,0,0,0,0,165423.6229
NH,2020/6/1,0,0,0,0,0,178511.4929
NH,2020/6/8,0,0,0,0,0,180443.7686
NH,2020/6/15,0,0,0,0,0,213726.0271
NH,2020/6/22,0,0,0,0,0,214624.8743
NH,2020/6/29,0,0,0,0,0,201101.8229
NH,2020/7/6,221236.85,221236.85,221236.85,221236.85,221236.85,221236.85
NH,2020/10/26,270656.2327,151498.5193,104604.6928,73123.31232,57833.51871,0
NH,2021/4/26,283420.0062,158642.9799,109537.7054,76571.70658,60560.86745,0
NH,2022/1/24,205979.0294,115295.7671,79607.8955,55649.44413,44013.36682,0
NJ,2020/2/17,0,0,0,0,0,701730.7971
NJ,2020/2/24,0,0,0,0,0,686742.0186
NJ,2020/3/2,0,0,0,0,0,706570.7857
NJ,2020/3/9,0,0,0,0,0,582485.13
NJ,2020/3/16,0,0,0,0,0,235972.9743
NJ,2020/3/23,0,0,0,0,0,207639.83
NJ,2020/3/30,0,0,0,0,0,227274.0829
NJ,2020/4/6,0,0,0,0,0,237594.5743
NJ,2020/4/13,0,0,0,0,0,259944.6886
NJ,2020/4/20,0,0,0,0,0,275851.54
NJ,2020/4/27,0,0,0,0,0,293726.6771
NJ,2020/5/4,0,0,0,0,0,353655.6957
NJ,2020/5/11,0,0,0,0,0,334514.0971
NJ,2020/5/18,0,0,0,0,0,340209.9714
NJ,2020/5/25,0,0,0,0,0,351479.9471
NJ,2020/6/1,0,0,0,0,0,371583.9114
NJ,2020/6/8,0,0,0,0,0,388548.7943
NJ,2020/6/15,0,0,0,0,0,560310.1157
NJ,2020/6/22,0,0,0,0,0,563944.1643
NJ,2020/6/29,0,0,0,0,0,525314.2071
NJ,2020/7/6,541937.1529,541937.1529,541937.1529,541937.1529,541937.1529,541937.1529
NJ,2020/10/26,1107483.82,438726.9779,295537.9837,189489.2785,146212.5288,0
NJ,2021/4/26,1108333.838,439063.7103,295764.8155,189634.7156,146324.75,0
NJ,2022/1/24,766352.7715,303588.7561,204505.3379,131122.1267,101175.6331,0
NM,2020/2/17,0,0,0,0,0,127448.1686
NM,2020/2/24,0,0,0,0,0,136913.8714
NM,2020/3/2,0,0,0,0,0,126372.0343
NM,2020/3/9,0,0,0,0,0,108304.7343
NM,2020/3/16,0,0,0,0,0,44133.95429
NM,2020/3/23,0,0,0,0,0,36416.69286
NM,2020/3/30,0,0,0,0,0,35118.36571
NM,2020/4/6,0,0,0,0,0,34672.99571
NM,2020/4/13,0,0,0,0,0,43919.57714
NM,2020/4/20,0,0,0,0,0,47920.92
NM,2020/4/27,0,0,0,0,0,52052.87143
NM,2020/5/4,0,0,0,0,0,65409.10429
NM,2020/5/11,0,0,0,0,0,60864.54429
NM,2020/5/18,0,0,0,0,0,62940.14286
NM,2020/5/25,0,0,0,0,0,65494.43429
NM,2020/6/1,0,0,0,0,0,78449.35429
NM,2020/6/8,0,0,0,0,0,95759.84
NM,2020/6/15,0,0,0,0,0,102557.9871
NM,2020/6/22,0,0,0,0,0,101623.47
NM,2020/6/29,0,0,0,0,0,96752.60143
NM,2020/7/6,95130.31286,95130.31286,95130.31286,95130.31286,95130.31286,95130.31286
NM,2020/10/26,196963.3937,96248.70468,87196.61681,65641.08731,51915.79717,0
NM,2021/4/26,205414.2585,100378.3288,90937.85424,68457.46828,54143.28409,0
NM,2022/1/24,137421.5713,67152.82461,60837.17319,45797.8571,36221.70744,0
NV,2020/2/17,0,0,0,0,0,429539.9486
NV,2020/2/24,0,0,0,0,0,434458.8214
NV,2020/3/2,0,0,0,0,0,414601.7657
NV,2020/3/9,0,0,0,0,0,363250.9486
NV,2020/3/16,0,0,0,0,0,123390.9857
NV,2020/3/23,0,0,0,0,0,105918.45
NV,2020/3/30,0,0,0,0,0,114273.0443
NV,2020/4/6,0,0,0,0,0,116478.6371
NV,2020/4/13,0,0,0,0,0,133969.0914
NV,2020/4/20,0,0,0,0,0,143029.9914
NV,2020/4/27,0,0,0,0,0,153598.0629
NV,2020/5/4,0,0,0,0,0,177619.0357
NV,2020/5/11,0,0,0,0,0,197073.7229
NV,2020/5/18,0,0,0,0,0,220411.5414
NV,2020/5/25,0,0,0,0,0,231316.2786
NV,2020/6/1,0,0,0,0,0,284272.0643
NV,2020/6/8,0,0,0,0,0,324299.2286
NV,2020/6/15,0,0,0,0,0,338126.0543
NV,2020/6/22,0,0,0,0,0,322323.9871
NV,2020/6/29,0,0,0,0,0,305974.1329
NV,2020/7/6,297122.5214,297122.5214,297122.5214,297122.5214,297122.5214,297122.5214
NV,2020/10/26,660371.7301,322699.1699,222813.0524,180629.302,141107.4869,0
NV,2021/4/26,688644.1981,336514.8763,232352.3386,188362.577,147148.716,0
NV,2022/1/24,493078.971,240949.4038,166367.5558,134870.2652,105360.5587,0
NY,2020/2/17,0,0,0,0,0,3924333.36
NY,2020/2/24,0,0,0,0,0,3873531.849
NY,2020/3/2,0,0,0,0,0,3879980.474
NY,2020/3/9,0,0,0,0,0,2792156.596
NY,2020/3/16,0,0,0,0,0,892652.0929
NY,2020/3/23,0,0,0,0,0,723483.7114
NY,2020/3/30,0,0,0,0,0,771642.9329
NY,2020/4/6,0,0,0,0,0,792409.9386
NY,2020/4/13,0,0,0,0,0,859902.8243
NY,2020/4/20,0,0,0,0,0,889364.73
NY,2020/4/27,0,0,0,0,0,990044.9086
NY,2020/5/4,0,0,0,0,0,1098976.889
NY,2020/5/11,0,0,0,0,0,1088908.666
NY,2020/5/18,0,0,0,0,0,1105166.56
NY,2020/5/25,0,0,0,0,0,1174085.129
NY,2020/6/1,0,0,0,0,0,1183811.42
NY,2020/6/8,0,0,0,0,0,1480493.826
NY,2020/6/15,0,0,0,0,0,1620607.051
NY,2020/6/22,0,0,0,0,0,1850732.907
NY,2020/6/29,0,0,0,0,0,1718040.411
NY,2020/7/6,1845103.201,1845103.201,1845103.201,1845103.201,1845103.201,1845103.201
NY,2020/10/26,4928315.054,2378734.278,1622283.697,1040155.189,763924.5319,0
NY,2021/4/26,4732364.412,2284155.4,1557781.422,998798.4424,733550.7631,0
NY,2022/1/24,3213059.454,1550837.27,1057662.49,678138.5579,498047.4894,0
OH,2020/2/17,0,0,0,0,0,1682672.95
OH,2020/2/24,0,0,0,0,0,1655658.997
OH,2020/3/2,0,0,0,0,0,1702232.971
OH,2020/3/9,0,0,0,0,0,1379792.349
OH,2020/3/16,0,0,0,0,0,537779.71
OH,2020/3/23,0,0,0,0,0,521280.1714
OH,2020/3/30,0,0,0,0,0,553160.4157
OH,2020/4/6,0,0,0,0,0,598674.3514
OH,2020/4/13,0,0,0,0,0,694213.2443
OH,2020/4/20,0,0,0,0,0,732267.9371
OH,2020/4/27,0,0,0,0,0,762886.8343
OH,2020/5/4,0,0,0,0,0,847152.2943
OH,2020/5/11,0,0,0,0,0,839998.5186
OH,2020/5/18,0,0,0,0,0,988813.7214
OH,2020/5/25,0,0,0,0,0,1163095.74
OH,2020/6/1,0,0,0,0,0,1257000.679
OH,2020/6/8,0,0,0,0,0,1423124.15
OH,2020/6/15,0,0,0,0,0,1478513.916
OH,2020/6/22,0,0,0,0,0,1463587.709
OH,2020/6/29,0,0,0,0,0,1251729.624
OH,2020/7/6,1342151.76,1342151.76,1342151.76,1342151.76,1342151.76,1342151.76
OH,2020/10/26,2329760.055,1404342.355,993892.902,739015.9524,529519.9356,0
OH,2021/4/26,2381162.917,1435327.183,1015821.744,755321.2947,541203.0445,0
OH,2022/1/24,1573941.982,948747.2259,671455.3118,499265.2486,357733.6882,0
OK,2020/2/17,0,0,0,0,0,253618.1571
OK,2020/2/24,0,0,0,0,0,258747.9971
OK,2020/3/2,0,0,0,0,0,261250.7414
OK,2020/3/9,0,0,0,0,0,239388.7371
OK,2020/3/16,0,0,0,0,0,120266.5314
OK,2020/3/23,0,0,0,0,0,107208.0671
OK,2020/3/30,0,0,0,0,0,108136.7429
OK,2020/4/6,0,0,0,0,0,105971.7243
OK,2020/4/13,0,0,0,0,0,134778.7314
OK,2020/4/20,0,0,0,0,0,131444.3671
OK,2020/4/27,0,0,0,0,0,135496.1386
OK,2020/5/4,0,0,0,0,0,155806.04
OK,2020/5/11,0,0,0,0,0,162210.8929
OK,2020/5/18,0,0,0,0,0,171494.9171
OK,2020/5/25,0,0,0,0,0,222219.95
OK,2020/6/1,0,0,0,0,0,230728.2471
OK,2020/6/8,0,0,0,0,0,246760.9314
OK,2020/6/15,0,0,0,0,0,240947.2
OK,2020/6/22,0,0,0,0,0,233875.8529
OK,2020/6/29,0,0,0,0,0,202621.8357
OK,2020/7/6,223967.8086,223967.8086,223967.8086,223967.8086,223967.8086,223967.8086
OK,2020/10/26,315083.7854,214885.4089,178557.5907,141221.909,93963.48939,0
OK,2021/4/26,329096.8146,224442.2178,186498.757,147502.6091,98142.41952,0
OK,2022/1/24,230371.4867,157112.0871,130551.236,103253.4921,68700.80199,0
OR,2020/2/17,0,0,0,0,0,550596.4471
OR,2020/2/24,0,0,0,0,0,550662.1329
OR,2020/3/2,0,0,0,0,0,531973.1271
OR,2020/3/9,0,0,0,0,0,456224.9929
OR,2020/3/16,0,0,0,0,0,231665.1829
OR,2020/3/23,0,0,0,0,0,190145.6814
OR,2020/3/30,0,0,0,0,0,195608.0214
OR,2020/4/6,0,0,0,0,0,211245.3086
OR,2020/4/13,0,0,0,0,0,244456.5243
OR,2020/4/20,0,0,0,0,0,249784.8057
OR,2020/4/27,0,0,0,0,0,259482.2157
OR,2020/5/4,0,0,0,0,0,293782.07
OR,2020/5/11,0,0,0,0,0,287003.4329
OR,2020/5/18,0,0,0,0,0,335266.5214
OR,2020/5/25,0,0,0,0,0,360248.5143
OR,2020/6/1,0,0,0,0,0,397777.0614
OR,2020/6/8,0,0,0,0,0,417669.3843
OR,2020/6/15,0,0,0,0,0,444215.0214
OR,2020/6/22,0,0,0,0,0,451673.9114
OR,2020/6/29,0,0,0,0,0,424026.5343
OR,2020/7/6,454935.2529,454935.2529,454935.2529,454935.2529,454935.2529,454935.2529
OR,2020/10/26,808688.631,430847.9827,340759.3841,256521.6094,210539.4281,0
OR,2021/4/26,846341.3681,450908.3684,356625.2229,268465.3172,220342.1944,0
OR,2022/1/24,591513.2125,315142.6453,249247.5723,187632.0693,153998.5214,0
PA,2020/2/17,0,0,0,0,0,1330188.817
PA,2020/2/24,0,0,0,0,0,1300361.279
PA,2020/3/2,0,0,0,0,0,1294396.204
PA,2020/3/9,0,0,0,0,0,1045646.403
PA,2020/3/16,0,0,0,0,0,341853.1686
PA,2020/3/23,0,0,0,0,0,331935.0386
PA,2020/3/30,0,0,0,0,0,358123.8071
PA,2020/4/6,0,0,0,0,0,361380.1671
PA,2020/4/13,0,0,0,0,0,396890.2371
PA,2020/4/20,0,0,0,0,0,429738.2971
PA,2020/4/27,0,0,0,0,0,464282.5929
PA,2020/5/4,0,0,0,0,0,518830.86
PA,2020/5/11,0,0,0,0,0,473595.6514
PA,2020/5/18,0,0,0,0,0,504905.93
PA,2020/5/25,0,0,0,0,0,479045.3229
PA,2020/6/1,0,0,0,0,0,570300.83
PA,2020/6/8,0,0,0,0,0,753610.0457
PA,2020/6/15,0,0,0,0,0,825487.9643
PA,2020/6/22,0,0,0,0,0,835095.2443
PA,2020/6/29,0,0,0,0,0,681093.5771
PA,2020/7/6,770253.4871,770253.4871,770253.4871,770253.4871,770253.4871,770253.4871
PA,2020/10/26,1786319.764,940026.3387,602714.1096,459356.0041,345800.4298,0
PA,2021/4/26,1805900.504,950330.4351,609320.7589,464391.2338,349590.9204,0
PA,2022/1/24,1241997.52,653584.2041,419056.7918,319382.3577,240429.1129,0
RI,2020/2/17,0,0,0,0,0,318564.5414
RI,2020/2/24,0,0,0,0,0,296494.99
RI,2020/3/2,0,0,0,0,0,289696.9786
RI,2020/3/9,0,0,0,0,0,252906.1057
RI,2020/3/16,0,0,0,0,0,69580.50857
RI,2020/3/23,0,0,0,0,0,69804.39571
RI,2020/3/30,0,0,0,0,0,71241.82143
RI,2020/4/6,0,0,0,0,0,75419.25571
RI,2020/4/13,0,0,0,0,0,88928.17571
RI,2020/4/20,0,0,0,0,0,89952.04143
RI,2020/4/27,0,0,0,0,0,103804.4243
RI,2020/5/4,0,0,0,0,0,115705.7443
RI,2020/5/11,0,0,0,0,0,122833.2957
RI,2020/5/18,0,0,0,0,0,163653.2871
RI,2020/5/25,0,0,0,0,0,201245.9186
RI,2020/6/1,0,0,0,0,0,246166.0714
RI,2020/6/8,0,0,0,0,0,281532.4343
RI,2020/6/15,0,0,0,0,0,309755.4871
RI,2020/6/22,0,0,0,0,0,309108.8114
RI,2020/6/29,0,0,0,0,0,315269.18
RI,2020/7/6,328139.9271,328139.9271,328139.9271,328139.9271,328139.9271,328139.9271
RI,2020/10/26,458676.439,266429.6227,166659.4834,122400.2622,96806.85445,0
RI,2021/4/26,479582.5507,278573.2755,174255.6917,127979.1699,101219.2348,0
RI,2022/1/24,333543.5418,193744.1569,121192.6091,89007.87895,70396.68567,0
SC,2020/2/17,0,0,0,0,0,360816.4157
SC,2020/2/24,0,0,0,0,0,381697.6757
SC,2020/3/2,0,0,0,0,0,383637.6986
SC,2020/3/9,0,0,0,0,0,391670.2143
SC,2020/3/16,0,0,0,0,0,134188.1257
SC,2020/3/23,0,0,0,0,0,86551.80429
SC,2020/3/30,0,0,0,0,0,93388.35857
SC,2020/4/6,0,0,0,0,0,93063.62429
SC,2020/4/13,0,0,0,0,0,110245.5929
SC,2020/4/20,0,0,0,0,0,118512.6814
SC,2020/4/27,0,0,0,0,0,127094.7486
SC,2020/5/4,0,0,0,0,0,242293.0429
SC,2020/5/11,0,0,0,0,0,307931.8986
SC,2020/5/18,0,0,0,0,0,361252.7543
SC,2020/5/25,0,0,0,0,0,356769.8657
SC,2020/6/1,0,0,0,0,0,413065.9886
SC,2020/6/8,0,0,0,0,0,432645.4657
SC,2020/6/15,0,0,0,0,0,420826.4929
SC,2020/6/22,0,0,0,0,0,401368.8743
SC,2020/6/29,0,0,0,0,0,353814.0943
SC,2020/7/6,351783.9186,351783.9186,351783.9186,351783.9186,351783.9186,351783.9186
SC,2020/10/26,566814.5487,313378.673,276981.2456,211100.0823,166959.8952,0
SC,2021/4/26,589786.1727,326079.1534,288206.6261,219655.4586,173726.3763,0
SC,2022/1/24,345688.0589,191122.9439,168924.9321,128745.421,101825.2658,0
TN,2020/2/17,0,0,0,0,0,707616.67
TN,2020/2/24,0,0,0,0,0,738871.6529
TN,2020/3/2,0,0,0,0,0,707109.2486
TN,2020/3/9,0,0,0,0,0,598510.8286
TN,2020/3/16,0,0,0,0,0,259773.76
TN,2020/3/23,0,0,0,0,0,198926.7186
TN,2020/3/30,0,0,0,0,0,191898.85
TN,2020/4/6,0,0,0,0,0,191174.5329
TN,2020/4/13,0,0,0,0,0,225660.4186
TN,2020/4/20,0,0,0,0,0,237121.8229
TN,2020/4/27,0,0,0,0,0,294815.0243
TN,2020/5/4,0,0,0,0,0,344668.7843
TN,2020/5/11,0,0,0,0,0,367111.23
TN,2020/5/18,0,0,0,0,0,399241.3871
TN,2020/5/25,0,0,0,0,0,421880.6614
TN,2020/6/1,0,0,0,0,0,471928.6857
TN,2020/6/8,0,0,0,0,0,521445.82
TN,2020/6/15,0,0,0,0,0,559243.1271
TN,2020/6/22,0,0,0,0,0,552735.4371
TN,2020/6/29,0,0,0,0,0,458899.6014
TN,2020/7/6,500769.5714,500769.5714,500769.5714,500769.5714,500769.5714,500769.5714
TN,2020/10/26,872656.1692,545871.8324,448022.8532,367713.5641,273415.9679,0
TN,2021/4/26,899383.8254,562590.7592,461744.8679,378975.8711,281790.1343,0
TN,2022/1/24,604471.2456,378114.3572,310336.3521,254707.7348,189389.7007,0
TX,2020/2/17,0,0,0,0,0,3257668.176
TX,2020/2/24,0,0,0,0,0,3428029.894
TX,2020/3/2,0,0,0,0,0,3299465.129
TX,2020/3/9,0,0,0,0,0,2854379.867
TX,2020/3/16,0,0,0,0,0,1140224.856
TX,2020/3/23,0,0,0,0,0,983266.4729
TX,2020/3/30,0,0,0,0,0,954280.9557
TX,2020/4/6,0,0,0,0,0,1038901.294
TX,2020/4/13,0,0,0,0,0,1128530.467
TX,2020/4/20,0,0,0,0,0,1174949.567
TX,2020/4/27,0,0,0,0,0,1305086.389
TX,2020/5/4,0,0,0,0,0,1614911.15
TX,2020/5/11,0,0,0,0,0,1551803.759
TX,2020/5/18,0,0,0,0,0,1861263.461
TX,2020/5/25,0,0,0,0,0,2017104.477
TX,2020/6/1,0,0,0,0,0,2160390.974
TX,2020/6/8,0,0,0,0,0,2287745.544
TX,2020/6/15,0,0,0,0,0,2283912.913
TX,2020/6/22,0,0,0,0,0,1874442.079
TX,2020/6/29,0,0,0,0,0,1700432.744
TX,2020/7/6,1787348.92,1787348.92,1787348.92,1787348.92,1787348.92,1787348.92
TX,2020/10/26,4289122.521,1970463.028,1577807.291,1247894.066,905249.1567,0
TX,2021/4/26,4258625.147,1956452.249,1566588.452,1239021.041,898812.4737,0
TX,2022/1/24,3063127.613,1407229.493,1126809.751,891198.3166,646494.3995,0
UT,2020/2/17,0,0,0,0,0,429296.3886
UT,2020/2/24,0,0,0,0,0,431361.8929
UT,2020/3/2,0,0,0,0,0,427352.8371
UT,2020/3/9,0,0,0,0,0,371183.0829
UT,2020/3/16,0,0,0,0,0,211652.17
UT,2020/3/23,0,0,0,0,0,208238.65
UT,2020/3/30,0,0,0,0,0,215283.7957
UT,2020/4/6,0,0,0,0,0,225249.32
UT,2020/4/13,0,0,0,0,0,255664.8971
UT,2020/4/20,0,0,0,0,0,269250.8557
UT,2020/4/27,0,0,0,0,0,285725.4843
UT,2020/5/4,0,0,0,0,0,304886.6557
UT,2020/5/11,0,0,0,0,0,295614.9114
UT,2020/5/18,0,0,0,0,0,316156.66
UT,2020/5/25,0,0,0,0,0,334784.1071
UT,2020/6/1,0,0,0,0,0,343818.21
UT,2020/6/8,0,0,0,0,0,345688.3029
UT,2020/6/15,0,0,0,0,0,350919.3771
UT,2020/6/22,0,0,0,0,0,348598.1586
UT,2020/6/29,0,0,0,0,0,322206.9329
UT,2020/7/6,350916.5043,350916.5043,350916.5043,350916.5043,350916.5043,350916.5043
UT,2020/10/26,649360.5243,372563.2846,302028.2938,241842.8752,164935.5109,0
UT,2021/4/26,676427.2498,388092.5134,314617.4744,251923.3997,171810.3733,0
UT,2022/1/24,480587.848,275731.8631,223529.3374,178986.4683,122067.7871,0
VA,2020/2/17,0,0,0,0,0,1057804.831
VA,2020/2/24,0,0,0,0,0,1029443.696
VA,2020/3/2,0,0,0,0,0,1045073.474
VA,2020/3/9,0,0,0,0,0,873930.8343
VA,2020/3/16,0,0,0,0,0,328804.95
VA,2020/3/23,0,0,0,0,0,270446.3243
VA,2020/3/30,0,0,0,0,0,262580.9957
VA,2020/4/6,0,0,0,0,0,273702.79
VA,2020/4/13,0,0,0,0,0,323148.5671
VA,2020/4/20,0,0,0,0,0,333549.5971
VA,2020/4/27,0,0,0,0,0,376638.7729
VA,2020/5/4,0,0,0,0,0,441978.7586
VA,2020/5/11,0,0,0,0,0,432456.5657
VA,2020/5/18,0,0,0,0,0,465166.4757
VA,2020/5/25,0,0,0,0,0,566516.7271
VA,2020/6/1,0,0,0,0,0,651650.3829
VA,2020/6/8,0,0,0,0,0,784478.8443
VA,2020/6/15,0,0,0,0,0,808012.6986
VA,2020/6/22,0,0,0,0,0,811800.4057
VA,2020/6/29,0,0,0,0,0,738706.0771
VA,2020/7/6,796329.6014,796329.6014,796329.6014,796329.6014,796329.6014,796329.6014
VA,2020/10/26,1349464.63,659433.31,541228.1337,383042.4958,306713.3126,0
VA,2021/4/26,1376154.757,672475.785,551932.7103,390618.4282,312779.5829,0
VA,2022/1/24,910947.5968,445146.3015,365352.6419,258570.4236,207044.8894,0
VT,2020/2/17,0,0,0,0,0,179049.2486
VT,2020/2/24,0,0,0,0,0,139413.3414
VT,2020/3/2,0,0,0,0,0,138511.3271
VT,2020/3/9,0,0,0,0,0,106334.07
VT,2020/3/16,0,0,0,0,0,20232.54
VT,2020/3/23,0,0,0,0,0,13155.73857
VT,2020/3/30,0,0,0,0,0,16002.13286
VT,2020/4/6,0,0,0,0,0,16008.36714
VT,2020/4/13,0,0,0,0,0,24429.22143
VT,2020/4/20,0,0,0,0,0,23529.31571
VT,2020/4/27,0,0,0,0,0,24241.40857
VT,2020/5/4,0,0,0,0,0,29581.67571
VT,2020/5/11,0,0,0,0,0,26840.26429
VT,2020/5/18,0,0,0,0,0,29999.80714
VT,2020/5/25,0,0,0,0,0,33509.30857
VT,2020/6/1,0,0,0,0,0,39735.07714
VT,2020/6/8,0,0,0,0,0,53773.81143
VT,2020/6/15,0,0,0,0,0,62759.34571
VT,2020/6/22,0,0,0,0,0,65361.79571
VT,2020/6/29,0,0,0,0,0,73647.24714
VT,2020/7/6,73422.51143,73422.51143,73422.51143,73422.51143,73422.51143,73422.51143
VT,2020/10/26,102989.9265,59089.30996,44482.0762,28874.75402,21206.57877,0
VT,2021/4/26,108069.9727,62003.92925,46676.18403,30299.02036,22252.6073,0
VT,2022/1/24,120534.5527,69155.34156,52059.7241,33793.6503,24819.17964,0
WA,2020/2/17,0,0,0,0,0,1216743.75
WA,2020/2/24,0,0,0,0,0,1166299.426
WA,2020/3/2,0,0,0,0,0,1021220.971
WA,2020/3/9,0,0,0,0,0,819965.8671
WA,2020/3/16,0,0,0,0,0,296716.6986
WA,2020/3/23,0,0,0,0,0,279583.0157
WA,2020/3/30,0,0,0,0,0,301336.0071
WA,2020/4/6,0,0,0,0,0,311355.6057
WA,2020/4/13,0,0,0,0,0,357424.9171
WA,2020/4/20,0,0,0,0,0,375770.0043
WA,2020/4/27,0,0,0,0,0,388059.5886
WA,2020/5/4,0,0,0,0,0,512271.0671
WA,2020/5/11,0,0,0,0,0,469070.3
WA,2020/5/18,0,0,0,0,0,488803.5171
WA,2020/5/25,0,0,0,0,0,496478.8671
WA,2020/6/1,0,0,0,0,0,587082.5514
WA,2020/6/8,0,0,0,0,0,683613.1271
WA,2020/6/15,0,0,0,0,0,785521.31
WA,2020/6/22,0,0,0,0,0,772902.35
WA,2020/6/29,0,0,0,0,0,697083.7986
WA,2020/7/6,776814.7229,776814.7229,776814.7229,776814.7229,776814.7229,776814.7229
WA,2020/10/26,1563737.42,792973.9597,604361.7424,438416.988,338288.5669,0
WA,2021/4/26,1619012.363,821003.9792,625724.703,453914.1384,350246.3809,0
WA,2022/1/24,1145014.532,580638.8563,442531.4433,321021.8134,247704.8384,0
WI,2020/2/17,0,0,0,0,0,474180.13
WI,2020/2/24,0,0,0,0,0,477296.7214
WI,2020/3/2,0,0,0,0,0,482725.9343
WI,2020/3/9,0,0,0,0,0,394570.7514
WI,2020/3/16,0,0,0,0,0,135794.3514
WI,2020/3/23,0,0,0,0,0,125911.7171
WI,2020/3/30,0,0,0,0,0,130056.6771
WI,2020/4/6,0,0,0,0,0,126457.5014
WI,2020/4/13,0,0,0,0,0,146953.2729
WI,2020/4/20,0,0,0,0,0,148047.1643
WI,2020/4/27,0,0,0,0,0,156904.8929
WI,2020/5/4,0,0,0,0,0,184800.1086
WI,2020/5/11,0,0,0,0,0,184798.7771
WI,2020/5/18,0,0,0,0,0,262090.5543
WI,2020/5/25,0,0,0,0,0,303770.2729
WI,2020/6/1,0,0,0,0,0,336016.5014
WI,2020/6/8,0,0,0,0,0,375508.4671
WI,2020/6/15,0,0,0,0,0,432453.8
WI,2020/6/22,0,0,0,0,0,380734.1243
WI,2020/6/29,0,0,0,0,0,357984.4214
WI,2020/7/6,390186.6443,390186.6443,390186.6443,390186.6443,390186.6443,390186.6443
WI,2020/10/26,615897.7006,344745.7638,243986.3517,179191.6836,133239.2177,0
WI,2021/4/26,637003.1031,356559.4109,252347.2047,185332.1719,137805.0203,0
WI,2022/1/24,453834.2845,254031.5492,179785.33,132040.3201,98179.49467,0
WV,2020/2/17,0,0,0,0,0,58920.11714
WV,2020/2/24,0,0,0,0,0,60273.92143
WV,2020/3/2,0,0,0,0,0,61068.50714
WV,2020/3/9,0,0,0,0,0,52913.99429
WV,2020/3/16,0,0,0,0,0,30411.99714
WV,2020/3/23,0,0,0,0,0,22525.24857
WV,2020/3/30,0,0,0,0,0,24667.57286
WV,2020/4/6,0,0,0,0,0,26250.34714
WV,2020/4/13,0,0,0,0,0,35127.15857
WV,2020/4/20,0,0,0,0,0,33610.09143
WV,2020/4/27,0,0,0,0,0,36686.18857
WV,2020/5/4,0,0,0,0,0,38862.45286
WV,2020/5/11,0,0,0,0,0,36768.64857
WV,2020/5/18,0,0,0,0,0,40037.34571
WV,2020/5/25,0,0,0,0,0,47351.80286
WV,2020/6/1,0,0,0,0,0,55014.2
WV,2020/6/8,0,0,0,0,0,56136.1
WV,2020/6/15,0,0,0,0,0,58312.33571
WV,2020/6/22,0,0,0,0,0,57346.17286
WV,2020/6/29,0,0,0,0,0,50467.85571
WV,2020/7/6,55842.35143,55842.35143,55842.35143,55842.35143,55842.35143,55842.35143
WV,2020/10/26,67763.79636,47369.89435,37465.03796,27857.38851,22032.51943,0
WV,2021/4/26,71018.486,49645.06654,39264.48069,29195.37662,23090.73955,0
WV,2022/1/24,48825.95147,34131.50217,26994.7409,20072.1266,15875.1248,0