"State","Date","Dine_In_2020_weekly_pct"
"1","AL",2020-02-17,0.902031432825516
"2","AL",2020-02-24,0.90693989597038
"3","AL",2020-03-02,0.900391693084298
"4","AL",2020-03-09,0.900153289487023
"5","AL",2020-03-16,0.684518749929929
"6","AL",2020-03-23,0.485313071921523
"7","AL",2020-03-30,0.435757069145086
"8","AL",2020-04-06,0.432381401798105
"9","AL",2020-04-13,0.393259819995833
"10","AL",2020-04-20,0.385810971500745
"11","AL",2020-04-27,0.41110802591256
"12","AL",2020-05-04,0.424291572837148
"13","AL",2020-05-11,0.66312501405214
"14","AL",2020-05-18,0.718067305664152
"15","AL",2020-05-25,0.758072586287225
"16","AL",2020-06-01,0.774942236705457
"17","AL",2020-06-08,0.791964894635397
"18","AL",2020-06-15,0.795286052132959
"19","AL",2020-06-22,0.78812644362011
"20","AL",2020-06-29,0.778166445689733
"21","AL",2020-07-06,0.792370739047727
"22","AL",2020-07-13,0.695089873830384
"23","AL",2020-07-20,0.714072990579089
"24","AL",2020-07-27,0.697208119284132
"25","AL",2020-08-03,0.730414397103833
"26","AR",2020-02-17,0.789616589306836
"27","AR",2020-02-24,0.783935357822994
"28","AR",2020-03-02,0.766230747070591
"29","AR",2020-03-09,0.746998705427558
"30","AR",2020-03-16,0.457160350205248
"31","AR",2020-03-23,0.185927157655457
"32","AR",2020-03-30,0.169651722649426
"33","AR",2020-04-06,0.134071831908582
"34","AR",2020-04-13,0.160792762511657
"35","AR",2020-04-20,0.156580077362056
"36","AR",2020-04-27,0.15851940335394
"37","AR",2020-05-04,0.194186363047327
"38","AR",2020-05-11,0.387276729040535
"39","AR",2020-05-18,0.427164663816302
"40","AR",2020-05-25,0.522443749887595
"41","AR",2020-06-01,0.59470485259388
"42","AR",2020-06-08,0.614169965020029
"43","AR",2020-06-15,0.60736010123899
"44","AR",2020-06-22,0.606527794757328
"45","AR",2020-06-29,0.611188293556595
"46","AR",2020-07-06,0.612487235053968
"47","AR",2020-07-13,0.487429908780211
"48","AR",2020-07-20,0.521123836591248
"49","AR",2020-07-27,0.497994762871461
"50","AR",2020-08-03,0.518097673974654
"51","AZ",2020-02-17,0.911985107382196
"52","AZ",2020-02-24,0.911322845383417
"53","AZ",2020-03-02,0.908304649079731
"54","AZ",2020-03-09,0.900770479557828
"55","AZ",2020-03-16,0.696121687034026
"56","AZ",2020-03-23,0.542970855753764
"57","AZ",2020-03-30,0.535372014058471
"58","AZ",2020-04-06,0.54347703673331
"59","AZ",2020-04-13,0.54694773901268
"60","AZ",2020-04-20,0.551223766317314
"61","AZ",2020-04-27,0.543201356746775
"62","AZ",2020-05-04,0.547676179826453
"63","AZ",2020-05-11,0.723475296196107
"64","AZ",2020-05-18,0.768089401857361
"65","AZ",2020-05-25,0.793207061109896
"66","AZ",2020-06-01,0.786083785191905
"67","AZ",2020-06-08,0.810039569647254
"68","AZ",2020-06-15,0.791658414882663
"69","AZ",2020-06-22,0.773861511715277
"70","AZ",2020-06-29,0.741450348391711
"71","AZ",2020-07-06,0.737913756857639
"72","AZ",2020-07-13,0.59494680493123
"73","AZ",2020-07-20,0.656349260607253
"74","AZ",2020-07-27,0.661690843286833
"75","AZ",2020-08-03,0.672198010563796
"76","CA",2020-02-17,0.797068057888401
"77","CA",2020-02-24,0.791769656907386
"78","CA",2020-03-02,0.786116171616177
"79","CA",2020-03-09,0.742039842076173
"80","CA",2020-03-16,0.40920568869365
"81","CA",2020-03-23,0.354974188583615
"82","CA",2020-03-30,0.352396467601409
"83","CA",2020-04-06,0.333574329745307
"84","CA",2020-04-13,0.348845335631891
"85","CA",2020-04-20,0.349222950411401
"86","CA",2020-04-27,0.355133426693686
"87","CA",2020-05-04,0.346476841770888
"88","CA",2020-05-11,0.346415225439529
"89","CA",2020-05-18,0.378140273714089
"90","CA",2020-05-25,0.432981189780488
"91","CA",2020-06-01,0.481647874530009
"92","CA",2020-06-08,0.537817691884896
"93","CA",2020-06-15,0.555196636578385
"94","CA",2020-06-22,0.56586158028523
"95","CA",2020-06-29,0.527774263297834
"96","CA",2020-07-06,0.521035215922121
"97","CA",2020-07-13,0.573074763971076
"98","CA",2020-07-20,0.613640666743279
"99","CA",2020-07-27,0.604955589252868
"100","CA",2020-08-03,0.611802583532563
"101","CO",2020-02-17,0.849302846109413
"102","CO",2020-02-24,0.849717687232448
"103","CO",2020-03-02,0.852705271526124
"104","CO",2020-03-09,0.82771478034167
"105","CO",2020-03-16,0.405004855969747
"106","CO",2020-03-23,0.312483669983635
"107","CO",2020-03-30,0.285870413380754
"108","CO",2020-04-06,0.288607000016597
"109","CO",2020-04-13,0.276326138863866
"110","CO",2020-04-20,0.299528928909318
"111","CO",2020-04-27,0.320854742305823
"112","CO",2020-05-04,0.332270282064276
"113","CO",2020-05-11,0.33510798825207
"114","CO",2020-05-18,0.371479337430255
"115","CO",2020-05-25,0.501426646051822
"116","CO",2020-06-01,0.593751839260216
"117","CO",2020-06-08,0.644977492904419
"118","CO",2020-06-15,0.662688931492939
"119","CO",2020-06-22,0.686001319229838
"120","CO",2020-06-29,0.701312753352916
"121","CO",2020-07-06,0.698974227962624
"122","CO",2020-07-13,0.585295384133121
"123","CO",2020-07-20,0.61784087878762
"124","CO",2020-07-27,0.605953040731055
"125","CO",2020-08-03,0.581413135318389
"126","CT",2020-02-17,0.834120136935153
"127","CT",2020-02-24,0.821075221921747
"128","CT",2020-03-02,0.819372964510359
"129","CT",2020-03-09,0.779592191838074
"130","CT",2020-03-16,0.41056596350338
"131","CT",2020-03-23,0.316780292651733
"132","CT",2020-03-30,0.302998235796863
"133","CT",2020-04-06,0.316322009564627
"134","CT",2020-04-13,0.276665827088041
"135","CT",2020-04-20,0.267634005285584
"136","CT",2020-04-27,0.274207551893759
"137","CT",2020-05-04,0.279691631888151
"138","CT",2020-05-11,0.284510148163934
"139","CT",2020-05-18,0.404132784326167
"140","CT",2020-05-25,0.504138663529137
"141","CT",2020-06-01,0.544155540218383
"142","CT",2020-06-08,0.590532736129007
"143","CT",2020-06-15,0.625868010376842
"144","CT",2020-06-22,0.630129916716186
"145","CT",2020-06-29,0.616782676083621
"146","CT",2020-07-06,0.637320280413961
"147","CT",2020-07-13,0.515780212047654
"148","CT",2020-07-20,0.543888759738839
"149","CT",2020-07-27,0.533178472801127
"150","CT",2020-08-03,0.539877346836797
"151","DC",2020-02-17,0.87016742343784
"152","DC",2020-02-24,0.863569959968002
"153","DC",2020-03-02,0.864885737448176
"154","DC",2020-03-09,0.833560978838202
"155","DC",2020-03-16,0.402796601211021
"156","DC",2020-03-23,0.272578930116449
"157","DC",2020-03-30,0.249924089182919
"158","DC",2020-04-06,0.260572067226946
"159","DC",2020-04-13,0.242975075422121
"160","DC",2020-04-20,0.227813355953459
"161","DC",2020-04-27,0.250631315135204
"162","DC",2020-05-04,0.226458634665226
"163","DC",2020-05-11,0.252598971273393
"164","DC",2020-05-18,0.257415170515724
"165","DC",2020-05-25,0.319079335063245
"166","DC",2020-06-01,0.360744798829148
"167","DC",2020-06-08,0.432796422467459
"168","DC",2020-06-15,0.430955715798035
"169","DC",2020-06-22,0.482245856001088
"170","DC",2020-06-29,0.495270288753429
"171","DC",2020-07-06,0.496768181443588
"172","DC",2020-07-13,0.364804919888654
"173","DC",2020-07-20,0.434954732671681
"174","DC",2020-07-27,0.42202504414977
"175","DC",2020-08-03,0.403268094388232
"176","DE",2020-02-17,0.82072781825292
"177","DE",2020-02-24,0.807653741421458
"178","DE",2020-03-02,0.813883568714001
"179","DE",2020-03-09,0.803471198257423
"180","DE",2020-03-16,0.45432122373211
"181","DE",2020-03-23,0.345447915400511
"182","DE",2020-03-30,0.343093234920486
"183","DE",2020-04-06,0.357435494813763
"184","DE",2020-04-13,0.306522877967289
"185","DE",2020-04-20,0.323956557181383
"186","DE",2020-04-27,0.335742503749311
"187","DE",2020-05-04,0.342718440382548
"188","DE",2020-05-11,0.350094461718278
"189","DE",2020-05-18,0.355397834792673
"190","DE",2020-05-25,0.396073551262901
"191","DE",2020-06-01,0.538273754341215
"192","DE",2020-06-08,0.593937388104344
"193","DE",2020-06-15,0.624355816151516
"194","DE",2020-06-22,0.615965477998264
"195","DE",2020-06-29,0.606407462137626
"196","DE",2020-07-06,0.597956251883543
"197","DE",2020-07-13,0.545003274440319
"198","DE",2020-07-20,0.560682494429347
"199","DE",2020-07-27,0.546987289714265
"200","DE",2020-08-03,0.535441189825131
"201","FL",2020-02-17,0.870986195228506
"202","FL",2020-02-24,0.867583914222444
"203","FL",2020-03-02,0.867316462850271
"204","FL",2020-03-09,0.854201293411762
"205","FL",2020-03-16,0.581848815522508
"206","FL",2020-03-23,0.308976011464259
"207","FL",2020-03-30,0.288573121456048
"208","FL",2020-04-06,0.294805800219979
"209","FL",2020-04-13,0.270890226386423
"210","FL",2020-04-20,0.279407137317111
"211","FL",2020-04-27,0.293997706226447
"212","FL",2020-05-04,0.458120841320938
"213","FL",2020-05-11,0.530256022311369
"214","FL",2020-05-18,0.590996300851612
"215","FL",2020-05-25,0.643475592357018
"216","FL",2020-06-01,0.666007082894172
"217","FL",2020-06-08,0.711836923662808
"218","FL",2020-06-15,0.700338522608523
"219","FL",2020-06-22,0.675432698928051
"220","FL",2020-06-29,0.648852046150488
"221","FL",2020-07-06,0.641956814764794
"222","FL",2020-07-13,0.763350439659499
"223","FL",2020-07-20,0.753416189424467
"224","FL",2020-07-27,0.741415545710563
"225","FL",2020-08-03,0.728871188761826
"226","GA",2020-02-17,0.845515708313593
"227","GA",2020-02-24,0.841003398786138
"228","GA",2020-03-02,0.843151469995252
"229","GA",2020-03-09,0.838213136030016
"230","GA",2020-03-16,0.636456980284514
"231","GA",2020-03-23,0.396667352221875
"232","GA",2020-03-30,0.332634319228469
"233","GA",2020-04-06,0.334565026637663
"234","GA",2020-04-13,0.293535777779905
"235","GA",2020-04-20,0.306443811227499
"236","GA",2020-04-27,0.408392618861188
"237","GA",2020-05-04,0.474532603341637
"238","GA",2020-05-11,0.545000196762998
"239","GA",2020-05-18,0.611191775884536
"240","GA",2020-05-25,0.65839886805394
"241","GA",2020-06-01,0.696218089061199
"242","GA",2020-06-08,0.690675878445101
"243","GA",2020-06-15,0.696747690764108
"244","GA",2020-06-22,0.694626691451033
"245","GA",2020-06-29,0.70034968886608
"246","GA",2020-07-06,0.687142881707698
"247","GA",2020-07-13,0.60009823209697
"248","GA",2020-07-20,0.603463888659579
"249","GA",2020-07-27,0.584280528210405
"250","GA",2020-08-03,0.573169938250077
"251","IA",2020-02-17,0.878011329320465
"252","IA",2020-02-24,0.882202020311248
"253","IA",2020-03-02,0.874599741520371
"254","IA",2020-03-09,0.868205965067785
"255","IA",2020-03-16,0.47262715082223
"256","IA",2020-03-23,0.416156187772304
"257","IA",2020-03-30,0.412453605074369
"258","IA",2020-04-06,0.433218544991315
"259","IA",2020-04-13,0.398571930476333
"260","IA",2020-04-20,0.406023246128428
"261","IA",2020-04-27,0.459557907918677
"262","IA",2020-05-04,0.466824637721756
"263","IA",2020-05-11,0.516348517405907
"264","IA",2020-05-18,0.602319433665354
"265","IA",2020-05-25,0.655520152636087
"266","IA",2020-06-01,0.677831042922719
"267","IA",2020-06-08,0.741611070144013
"268","IA",2020-06-15,0.753981252813344
"269","IA",2020-06-22,0.740362761351791
"270","IA",2020-06-29,0.731927360017377
"271","IA",2020-07-06,0.731677741359773
"272","IA",2020-07-13,0.629060164910638
"273","IA",2020-07-20,0.64527034374309
"274","IA",2020-07-27,0.636799754711214
"275","IA",2020-08-03,0.658377941893615
"276","ID",2020-02-17,0.928397296902602
"277","ID",2020-02-24,0.928698961163756
"278","ID",2020-03-02,0.924822671631824
"279","ID",2020-03-09,0.923599753685707
"280","ID",2020-03-16,0.85944639022779
"281","ID",2020-03-23,0.775088893768079
"282","ID",2020-03-30,0.758867482911485
"283","ID",2020-04-06,0.729297609374269
"284","ID",2020-04-13,0.721044682173428
"285","ID",2020-04-20,0.731432978947966
"286","ID",2020-04-27,0.742690758397104
"287","ID",2020-05-04,0.756045799810436
"288","ID",2020-05-11,0.777427961203602
"289","ID",2020-05-18,0.848399363381075
"290","ID",2020-05-25,0.858831139150627
"291","ID",2020-06-01,0.861283292884267
"292","ID",2020-06-08,0.872615412782382
"293","ID",2020-06-15,0.879108851219188
"294","ID",2020-06-22,0.868588715674976
"295","ID",2020-06-29,0.872452492586253
"296","ID",2020-07-06,0.865301066970736
"297","ID",2020-07-13,0.815497256853207
"298","ID",2020-07-20,0.838158088359815
"299","ID",2020-07-27,0.836125569295773
"300","ID",2020-08-03,0.826263138033252
"301","IL",2020-02-17,0.864022451931446
"302","IL",2020-02-24,0.857150509965363
"303","IL",2020-03-02,0.859396607407885
"304","IL",2020-03-09,0.8333517368998
"305","IL",2020-03-16,0.416048578076636
"306","IL",2020-03-23,0.300484333099132
"307","IL",2020-03-30,0.287307214817707
"308","IL",2020-04-06,0.293891370209852
"309","IL",2020-04-13,0.292013998735682
"310","IL",2020-04-20,0.280406337565008
"311","IL",2020-04-27,0.29823942883989
"312","IL",2020-05-04,0.281107258842091
"313","IL",2020-05-11,0.283606532472287
"314","IL",2020-05-18,0.291214211814768
"315","IL",2020-05-25,0.409702966125848
"316","IL",2020-06-01,0.5618870153297
"317","IL",2020-06-08,0.618343729951052
"318","IL",2020-06-15,0.644009939036327
"319","IL",2020-06-22,0.667808628550751
"320","IL",2020-06-29,0.683225883175053
"321","IL",2020-07-06,0.694353479296401
"322","IL",2020-07-13,0.600498649462064
"323","IL",2020-07-20,0.62328866023221
"324","IL",2020-07-27,0.609636960437884
"325","IL",2020-08-03,0.604511773539148
"326","IN",2020-02-17,0.862105137391874
"327","IN",2020-02-24,0.855630783700928
"328","IN",2020-03-02,0.857450324341126
"329","IN",2020-03-09,0.833001750182637
"330","IN",2020-03-16,0.331621519419735
"331","IN",2020-03-23,0.26389909529658
"332","IN",2020-03-30,0.247963301144211
"333","IN",2020-04-06,0.272516489971389
"334","IN",2020-04-13,0.222980430936952
"335","IN",2020-04-20,0.22617952102344
"336","IN",2020-04-27,0.238654098606615
"337","IN",2020-05-04,0.227177833947523
"338","IN",2020-05-11,0.506082607451001
"339","IN",2020-05-18,0.58729303149906
"340","IN",2020-05-25,0.641414263539305
"341","IN",2020-06-01,0.676831646544179
"342","IN",2020-06-08,0.72544472498943
"343","IN",2020-06-15,0.747479577358957
"344","IN",2020-06-22,0.757885587184263
"345","IN",2020-06-29,0.750873876102079
"346","IN",2020-07-06,0.748674026897937
"347","IN",2020-07-13,0.644180965679089
"348","IN",2020-07-20,0.671060997258003
"349","IN",2020-07-27,0.666355668624009
"350","IN",2020-08-03,0.661878760899001
"351","KS",2020-02-17,0.839504777248717
"352","KS",2020-02-24,0.832879007921588
"353","KS",2020-03-02,0.831379238855106
"354","KS",2020-03-09,0.805377887618375
"355","KS",2020-03-16,0.553071208781896
"356","KS",2020-03-23,0.421253542812654
"357","KS",2020-03-30,0.37536872335879
"358","KS",2020-04-06,0.386949127760491
"359","KS",2020-04-13,0.360206826378203
"360","KS",2020-04-20,0.390451349656095
"361","KS",2020-04-27,0.417288672412043
"362","KS",2020-05-04,0.466034134917398
"363","KS",2020-05-11,0.53761235372183
"364","KS",2020-05-18,0.579255005977237
"365","KS",2020-05-25,0.625090120371719
"366","KS",2020-06-01,0.667145709595733
"367","KS",2020-06-08,0.688043609010365
"368","KS",2020-06-15,0.700473423358265
"369","KS",2020-06-22,0.691000257281567
"370","KS",2020-06-29,0.657072269133085
"371","KS",2020-07-06,0.659185294411119
"372","KS",2020-07-13,0.594055231228713
"373","KS",2020-07-20,0.622936956964013
"374","KS",2020-07-27,0.603660533689806
"375","KS",2020-08-03,0.614255910006766
"376","KY",2020-02-17,0.898660056665777
"377","KY",2020-02-24,0.898899189935483
"378","KY",2020-03-02,0.897801414048317
"379","KY",2020-03-09,0.87134289759264
"380","KY",2020-03-16,0.342598826580004
"381","KY",2020-03-23,0.283435306660424
"382","KY",2020-03-30,0.305187486961327
"383","KY",2020-04-06,0.289797987523875
"384","KY",2020-04-13,0.259670981801257
"385","KY",2020-04-20,0.249535359610025
"386","KY",2020-04-27,0.26137259591997
"387","KY",2020-05-04,0.263497051850427
"388","KY",2020-05-11,0.271357816044696
"389","KY",2020-05-18,0.480556879396952
"390","KY",2020-05-25,0.651463690205359
"391","KY",2020-06-01,0.709472498257014
"392","KY",2020-06-08,0.744288306489558
"393","KY",2020-06-15,0.742589697507381
"394","KY",2020-06-22,0.761337900673041
"395","KY",2020-06-29,0.773157618072132
"396","KY",2020-07-06,0.759289653263577
"397","KY",2020-07-13,0.655740744688681
"398","KY",2020-07-20,0.697328418768962
"399","KY",2020-07-27,0.692707735061944
"400","KY",2020-08-03,0.687766397389837
"401","LA",2020-02-17,0.918871125371575
"402","LA",2020-02-24,0.917060379632674
"403","LA",2020-03-02,0.91760075327016
"404","LA",2020-03-09,0.908631600514383
"405","LA",2020-03-16,0.599083887627098
"406","LA",2020-03-23,0.472311644010693
"407","LA",2020-03-30,0.495907256126788
"408","LA",2020-04-06,0.481824252794187
"409","LA",2020-04-13,0.501148643827213
"410","LA",2020-04-20,0.475697074930384
"411","LA",2020-04-27,0.491266574942282
"412","LA",2020-05-04,0.481577589644481
"413","LA",2020-05-11,0.552003143765055
"414","LA",2020-05-18,0.652311750905043
"415","LA",2020-05-25,0.688902478058203
"416","LA",2020-06-01,0.720547538969109
"417","LA",2020-06-08,0.768698082513336
"418","LA",2020-06-15,0.773970894264691
"419","LA",2020-06-22,0.764344412711112
"420","LA",2020-06-29,0.755829462042732
"421","LA",2020-07-06,0.765155443442333
"422","LA",2020-07-13,0.673040387087733
"423","LA",2020-07-20,0.690085281143729
"424","LA",2020-07-27,0.691794355763661
"425","LA",2020-08-03,0.680190997455375
"426","MA",2020-02-17,0.82436797425299
"427","MA",2020-02-24,0.816092450247322
"428","MA",2020-03-02,0.817004163494351
"429","MA",2020-03-09,0.78071634646556
"430","MA",2020-03-16,0.402205260886158
"431","MA",2020-03-23,0.302949457819302
"432","MA",2020-03-30,0.276535632371366
"433","MA",2020-04-06,0.275012627710286
"434","MA",2020-04-13,0.262008679964689
"435","MA",2020-04-20,0.258438242518792
"436","MA",2020-04-27,0.259322354198771
"437","MA",2020-05-04,0.253848046216574
"438","MA",2020-05-11,0.250237971806561
"439","MA",2020-05-18,0.251902312469391
"440","MA",2020-05-25,0.250541911892048
"441","MA",2020-06-01,0.254207120684988
"442","MA",2020-06-08,0.460550950045356
"443","MA",2020-06-15,0.513170538670773
"444","MA",2020-06-22,0.565903428455103
"445","MA",2020-06-29,0.578632519520937
"446","MA",2020-07-06,0.595183928476311
"447","MA",2020-07-13,0.4606586549356
"448","MA",2020-07-20,0.493751839154179
"449","MA",2020-07-27,0.484204247595032
"450","MA",2020-08-03,0.470477738843068
"451","MD",2020-02-17,0.835430220900917
"452","MD",2020-02-24,0.823095152277515
"453","MD",2020-03-02,0.826351967998672
"454","MD",2020-03-09,0.79986180077609
"455","MD",2020-03-16,0.402622820681021
"456","MD",2020-03-23,0.344849018432456
"457","MD",2020-03-30,0.327815221333318
"458","MD",2020-04-06,0.349448270389185
"459","MD",2020-04-13,0.312684285752551
"460","MD",2020-04-20,0.304628120648438
"461","MD",2020-04-27,0.315596465689813
"462","MD",2020-05-04,0.328459814224031
"463","MD",2020-05-11,0.344689758956992
"464","MD",2020-05-18,0.346003645687726
"465","MD",2020-05-25,0.410303461079637
"466","MD",2020-06-01,0.49708282746061
"467","MD",2020-06-08,0.577624107499583
"468","MD",2020-06-15,0.586651537482268
"469","MD",2020-06-22,0.61815051708341
"470","MD",2020-06-29,0.630034247872064
"471","MD",2020-07-06,0.619123445839374
"472","MD",2020-07-13,0.435112916608761
"473","MD",2020-07-20,0.478225178345677
"474","MD",2020-07-27,0.469138626508746
"475","MD",2020-08-03,0.457550095061447
"476","ME",2020-02-17,0.853834255786419
"477","ME",2020-02-24,0.832452007065589
"478","ME",2020-03-02,0.831916519857256
"479","ME",2020-03-09,0.821687227229064
"480","ME",2020-03-16,0.491505345264644
"481","ME",2020-03-23,0.356646283038625
"482","ME",2020-03-30,0.332030226665307
"483","ME",2020-04-06,0.344609466226777
"484","ME",2020-04-13,0.369969736185326
"485","ME",2020-04-20,0.286407436013514
"486","ME",2020-04-27,0.249762369285945
"487","ME",2020-05-04,0.236663954442203
"488","ME",2020-05-11,0.236819790558899
"489","ME",2020-05-18,0.315151460834177
"490","ME",2020-05-25,0.321289880036219
"491","ME",2020-06-01,0.505864980217268
"492","ME",2020-06-08,0.549314009323729
"493","ME",2020-06-15,0.565941402774351
"494","ME",2020-06-22,0.589053441035181
"495","ME",2020-06-29,0.588324300096337
"496","ME",2020-07-06,0.598641773228921
"497","ME",2020-07-13,0.563824693212688
"498","ME",2020-07-20,0.563090705297009
"499","ME",2020-07-27,0.570637576684447
"500","ME",2020-08-03,0.554138754712325
"501","MI",2020-02-17,0.834025694895835
"502","MI",2020-02-24,0.82006320314392
"503","MI",2020-03-02,0.823153805494038
"504","MI",2020-03-09,0.793253090425812
"505","MI",2020-03-16,0.327901349408596
"506","MI",2020-03-23,0.283598574061611
"507","MI",2020-03-30,0.257473344379491
"508","MI",2020-04-06,0.274461458505257
"509","MI",2020-04-13,0.251190809876218
"510","MI",2020-04-20,0.257516789651034
"511","MI",2020-04-27,0.251465949709408
"512","MI",2020-05-04,0.235460290003475
"513","MI",2020-05-11,0.238377190630219
"514","MI",2020-05-18,0.279339785761978
"515","MI",2020-05-25,0.286756977940191
"516","MI",2020-06-01,0.319760818885838
"517","MI",2020-06-08,0.613970193270896
"518","MI",2020-06-15,0.638936944248687
"519","MI",2020-06-22,0.663123264841856
"520","MI",2020-06-29,0.653758904768925
"521","MI",2020-07-06,0.651940770482817
"522","MI",2020-07-13,0.568494544850332
"523","MI",2020-07-20,0.606308619657652
"524","MI",2020-07-27,0.587276514781047
"525","MI",2020-08-03,0.57442177344021
"526","MN",2020-02-17,0.880977653143085
"527","MN",2020-02-24,0.878601115833683
"528","MN",2020-03-02,0.885888571213059
"529","MN",2020-03-09,0.855973220942917
"530","MN",2020-03-16,0.387820761396612
"531","MN",2020-03-23,0.234587441321259
"532","MN",2020-03-30,0.244843783204259
"533","MN",2020-04-06,0.255436297809789
"534","MN",2020-04-13,0.257485328787872
"535","MN",2020-04-20,0.278457472389328
"536","MN",2020-04-27,0.261636376845759
"537","MN",2020-05-04,0.263672649302847
"538","MN",2020-05-11,0.256336398867008
"539","MN",2020-05-18,0.24880004784558
"540","MN",2020-05-25,0.289736290586347
"541","MN",2020-06-01,0.43207716825877
"542","MN",2020-06-08,0.572019961658556
"543","MN",2020-06-15,0.602920269724891
"544","MN",2020-06-22,0.633596657026834
"545","MN",2020-06-29,0.619164475748603
"546","MN",2020-07-06,0.619521388024655
"547","MN",2020-07-13,0.576467841906186
"548","MN",2020-07-20,0.607204956431524
"549","MN",2020-07-27,0.58963967884319
"550","MN",2020-08-03,0.596338842613119
"551","MO",2020-02-17,0.867155644195122
"552","MO",2020-02-24,0.865084473776323
"553","MO",2020-03-02,0.870969391974939
"554","MO",2020-03-09,0.84615772220346
"555","MO",2020-03-16,0.493767351614576
"556","MO",2020-03-23,0.312162371435856
"557","MO",2020-03-30,0.286754728278812
"558","MO",2020-04-06,0.279667266028944
"559","MO",2020-04-13,0.274077833776656
"560","MO",2020-04-20,0.273817458396388
"561","MO",2020-04-27,0.282481082010502
"562","MO",2020-05-04,0.371455818450709
"563","MO",2020-05-11,0.431497831044011
"564","MO",2020-05-18,0.531797744018473
"565","MO",2020-05-25,0.591409150465987
"566","MO",2020-06-01,0.648473653467504
"567","MO",2020-06-08,0.684908345730138
"568","MO",2020-06-15,0.694598410338791
"569","MO",2020-06-22,0.70954222485801
"570","MO",2020-06-29,0.67978162415891
"571","MO",2020-07-06,0.702705567915847
"572","MO",2020-07-13,0.631506901294871
"573","MO",2020-07-20,0.666668456738841
"574","MO",2020-07-27,0.642712412762952
"575","MO",2020-08-03,0.643533197312096
"576","MS",2020-02-17,0.939341460897857
"577","MS",2020-02-24,0.937323937300206
"578","MS",2020-03-02,0.938478066991041
"579","MS",2020-03-09,0.94288950158937
"580","MS",2020-03-16,0.7948359762161
"581","MS",2020-03-23,0.702093428167385
"582","MS",2020-03-30,0.722416599813628
"583","MS",2020-04-06,0.689756292073051
"584","MS",2020-04-13,0.701927931773006
"585","MS",2020-04-20,0.703279096693973
"586","MS",2020-04-27,0.725178643473891
"587","MS",2020-05-04,0.758786410598394
"588","MS",2020-05-11,0.807517556705564
"589","MS",2020-05-18,0.847151111722762
"590","MS",2020-05-25,0.852862622889854
"591","MS",2020-06-01,0.87648948397668
"592","MS",2020-06-08,0.885722817575916
"593","MS",2020-06-15,0.897552315781759
"594","MS",2020-06-22,0.892172893572176
"595","MS",2020-06-29,0.882551847114311
"596","MS",2020-07-06,0.874757525418838
"597","MS",2020-07-13,0.717107612272267
"598","MS",2020-07-20,0.726418135925956
"599","MS",2020-07-27,0.731317283398782
"600","MS",2020-08-03,0.717486774172478
"601","MT",2020-02-17,0.910480291417653
"602","MT",2020-02-24,0.909295918391031
"603","MT",2020-03-02,0.908201196311968
"604","MT",2020-03-09,0.912152784798138
"605","MT",2020-03-16,0.631844577693898
"606","MT",2020-03-23,0.389068544159582
"607","MT",2020-03-30,0.395157647348688
"608","MT",2020-04-06,0.37418882496522
"609","MT",2020-04-13,0.379483283665083
"610","MT",2020-04-20,0.382616183330663
"611","MT",2020-04-27,0.378147072334711
"612","MT",2020-05-04,0.786991457695098
"613","MT",2020-05-11,0.837464693163932
"614","MT",2020-05-18,0.85602371114907
"615","MT",2020-05-25,0.868496812581422
"616","MT",2020-06-01,0.896836369985652
"617","MT",2020-06-08,0.901835624725907
"618","MT",2020-06-15,0.902934696233272
"619","MT",2020-06-22,0.891165827148382
"620","MT",2020-06-29,0.879690551011843
"621","MT",2020-07-06,0.882125499848307
"622","MT",2020-07-13,0.81348234674018
"623","MT",2020-07-20,0.821846233970088
"624","MT",2020-07-27,0.811442716277281
"625","MT",2020-08-03,0.803884022999054
"626","NC",2020-02-17,0.819020295327486
"627","NC",2020-02-24,0.807642240852319
"628","NC",2020-03-02,0.806947962394685
"629","NC",2020-03-09,0.798489476356746
"630","NC",2020-03-16,0.454027415805237
"631","NC",2020-03-23,0.324874770012791
"632","NC",2020-03-30,0.284763988299512
"633","NC",2020-04-06,0.293590667534367
"634","NC",2020-04-13,0.270351615494759
"635","NC",2020-04-20,0.268880835939481
"636","NC",2020-04-27,0.286706222918996
"637","NC",2020-05-04,0.277111687642148
"638","NC",2020-05-11,0.278025340516676
"639","NC",2020-05-18,0.39479744520962
"640","NC",2020-05-25,0.51512956190888
"641","NC",2020-06-01,0.553690118770499
"642","NC",2020-06-08,0.593115915827124
"643","NC",2020-06-15,0.592088592368178
"644","NC",2020-06-22,0.583343195888397
"645","NC",2020-06-29,0.585333272096269
"646","NC",2020-07-06,0.578805059812922
"647","NC",2020-07-13,0.594369267449032
"648","NC",2020-07-20,0.630934665550484
"649","NC",2020-07-27,0.627508191801204
"650","NC",2020-08-03,0.638817918224105
"651","NE",2020-02-17,0.887136587751349
"652","NE",2020-02-24,0.890456199536656
"653","NE",2020-03-02,0.89572846118842
"654","NE",2020-03-09,0.878631415074917
"655","NE",2020-03-16,0.528072406653734
"656","NE",2020-03-23,0.423082318262292
"657","NE",2020-03-30,0.39945801736692
"658","NE",2020-04-06,0.415870297916014
"659","NE",2020-04-13,0.395141406619818
"660","NE",2020-04-20,0.40023861640809
"661","NE",2020-04-27,0.415465062568666
"662","NE",2020-05-04,0.423741558099983
"663","NE",2020-05-11,0.47910173562776
"664","NE",2020-05-18,0.626135741788803
"665","NE",2020-05-25,0.665988434588426
"666","NE",2020-06-01,0.740492141485099
"667","NE",2020-06-08,0.776341458389695
"668","NE",2020-06-15,0.788897682246152
"669","NE",2020-06-22,0.802940552732218
"670","NE",2020-06-29,0.795952585027736
"671","NE",2020-07-06,0.8170432784439
"672","NE",2020-07-13,0.6387413211442
"673","NE",2020-07-20,0.671181128643466
"674","NE",2020-07-27,0.680948667489402
"675","NE",2020-08-03,0.661780823352455
"676","NH",2020-02-17,0.763699284566115
"677","NH",2020-02-24,0.757831493945842
"678","NH",2020-03-02,0.750923539577435
"679","NH",2020-03-09,0.738365549407589
"680","NH",2020-03-16,0.398123409989557
"681","NH",2020-03-23,0.302889605063395
"682","NH",2020-03-30,0.3022057196052
"683","NH",2020-04-06,0.29630406657102
"684","NH",2020-04-13,0.278214737991448
"685","NH",2020-04-20,0.283839805448223
"686","NH",2020-04-27,0.269812264614504
"687","NH",2020-05-04,0.279158025887611
"688","NH",2020-05-11,0.27588040099811
"689","NH",2020-05-18,0.385366605519192
"690","NH",2020-05-25,0.410020745352866
"691","NH",2020-06-01,0.429297497412031
"692","NH",2020-06-08,0.438715090648184
"693","NH",2020-06-15,0.545033592038149
"694","NH",2020-06-22,0.555938117464377
"695","NH",2020-06-29,0.550687506732553
"696","NH",2020-07-06,0.555661513247648
"697","NH",2020-07-13,0.424306350475325
"698","NH",2020-07-20,0.456491250017117
"699","NH",2020-07-27,0.446482973796217
"700","NH",2020-08-03,0.456344201988691
"701","NJ",2020-02-17,0.744535005424282
"702","NJ",2020-02-24,0.73901935805534
"703","NJ",2020-03-02,0.745559400529176
"704","NJ",2020-03-09,0.710031180170581
"705","NJ",2020-03-16,0.322679554793085
"706","NJ",2020-03-23,0.225269434784536
"707","NJ",2020-03-30,0.222517408779021
"708","NJ",2020-04-06,0.230343956507617
"709","NJ",2020-04-13,0.209435136866094
"710","NJ",2020-04-20,0.200722393750535
"711","NJ",2020-04-27,0.204452366635077
"712","NJ",2020-05-04,0.212316408452584
"713","NJ",2020-05-11,0.197759408542202
"714","NJ",2020-05-18,0.204144272583259
"715","NJ",2020-05-25,0.216546432279089
"716","NJ",2020-06-01,0.233109873456077
"717","NJ",2020-06-08,0.236310937906251
"718","NJ",2020-06-15,0.483990461394515
"719","NJ",2020-06-22,0.506442898481984
"720","NJ",2020-06-29,0.522916620690781
"721","NJ",2020-07-06,0.495166138228569
"722","NJ",2020-07-13,0.373826981849817
"723","NJ",2020-07-20,0.419244703959454
"724","NJ",2020-07-27,0.410973159093744
"725","NJ",2020-08-03,0.400375964977542
"726","NM",2020-02-17,0.894882208585904
"727","NM",2020-02-24,0.890865007834435
"728","NM",2020-03-02,0.889165453242684
"729","NM",2020-03-09,0.878065071789369
"730","NM",2020-03-16,0.555156172597658
"731","NM",2020-03-23,0.399978032052412
"732","NM",2020-03-30,0.319193831668704
"733","NM",2020-04-06,0.321955286981878
"734","NM",2020-04-13,0.300503901546801
"735","NM",2020-04-20,0.29803610376667
"736","NM",2020-04-27,0.26910240439597
"737","NM",2020-05-04,0.34931251269892
"738","NM",2020-05-11,0.355655289904765
"739","NM",2020-05-18,0.353059641700391
"740","NM",2020-05-25,0.415234018576584
"741","NM",2020-06-01,0.586691344523131
"742","NM",2020-06-08,0.690781289048579
"743","NM",2020-06-15,0.712948762324578
"744","NM",2020-06-22,0.722807634889854
"745","NM",2020-06-29,0.727236171324208
"746","NM",2020-07-06,0.689811264755493
"747","NM",2020-07-13,0.568491852140111
"748","NM",2020-07-20,0.618884890700123
"749","NM",2020-07-27,0.609354920061024
"750","NM",2020-08-03,0.595859765039647
"751","NV",2020-02-17,0.862614062399332
"752","NV",2020-02-24,0.865648010205143
"753","NV",2020-03-02,0.861010453418371
"754","NV",2020-03-09,0.852062787259106
"755","NV",2020-03-16,0.503331245892123
"756","NV",2020-03-23,0.312727615308894
"757","NV",2020-03-30,0.315117909759271
"758","NV",2020-04-06,0.302552119735114
"759","NV",2020-04-13,0.296201392466177
"760","NV",2020-04-20,0.305022720809184
"761","NV",2020-04-27,0.295450749918312
"762","NV",2020-05-04,0.338700867205152
"763","NV",2020-05-11,0.480893103919356
"764","NV",2020-05-18,0.54664772901865
"765","NV",2020-05-25,0.595009380940672
"766","NV",2020-06-01,0.66563465396542
"767","NV",2020-06-08,0.717253082756992
"768","NV",2020-06-15,0.724467622256751
"769","NV",2020-06-22,0.710863321191321
"770","NV",2020-06-29,0.711173245630059
"771","NV",2020-07-06,0.69160061507094
"772","NV",2020-07-13,0.561446931523501
"773","NV",2020-07-20,0.59830482308093
"774","NV",2020-07-27,0.598336303277633
"775","NV",2020-08-03,0.575365988549341
"776","NY",2020-02-17,0.824899323610396
"777","NY",2020-02-24,0.810421768963869
"778","NY",2020-03-02,0.810759050241053
"779","NY",2020-03-09,0.769552068159509
"780","NY",2020-03-16,0.380071535308513
"781","NY",2020-03-23,0.265507671672371
"782","NY",2020-03-30,0.250624851831682
"783","NY",2020-04-06,0.259874066229396
"784","NY",2020-04-13,0.263563665101647
"785","NY",2020-04-20,0.261515725789062
"786","NY",2020-04-27,0.287072302446032
"787","NY",2020-05-04,0.290750051675986
"788","NY",2020-05-11,0.297257663480857
"789","NY",2020-05-18,0.301942267546402
"790","NY",2020-05-25,0.306746597676131
"791","NY",2020-06-01,0.344662755250567
"792","NY",2020-06-08,0.44342975201755
"793","NY",2020-06-15,0.481073763174049
"794","NY",2020-06-22,0.56349043141816
"795","NY",2020-06-29,0.575560200027492
"796","NY",2020-07-06,0.579904199102402
"797","NY",2020-07-13,0.471028247626828
"798","NY",2020-07-20,0.510133794201758
"799","NY",2020-07-27,0.491716017744243
"800","NY",2020-08-03,0.478430047076958
"801","OH",2020-02-17,0.792601572227262
"802","OH",2020-02-24,0.775850081061119
"803","OH",2020-03-02,0.779893567195788
"804","OH",2020-03-09,0.743193575202192
"805","OH",2020-03-16,0.0928657864654018
"806","OH",2020-03-23,0.0640016917691534
"807","OH",2020-03-30,0.0623547639400734
"808","OH",2020-04-06,0.0901199527873067
"809","OH",2020-04-13,0.0592760658756087
"810","OH",2020-04-20,0.0593024072554738
"811","OH",2020-04-27,0.0719402692761112
"812","OH",2020-05-04,0.0583680040825717
"813","OH",2020-05-11,0.162752528527844
"814","OH",2020-05-18,0.347000926167511
"815","OH",2020-05-25,0.494000824287874
"816","OH",2020-06-01,0.54317603135741
"817","OH",2020-06-08,0.584815582373069
"818","OH",2020-06-15,0.594051053044777
"819","OH",2020-06-22,0.607824898221044
"820","OH",2020-06-29,0.585139304221971
"821","OH",2020-07-06,0.569542831941534
"822","OH",2020-07-13,0.541427555760305
"823","OH",2020-07-20,0.559734425769722
"824","OH",2020-07-27,0.547590478676328
"825","OH",2020-08-03,0.538854519934354
"826","OK",2020-02-17,0.791669247881137
"827","OK",2020-02-24,0.790819819071836
"828","OK",2020-03-02,0.78702591679316
"829","OK",2020-03-09,0.760966394910237
"830","OK",2020-03-16,0.371211587045022
"831","OK",2020-03-23,0.204915509623096
"832","OK",2020-03-30,0.184378456272032
"833","OK",2020-04-06,0.188458991493513
"834","OK",2020-04-13,0.167793239781198
"835","OK",2020-04-20,0.192287976867824
"836","OK",2020-04-27,0.229552055658476
"837","OK",2020-05-04,0.305023632496624
"838","OK",2020-05-11,0.379242938810917
"839","OK",2020-05-18,0.426877607917776
"840","OK",2020-05-25,0.593471230386188
"841","OK",2020-06-01,0.634291480305653
"842","OK",2020-06-08,0.665748112290894
"843","OK",2020-06-15,0.636378948227187
"844","OK",2020-06-22,0.650509103740185
"845","OK",2020-06-29,0.628754473895547
"846","OK",2020-07-06,0.613323454277543
"847","OK",2020-07-13,0.541680619571214
"848","OK",2020-07-20,0.560166100958957
"849","OK",2020-07-27,0.554475748523274
"850","OK",2020-08-03,0.536920957034099
"851","OR",2020-02-17,0.891842979122747
"852","OR",2020-02-24,0.889791241527508
"853","OR",2020-03-02,0.877976521526172
"854","OR",2020-03-09,0.859261743645628
"855","OR",2020-03-16,0.645452191632126
"856","OR",2020-03-23,0.551228837119377
"857","OR",2020-03-30,0.539811247150506
"858","OR",2020-04-06,0.543341317551221
"859","OR",2020-04-13,0.547544174185527
"860","OR",2020-04-20,0.54058949851256
"861","OR",2020-04-27,0.547080972259971
"862","OR",2020-05-04,0.534762242540631
"863","OR",2020-05-11,0.563078949334419
"864","OR",2020-05-18,0.621680163071968
"865","OR",2020-05-25,0.658985907981934
"866","OR",2020-06-01,0.695393068758547
"867","OR",2020-06-08,0.729104037171657
"868","OR",2020-06-15,0.733869455080337
"869","OR",2020-06-22,0.74565498324205
"870","OR",2020-06-29,0.735414880067445
"871","OR",2020-07-06,0.736912606248204
"872","OR",2020-07-13,0.657499398207299
"873","OR",2020-07-20,0.684650816143344
"874","OR",2020-07-27,0.680214888962856
"875","OR",2020-08-03,0.675862975083104
"876","PA",2020-02-17,0.852536493605335
"877","PA",2020-02-24,0.84815898772835
"878","PA",2020-03-02,0.849288135218276
"879","PA",2020-03-09,0.824170687080203
"880","PA",2020-03-16,0.360851420345388
"881","PA",2020-03-23,0.236455896553287
"882","PA",2020-03-30,0.236311077815009
"883","PA",2020-04-06,0.241619576269181
"884","PA",2020-04-13,0.202926940224992
"885","PA",2020-04-20,0.204091218865669
"886","PA",2020-04-27,0.228662500392503
"887","PA",2020-05-04,0.228615977634242
"888","PA",2020-05-11,0.223405366330644
"889","PA",2020-05-18,0.248223398196741
"890","PA",2020-05-25,0.261086661987956
"891","PA",2020-06-01,0.396298017962605
"892","PA",2020-06-08,0.516810092112967
"893","PA",2020-06-15,0.560599461885379
"894","PA",2020-06-22,0.594147821335507
"895","PA",2020-06-29,0.572702529250103
"896","PA",2020-07-06,0.546936011367731
"897","PA",2020-07-13,0.591828066813815
"898","PA",2020-07-20,0.615084279596762
"899","PA",2020-07-27,0.606274336726973
"900","PA",2020-08-03,0.603460588482037
"901","RI",2020-02-17,0.867216304259205
"902","RI",2020-02-24,0.856881604836368
"903","RI",2020-03-02,0.854928360242033
"904","RI",2020-03-09,0.846029469977096
"905","RI",2020-03-16,0.519450213027639
"906","RI",2020-03-23,0.416377728320302
"907","RI",2020-03-30,0.402846161288689
"908","RI",2020-04-06,0.429185865928631
"909","RI",2020-04-13,0.340461338277762
"910","RI",2020-04-20,0.386706176397585
"911","RI",2020-04-27,0.393989069857565
"912","RI",2020-05-04,0.380837395392433
"913","RI",2020-05-11,0.364807578289586
"914","RI",2020-05-18,0.527184138180769
"915","RI",2020-05-25,0.600655702383969
"916","RI",2020-06-01,0.685061803515339
"917","RI",2020-06-08,0.725398186042041
"918","RI",2020-06-15,0.738550421897057
"919","RI",2020-06-22,0.74634679730533
"920","RI",2020-06-29,0.75435588090152
"921","RI",2020-07-06,0.757342199864397
"922","RI",2020-07-13,0.614758479302485
"923","RI",2020-07-20,0.633996390595803
"924","RI",2020-07-27,0.62877136849389
"925","RI",2020-08-03,0.61899635341254
"926","SC",2020-02-17,0.882464430635206
"927","SC",2020-02-24,0.881968318284568
"928","SC",2020-03-02,0.889010732518172
"929","SC",2020-03-09,0.888396520906893
"930","SC",2020-03-16,0.571397013540308
"931","SC",2020-03-23,0.341073107611869
"932","SC",2020-03-30,0.316314433256602
"933","SC",2020-04-06,0.315217943754823
"934","SC",2020-04-13,0.306111750628451
"935","SC",2020-04-20,0.308822032390819
"936","SC",2020-04-27,0.319943701394249
"937","SC",2020-05-04,0.591033537723771
"938","SC",2020-05-11,0.72749268229897
"939","SC",2020-05-18,0.770417382640776
"940","SC",2020-05-25,0.798143982419784
"941","SC",2020-06-01,0.829925009007208
"942","SC",2020-06-08,0.833338089234436
"943","SC",2020-06-15,0.817234133599241
"944","SC",2020-06-22,0.806190427350812
"945","SC",2020-06-29,0.788019815054933
"946","SC",2020-07-06,0.779823156295259
"947","SC",2020-07-13,0.679260396808593
"948","SC",2020-07-20,0.693483857332898
"949","SC",2020-07-27,0.676138814235463
"950","SC",2020-08-03,0.668767219588969
"951","TN",2020-02-17,0.900161933720414
"952","TN",2020-02-24,0.900977578829721
"953","TN",2020-03-02,0.894004544143243
"954","TN",2020-03-09,0.880356140113278
"955","TN",2020-03-16,0.625788169345071
"956","TN",2020-03-23,0.359081190149398
"957","TN",2020-03-30,0.334852107168512
"958","TN",2020-04-06,0.326023640342471
"959","TN",2020-04-13,0.297475898251236
"960","TN",2020-04-20,0.30312236249196
"961","TN",2020-04-27,0.440387005475206
"962","TN",2020-05-04,0.502754911921673
"963","TN",2020-05-11,0.571368710240763
"964","TN",2020-05-18,0.630312139375215
"965","TN",2020-05-25,0.676206744356138
"966","TN",2020-06-01,0.719084699480018
"967","TN",2020-06-08,0.74315180598656
"968","TN",2020-06-15,0.750054324059909
"969","TN",2020-06-22,0.753892271571536
"970","TN",2020-06-29,0.736728358332696
"971","TN",2020-07-06,0.733718180046882
"972","TN",2020-07-13,0.700399163126641
"973","TN",2020-07-20,0.733053162872834
"974","TN",2020-07-27,0.714258052980945
"975","TN",2020-08-03,0.707727031858071
"976","TX",2020-02-17,0.868255204645343
"977","TX",2020-02-24,0.869914237028953
"978","TX",2020-03-02,0.867827523074855
"979","TX",2020-03-09,0.858515958352719
"980","TX",2020-03-16,0.545153336353398
"981","TX",2020-03-23,0.397202205312369
"982","TX",2020-03-30,0.392533502289066
"983","TX",2020-04-06,0.393030897947013
"984","TX",2020-04-13,0.381616784934271
"985","TX",2020-04-20,0.381016616449374
"986","TX",2020-04-27,0.446536562715905
"987","TX",2020-05-04,0.501461015805288
"988","TX",2020-05-11,0.549403966378367
"989","TX",2020-05-18,0.62056977328679
"990","TX",2020-05-25,0.660235002035103
"991","TX",2020-06-01,0.694043512422906
"992","TX",2020-06-08,0.710256498612186
"993","TX",2020-06-15,0.685175187618597
"994","TX",2020-06-22,0.647275380696041
"995","TX",2020-06-29,0.628883655406908
"996","TX",2020-07-06,0.632022988390138
"997","TX",2020-07-13,0.699820048534056
"998","TX",2020-07-20,0.70668651796652
"999","TX",2020-07-27,0.716070802977189
"1000","TX",2020-08-03,0.71476933571485
"1001","UT",2020-02-17,0.847750338134687
"1002","UT",2020-02-24,0.835522450365466
"1003","UT",2020-03-02,0.843276689406458
"1004","UT",2020-03-09,0.832279367504118
"1005","UT",2020-03-16,0.58716458504266
"1006","UT",2020-03-23,0.390472915845079
"1007","UT",2020-03-30,0.356783086660155
"1008","UT",2020-04-06,0.347221108465182
"1009","UT",2020-04-13,0.328348093018278
"1010","UT",2020-04-20,0.326518166417925
"1011","UT",2020-04-27,0.339701530398516
"1012","UT",2020-05-04,0.367428052033145
"1013","UT",2020-05-11,0.431798515789156
"1014","UT",2020-05-18,0.498187480852056
"1015","UT",2020-05-25,0.549290612126898
"1016","UT",2020-06-01,0.601702323196569
"1017","UT",2020-06-08,0.641939940510901
"1018","UT",2020-06-15,0.65850189748916
"1019","UT",2020-06-22,0.65845099886623
"1020","UT",2020-06-29,0.66153784054651
"1021","UT",2020-07-06,0.659569384826353
"1022","UT",2020-07-13,0.590926570542467
"1023","UT",2020-07-20,0.621603774857076
"1024","UT",2020-07-27,0.62287560209845
"1025","UT",2020-08-03,0.596612915179775
"1026","VA",2020-02-17,0.884000157080016
"1027","VA",2020-02-24,0.876746813601838
"1028","VA",2020-03-02,0.878873184954684
"1029","VA",2020-03-09,0.865531362481932
"1030","VA",2020-03-16,0.522818810535373
"1031","VA",2020-03-23,0.306853300232636
"1032","VA",2020-03-30,0.271005457434448
"1033","VA",2020-04-06,0.25903279977526
"1034","VA",2020-04-13,0.243460861569126
"1035","VA",2020-04-20,0.253076477579145
"1036","VA",2020-04-27,0.24809031401558
"1037","VA",2020-05-04,0.234645630077161
"1038","VA",2020-05-11,0.308718504632254
"1039","VA",2020-05-18,0.36785023136402
"1040","VA",2020-05-25,0.467390763640269
"1041","VA",2020-06-01,0.580684520341876
"1042","VA",2020-06-08,0.667052372536802
"1043","VA",2020-06-15,0.668088465985901
"1044","VA",2020-06-22,0.697672823814659
"1045","VA",2020-06-29,0.709924446385359
"1046","VA",2020-07-06,0.708056172957141
"1047","VA",2020-07-13,0.547939817308056
"1048","VA",2020-07-20,0.594980534304972
"1049","VA",2020-07-27,0.575703372239338
"1050","VA",2020-08-03,0.572736143918868
"1051","VT",2020-02-17,0.916833735624885
"1052","VT",2020-02-24,0.911191272645058
"1053","VT",2020-03-02,0.913462631818384
"1054","VT",2020-03-09,0.895792463990408
"1055","VT",2020-03-16,0.632309282825728
"1056","VT",2020-03-23,0.513134137986715
"1057","VT",2020-03-30,0.39633359588762
"1058","VT",2020-04-06,0.393602381326123
"1059","VT",2020-04-13,0.284787451561961
"1060","VT",2020-04-20,0.303567082061339
"1061","VT",2020-04-27,0.315620626948481
"1062","VT",2020-05-04,0.307884422465587
"1063","VT",2020-05-11,0.317768640238533
"1064","VT",2020-05-18,0.389329740929287
"1065","VT",2020-05-25,0.402510117018231
"1066","VT",2020-06-01,0.440873544116508
"1067","VT",2020-06-08,0.519477192137182
"1068","VT",2020-06-15,0.567150932239073
"1069","VT",2020-06-22,0.620868280481103
"1070","VT",2020-06-29,0.679794510018831
"1071","VT",2020-07-06,0.671719989031001
"1072","VT",2020-07-13,0.554719138930423
"1073","VT",2020-07-20,0.590279477634843
"1074","VT",2020-07-27,0.57590108212151
"1075","VT",2020-08-03,0.578868353975029
"1076","WA",2020-02-17,0.904437319455543
"1077","WA",2020-02-24,0.894949914589318
"1078","WA",2020-03-02,0.89404222267944
"1079","WA",2020-03-09,0.874977870812312
"1080","WA",2020-03-16,0.43720641578413
"1081","WA",2020-03-23,0.303201393630538
"1082","WA",2020-03-30,0.286003780165573
"1083","WA",2020-04-06,0.306038721255628
"1084","WA",2020-04-13,0.29504191733503
"1085","WA",2020-04-20,0.301634472816185
"1086","WA",2020-04-27,0.300435928632345
"1087","WA",2020-05-04,0.28478723068454
"1088","WA",2020-05-11,0.288558251746669
"1089","WA",2020-05-18,0.294788047205482
"1090","WA",2020-05-25,0.329411022808978
"1091","WA",2020-06-01,0.448666559635398
"1092","WA",2020-06-08,0.568848210845504
"1093","WA",2020-06-15,0.601206419575956
"1094","WA",2020-06-22,0.62595908414932
"1095","WA",2020-06-29,0.621859914571165
"1096","WA",2020-07-06,0.625343738427674
"1097","WA",2020-07-13,0.629399204678066
"1098","WA",2020-07-20,0.666024221275264
"1099","WA",2020-07-27,0.655183451384037
"1100","WA",2020-08-03,0.646552677172401
"1101","WI",2020-02-17,0.915263982667756
"1102","WI",2020-02-24,0.910502243580405
"1103","WI",2020-03-02,0.911814602141859
"1104","WI",2020-03-09,0.894856944830528
"1105","WI",2020-03-16,0.470476880555288
"1106","WI",2020-03-23,0.348665213297635
"1107","WI",2020-03-30,0.345426500538655
"1108","WI",2020-04-06,0.346050442175091
"1109","WI",2020-04-13,0.346916815375259
"1110","WI",2020-04-20,0.331034998837002
"1111","WI",2020-04-27,0.328842262726488
"1112","WI",2020-05-04,0.315626221493562
"1113","WI",2020-05-11,0.432991594316672
"1114","WI",2020-05-18,0.623047449663363
"1115","WI",2020-05-25,0.700960036101718
"1116","WI",2020-06-01,0.73673334180769
"1117","WI",2020-06-08,0.769161575725093
"1118","WI",2020-06-15,0.792664649957984
"1119","WI",2020-06-22,0.782038134470644
"1120","WI",2020-06-29,0.789662343447148
"1121","WI",2020-07-06,0.786908280755352
"1122","WI",2020-07-13,0.667245706420553
"1123","WI",2020-07-20,0.698054771036228
"1124","WI",2020-07-27,0.691873537021275
"1125","WI",2020-08-03,0.67123172335958
"1126","WV",2020-02-17,0.689505248292349
"1127","WV",2020-02-24,0.66155929317453
"1128","WV",2020-03-02,0.673534207659758
"1129","WV",2020-03-09,0.654877175889414
"1130","WV",2020-03-16,0.358603780331428
"1131","WV",2020-03-23,0.169807924745273
"1132","WV",2020-03-30,0.185837439215312
"1133","WV",2020-04-06,0.197888648329712
"1134","WV",2020-04-13,0.220595980863159
"1135","WV",2020-04-20,0.178077383561332
"1136","WV",2020-04-27,0.164368085272418
"1137","WV",2020-05-04,0.192212593595206
"1138","WV",2020-05-11,0.196040228993225
"1139","WV",2020-05-18,0.281073684704802
"1140","WV",2020-05-25,0.403822096138623
"1141","WV",2020-06-01,0.476393731073068
"1142","WV",2020-06-08,0.517731854240981
"1143","WV",2020-06-15,0.530154817768894
"1144","WV",2020-06-22,0.537456391721844
"1145","WV",2020-06-29,0.51056255072005
"1146","WV",2020-07-06,0.51879226534822
"1147","WV",2020-07-13,0.38366854819145
"1148","WV",2020-07-20,0.448141642599898
"1149","WV",2020-07-27,0.373788255552096
"1150","WV",2020-08-03,0.426536373931501
