State,Date,pred.1,pred.2,pred.3,pred.4,pred.5,Dine_In_2020_weekly_pct,scenario
AL,2020/2/17,0,0,0,0,0,0.902031433,
AL,2020/2/24,0,0,0,0,0,0.906939896,
AL,2020/3/2,0,0,0,0,0,0.900391693,
AL,2020/3/9,0,0,0,0,0,0.900153289,
AL,2020/3/16,0,0,0,0,0,0.68451875,
AL,2020/3/23,0,0,0,0,0,0.485313072,
AL,2020/3/30,0,0,0,0,0,0.435757069,
AL,2020/4/6,0,0,0,0,0,0.432381402,
AL,2020/4/13,0,0,0,0,0,0.39325982,
AL,2020/4/20,0,0,0,0,0,0.385810972,
AL,2020/4/27,0,0,0,0,0,0.411108026,
AL,2020/5/4,0,0,0,0,0,0.424291573,
AL,2020/5/11,0,0,0,0,0,0.663125014,
AL,2020/5/18,0,0,0,0,0,0.718067306,
AL,2020/5/25,0,0,0,0,0,0.758072586,
AL,2020/6/1,0,0,0,0,0,0.774942237,
AL,2020/6/8,0,0,0,0,0,0.791964895,
AL,2020/6/15,0,0,0,0,0,0.795286052,
AL,2020/6/22,0,0,0,0,0,0.788126444,
AL,2020/6/29,0,0,0,0,0,0.778166446,
AL,2020/7/6,0.792370739,0.792370739,0.792370739,0.792370739,0.792370739,0.792370739,
AL,2020/10/26,0.920228554,0.713213389,0.675190196,0.59069421,0.493523826,0,bb
AL,2021/4/26,0.920228554,0.713213389,0.675190195,0.59069421,0.493523826,0,bb
AL,2021/4/26,0.912889466,0.705874301,0.667851107,0.583355122,0.486184738,0,gb
AL,2021/4/26,0.951213161,0.744197996,0.706174802,0.621678816,0.524508433,0,gg
AL,2022/1/24,0.86676784,0.659752675,0.621729482,0.537233496,0.440063112,0,bb
AL,2022/1/24,0.859428752,0.652413587,0.614390394,0.529894408,0.432724024,0,gb
AL,2022/1/24,0.897752447,0.690737282,0.652714088,0.568218102,0.471047719,0,gg
AR,2020/2/17,0,0,0,0,0,0.789616589,
AR,2020/2/24,0,0,0,0,0,0.783935358,
AR,2020/3/2,0,0,0,0,0,0.766230747,
AR,2020/3/9,0,0,0,0,0,0.746998705,
AR,2020/3/16,0,0,0,0,0,0.45716035,
AR,2020/3/23,0,0,0,0,0,0.185927158,
AR,2020/3/30,0,0,0,0,0,0.169651723,
AR,2020/4/6,0,0,0,0,0,0.134071832,
AR,2020/4/13,0,0,0,0,0,0.160792763,
AR,2020/4/20,0,0,0,0,0,0.156580077,
AR,2020/4/27,0,0,0,0,0,0.158519403,
AR,2020/5/4,0,0,0,0,0,0.194186363,
AR,2020/5/11,0,0,0,0,0,0.387276729,
AR,2020/5/18,0,0,0,0,0,0.427164664,
AR,2020/5/25,0,0,0,0,0,0.52244375,
AR,2020/6/1,0,0,0,0,0,0.594704853,
AR,2020/6/8,0,0,0,0,0,0.614169965,
AR,2020/6/15,0,0,0,0,0,0.607360101,
AR,2020/6/22,0,0,0,0,0,0.606527795,
AR,2020/6/29,0,0,0,0,0,0.611188294,
AR,2020/7/6,0.612487235,0.612487235,0.612487235,0.612487235,0.612487235,0.612487235,
AR,2020/10/26,0.654942293,0.515523916,0.485950321,0.414128733,0.333857547,0,bb
AR,2021/4/26,0.654942293,0.515523916,0.485950321,0.414128733,0.333857547,0,bb
AR,2021/4/26,0.651097701,0.511679325,0.48210573,0.410284142,0.330012955,0,gb
AR,2021/4/26,0.689421396,0.550003019,0.520429424,0.448607836,0.36833665,0,gg
AR,2022/1/24,0.678937959,0.539519583,0.509945988,0.4381244,0.357853213,0,bb
AR,2022/1/24,0.675093368,0.535674991,0.506101396,0.434279809,0.354008622,0,gb
AR,2022/1/24,0.713417063,0.573998686,0.544425091,0.472603503,0.392332317,0,gg
AZ,2020/2/17,0,0,0,0,0,0.911985107,
AZ,2020/2/24,0,0,0,0,0,0.911322845,
AZ,2020/3/2,0,0,0,0,0,0.908304649,
AZ,2020/3/9,0,0,0,0,0,0.90077048,
AZ,2020/3/16,0,0,0,0,0,0.696121687,
AZ,2020/3/23,0,0,0,0,0,0.542970856,
AZ,2020/3/30,0,0,0,0,0,0.535372014,
AZ,2020/4/6,0,0,0,0,0,0.543477037,
AZ,2020/4/13,0,0,0,0,0,0.546947739,
AZ,2020/4/20,0,0,0,0,0,0.551223766,
AZ,2020/4/27,0,0,0,0,0,0.543201357,
AZ,2020/5/4,0,0,0,0,0,0.54767618,
AZ,2020/5/11,0,0,0,0,0,0.723475296,
AZ,2020/5/18,0,0,0,0,0,0.768089402,
AZ,2020/5/25,0,0,0,0,0,0.793207061,
AZ,2020/6/1,0,0,0,0,0,0.786083785,
AZ,2020/6/8,0,0,0,0,0,0.81003957,
AZ,2020/6/15,0,0,0,0,0,0.791658415,
AZ,2020/6/22,0,0,0,0,0,0.773861512,
AZ,2020/6/29,0,0,0,0,0,0.741450348,
AZ,2020/7/6,0.737913757,0.737913757,0.737913757,0.737913757,0.737913757,0.737913757,
AZ,2020/10/26,0.901518145,0.652254987,0.593107797,0.542410205,0.479038216,0,bb
AZ,2021/4/26,0.901518145,0.652254987,0.593107797,0.542410205,0.479038216,0,bb
AZ,2021/4/26,0.892965825,0.643702667,0.584555477,0.533857885,0.470485896,0,gb
AZ,2021/4/26,0.931289519,0.682026361,0.622879171,0.57218158,0.50880959,0,gg
AZ,2022/1/24,0.896523232,0.647260074,0.588112884,0.537415293,0.474043303,0,bb
AZ,2022/1/24,0.887970912,0.638707754,0.579560564,0.528862972,0.465490983,0,gb
AZ,2022/1/24,0.926294607,0.677031449,0.617884258,0.567186667,0.503814678,0,gg
CA,2020/2/17,0,0,0,0,0,0.797068058,
CA,2020/2/24,0,0,0,0,0,0.791769657,
CA,2020/3/2,0,0,0,0,0,0.786116172,
CA,2020/3/9,0,0,0,0,0,0.742039842,
CA,2020/3/16,0,0,0,0,0,0.409205689,
CA,2020/3/23,0,0,0,0,0,0.354974189,
CA,2020/3/30,0,0,0,0,0,0.352396468,
CA,2020/4/6,0,0,0,0,0,0.33357433,
CA,2020/4/13,0,0,0,0,0,0.348845336,
CA,2020/4/20,0,0,0,0,0,0.34922295,
CA,2020/4/27,0,0,0,0,0,0.355133427,
CA,2020/5/4,0,0,0,0,0,0.346476842,
CA,2020/5/11,0,0,0,0,0,0.346415225,
CA,2020/5/18,0,0,0,0,0,0.378140274,
CA,2020/5/25,0,0,0,0,0,0.43298119,
CA,2020/6/1,0,0,0,0,0,0.481647875,
CA,2020/6/8,0,0,0,0,0,0.537817692,
CA,2020/6/15,0,0,0,0,0,0.555196637,
CA,2020/6/22,0,0,0,0,0,0.56586158,
CA,2020/6/29,0,0,0,0,0,0.527774263,
CA,2020/7/6,0.521035216,0.521035216,0.521035216,0.521035216,0.521035216,0.521035216,
CA,2020/10/26,0.780612691,0.472202342,0.362357561,0.303210371,0.206039987,0,bb
CA,2021/4/26,0.780612691,0.472202342,0.362357561,0.303210371,0.206039987,0,bb
CA,2021/4/26,0.737847862,0.429437514,0.319592733,0.260445543,0.163275159,0,gb
CA,2021/4/26,0.776171557,0.467761209,0.357916427,0.298769237,0.201598853,0,gg
CA,2022/1/24,0.779396362,0.470986013,0.361141232,0.301994042,0.204823658,0,bb
CA,2022/1/24,0.736631533,0.428221185,0.318376404,0.259229213,0.16205883,0,gb
CA,2022/1/24,0.774955228,0.46654488,0.356700098,0.297552908,0.200382524,0,gg
CO,2020/2/17,0,0,0,0,0,0.849302846,
CO,2020/2/24,0,0,0,0,0,0.849717687,
CO,2020/3/2,0,0,0,0,0,0.852705272,
CO,2020/3/9,0,0,0,0,0,0.82771478,
CO,2020/3/16,0,0,0,0,0,0.405004856,
CO,2020/3/23,0,0,0,0,0,0.31248367,
CO,2020/3/30,0,0,0,0,0,0.285870413,
CO,2020/4/6,0,0,0,0,0,0.288607,
CO,2020/4/13,0,0,0,0,0,0.276326139,
CO,2020/4/20,0,0,0,0,0,0.299528929,
CO,2020/4/27,0,0,0,0,0,0.320854742,
CO,2020/5/4,0,0,0,0,0,0.332270282,
CO,2020/5/11,0,0,0,0,0,0.335107988,
CO,2020/5/18,0,0,0,0,0,0.371479337,
CO,2020/5/25,0,0,0,0,0,0.501426646,
CO,2020/6/1,0,0,0,0,0,0.593751839,
CO,2020/6/8,0,0,0,0,0,0.644977493,
CO,2020/6/15,0,0,0,0,0,0.662688931,
CO,2020/6/22,0,0,0,0,0,0.686001319,
CO,2020/6/29,0,0,0,0,0,0.701312753,
CO,2020/7/6,0.698974228,0.698974228,0.698974228,0.698974228,0.698974228,0.698974228,
CO,2020/10/26,0.792793689,0.60690252,0.480158542,0.399887355,0.264693778,0,bb
CO,2021/4/26,0.792793689,0.60690252,0.480158542,0.399887355,0.264693778,0,bb
CO,2021/4/26,0.785593348,0.59970218,0.472958201,0.392687014,0.257493437,0,gb
CO,2021/4/26,0.823917043,0.638025874,0.511281896,0.431010709,0.295817132,0,gg
CO,2022/1/24,0.794575475,0.608684306,0.481940327,0.401669141,0.266475564,0,bb
CO,2022/1/24,0.787375134,0.601483965,0.474739987,0.3944688,0.259275223,0,gb
CO,2022/1/24,0.825698829,0.63980766,0.513063681,0.432792495,0.297598918,0,gg
CT,2020/2/17,0,0,0,0,0,0.834120137,
CT,2020/2/24,0,0,0,0,0,0.821075222,
CT,2020/3/2,0,0,0,0,0,0.819372965,
CT,2020/3/9,0,0,0,0,0,0.779592192,
CT,2020/3/16,0,0,0,0,0,0.410565964,
CT,2020/3/23,0,0,0,0,0,0.316780293,
CT,2020/3/30,0,0,0,0,0,0.302998236,
CT,2020/4/6,0,0,0,0,0,0.31632201,
CT,2020/4/13,0,0,0,0,0,0.276665827,
CT,2020/4/20,0,0,0,0,0,0.267634005,
CT,2020/4/27,0,0,0,0,0,0.274207552,
CT,2020/5/4,0,0,0,0,0,0.279691632,
CT,2020/5/11,0,0,0,0,0,0.284510148,
CT,2020/5/18,0,0,0,0,0,0.404132784,
CT,2020/5/25,0,0,0,0,0,0.504138664,
CT,2020/6/1,0,0,0,0,0,0.54415554,
CT,2020/6/8,0,0,0,0,0,0.590532736,
CT,2020/6/15,0,0,0,0,0,0.62586801,
CT,2020/6/22,0,0,0,0,0,0.630129917,
CT,2020/6/29,0,0,0,0,0,0.616782676,
CT,2020/7/6,0.63732028,0.63732028,0.63732028,0.63732028,0.63732028,0.63732028,
CT,2020/10/26,0.786254331,0.541215973,0.418696793,0.304627212,0.220131227,0,bb
CT,2021/4/26,0.786254331,0.541215973,0.418696793,0.304627212,0.220131227,0,bb
CT,2021/4/26,0.780607638,0.535569279,0.4130501,0.298980519,0.214484533,0,gb
CT,2021/4/26,0.818931333,0.573892974,0.451373795,0.337304214,0.252808228,0,gg
CT,2022/1/24,0.787952245,0.542913886,0.420394707,0.306325126,0.22182914,0,bb
CT,2022/1/24,0.782305552,0.537267193,0.414748014,0.300678433,0.216182447,0,gb
CT,2022/1/24,0.820629247,0.575590888,0.453071708,0.339002127,0.254506142,0,gg
DC,2020/2/17,0,0,0,0,0,0.870167423,
DC,2020/2/24,0,0,0,0,0,0.86356996,
DC,2020/3/2,0,0,0,0,0,0.864885737,
DC,2020/3/9,0,0,0,0,0,0.833560979,
DC,2020/3/16,0,0,0,0,0,0.402796601,
DC,2020/3/23,0,0,0,0,0,0.27257893,
DC,2020/3/30,0,0,0,0,0,0.249924089,
DC,2020/4/6,0,0,0,0,0,0.260572067,
DC,2020/4/13,0,0,0,0,0,0.242975075,
DC,2020/4/20,0,0,0,0,0,0.227813356,
DC,2020/4/27,0,0,0,0,0,0.250631315,
DC,2020/5/4,0,0,0,0,0,0.226458635,
DC,2020/5/11,0,0,0,0,0,0.252598971,
DC,2020/5/18,0,0,0,0,0,0.257415171,
DC,2020/5/25,0,0,0,0,0,0.319079335,
DC,2020/6/1,0,0,0,0,0,0.360744799,
DC,2020/6/8,0,0,0,0,0,0.432796422,
DC,2020/6/15,0,0,0,0,0,0.430955716,
DC,2020/6/22,0,0,0,0,0,0.482245856,
DC,2020/6/29,0,0,0,0,0,0.495270289,
DC,2020/7/6,0.496768181,0.496768181,0.496768181,0.496768181,0.496768181,0.496768181,
DC,2020/10/26,0.863881701,0.45407617,0.365355385,0.247061005,0.183689016,0,bb
DC,2021/4/26,0.863881701,0.45407617,0.365355385,0.247061005,0.183689016,0,bb
DC,2021/4/26,0.861960212,0.452154681,0.363433896,0.245139516,0.181767527,0,gb
DC,2021/4/26,0.900283907,0.490478376,0.401757591,0.283463211,0.220091221,0,gg
DC,2022/1/24,0.820480747,0.410675216,0.321954431,0.203660051,0.140288062,0,bb
DC,2022/1/24,0.818559258,0.408753727,0.320032942,0.201738562,0.138366573,0,gb
DC,2022/1/24,0.856882953,0.447077422,0.358356637,0.240062257,0.176690267,0,gg
DE,2020/2/17,0,0,0,0,0,0.820727818,
DE,2020/2/24,0,0,0,0,0,0.807653741,
DE,2020/3/2,0,0,0,0,0,0.813883569,
DE,2020/3/9,0,0,0,0,0,0.803471198,
DE,2020/3/16,0,0,0,0,0,0.454321224,
DE,2020/3/23,0,0,0,0,0,0.345447915,
DE,2020/3/30,0,0,0,0,0,0.343093235,
DE,2020/4/6,0,0,0,0,0,0.357435495,
DE,2020/4/13,0,0,0,0,0,0.306522878,
DE,2020/4/20,0,0,0,0,0,0.323956557,
DE,2020/4/27,0,0,0,0,0,0.335742504,
DE,2020/5/4,0,0,0,0,0,0.34271844,
DE,2020/5/11,0,0,0,0,0,0.350094462,
DE,2020/5/18,0,0,0,0,0,0.355397835,
DE,2020/5/25,0,0,0,0,0,0.396073551,
DE,2020/6/1,0,0,0,0,0,0.538273754,
DE,2020/6/8,0,0,0,0,0,0.593937388,
DE,2020/6/15,0,0,0,0,0,0.624355816,
DE,2020/6/22,0,0,0,0,0,0.615965478,
DE,2020/6/29,0,0,0,0,0,0.606407462,
DE,2020/7/6,0.597956252,0.597956252,0.597956252,0.597956252,0.597956252,0.597956252,
DE,2020/10/26,0.804614142,0.555350984,0.470854998,0.34411102,0.272289432,0,bb
DE,2021/4/26,0.804614142,0.555350984,0.470854998,0.34411102,0.272289432,0,bb
DE,2021/4/26,0.802349012,0.553085853,0.468589868,0.341845889,0.270024301,0,gb
DE,2021/4/26,0.840672706,0.591409548,0.506913562,0.380169584,0.308347996,0,gg
DE,2022/1/24,0.783478391,0.534215233,0.449719247,0.322975268,0.25115368,0,bb
DE,2022/1/24,0.78121326,0.531950102,0.447454116,0.320710137,0.24888855,0,gb
DE,2022/1/24,0.819536955,0.570273797,0.485777811,0.359033832,0.287212244,0,gg
FL,2020/2/17,0,0,0,0,0,0.870986195,
FL,2020/2/24,0,0,0,0,0,0.867583914,
FL,2020/3/2,0,0,0,0,0,0.867316463,
FL,2020/3/9,0,0,0,0,0,0.854201293,
FL,2020/3/16,0,0,0,0,0,0.581848816,
FL,2020/3/23,0,0,0,0,0,0.308976011,
FL,2020/3/30,0,0,0,0,0,0.288573121,
FL,2020/4/6,0,0,0,0,0,0.2948058,
FL,2020/4/13,0,0,0,0,0,0.270890226,
FL,2020/4/20,0,0,0,0,0,0.279407137,
FL,2020/4/27,0,0,0,0,0,0.293997706,
FL,2020/5/4,0,0,0,0,0,0.458120841,
FL,2020/5/11,0,0,0,0,0,0.530256022,
FL,2020/5/18,0,0,0,0,0,0.590996301,
FL,2020/5/25,0,0,0,0,0,0.643475592,
FL,2020/6/1,0,0,0,0,0,0.666007083,
FL,2020/6/8,0,0,0,0,0,0.711836924,
FL,2020/6/15,0,0,0,0,0,0.700338523,
FL,2020/6/22,0,0,0,0,0,0.675432699,
FL,2020/6/29,0,0,0,0,0,0.648852046,
FL,2020/7/6,0.641956815,0.641956815,0.641956815,0.641956815,0.641956815,0.641956815,
FL,2020/10/26,0.854613017,0.59690026,0.541977869,0.427908289,0.343412303,0,bb
FL,2021/4/26,0.854613017,0.59690026,0.541977869,0.427908289,0.343412303,0,bb
FL,2021/4/26,0.832100457,0.574387701,0.51946531,0.405395729,0.320899743,0,gb
FL,2021/4/26,0.870424152,0.612711395,0.557789005,0.443719424,0.359223438,0,gg
FL,2022/1/24,0.869342475,0.611629718,0.556707328,0.442637747,0.358141761,0,bb
FL,2022/1/24,0.846829916,0.589117159,0.534194768,0.420125187,0.335629201,0,gb
FL,2022/1/24,0.88515361,0.627440853,0.572518463,0.458448882,0.373952896,0,gg
GA,2020/2/17,0,0,0,0,0,0.845515708,
GA,2020/2/24,0,0,0,0,0,0.841003399,
GA,2020/3/2,0,0,0,0,0,0.84315147,
GA,2020/3/9,0,0,0,0,0,0.838213136,
GA,2020/3/16,0,0,0,0,0,0.63645698,
GA,2020/3/23,0,0,0,0,0,0.396667352,
GA,2020/3/30,0,0,0,0,0,0.332634319,
GA,2020/4/6,0,0,0,0,0,0.334565027,
GA,2020/4/13,0,0,0,0,0,0.293535778,
GA,2020/4/20,0,0,0,0,0,0.306443811,
GA,2020/4/27,0,0,0,0,0,0.408392619,
GA,2020/5/4,0,0,0,0,0,0.474532603,
GA,2020/5/11,0,0,0,0,0,0.545000197,
GA,2020/5/18,0,0,0,0,0,0.611191776,
GA,2020/5/25,0,0,0,0,0,0.658398868,
GA,2020/6/1,0,0,0,0,0,0.696218089,
GA,2020/6/8,0,0,0,0,0,0.690675878,
GA,2020/6/15,0,0,0,0,0,0.696747691,
GA,2020/6/22,0,0,0,0,0,0.694626691,
GA,2020/6/29,0,0,0,0,0,0.700349689,
GA,2020/7/6,0.687142882,0.687142882,0.687142882,0.687142882,0.687142882,0.687142882,
GA,2020/10/26,0.812109042,0.575520281,0.520597891,0.436101905,0.330481923,0,bb
GA,2021/4/26,0.812109042,0.575520281,0.520597891,0.436101905,0.330481923,0,bb
GA,2021/4/26,0.795164122,0.558575361,0.503652971,0.419156985,0.313537003,0,gb
GA,2021/4/26,0.833487816,0.596899056,0.541976665,0.45748068,0.351860697,0,gg
GA,2022/1/24,0.796953062,0.560364302,0.505441911,0.420945926,0.315325943,0,bb
GA,2022/1/24,0.780008142,0.543419382,0.488496991,0.404001006,0.298381023,0,gb
GA,2022/1/24,0.818331837,0.581743077,0.526820686,0.4423247,0.336704718,0,gg
IA,2020/2/17,0,0,0,0,0,0.878011329,
IA,2020/2/24,0,0,0,0,0,0.88220202,
IA,2020/3/2,0,0,0,0,0,0.874599742,
IA,2020/3/9,0,0,0,0,0,0.868205965,
IA,2020/3/16,0,0,0,0,0,0.472627151,
IA,2020/3/23,0,0,0,0,0,0.416156188,
IA,2020/3/30,0,0,0,0,0,0.412453605,
IA,2020/4/6,0,0,0,0,0,0.433218545,
IA,2020/4/13,0,0,0,0,0,0.39857193,
IA,2020/4/20,0,0,0,0,0,0.406023246,
IA,2020/4/27,0,0,0,0,0,0.459557908,
IA,2020/5/4,0,0,0,0,0,0.466824638,
IA,2020/5/11,0,0,0,0,0,0.516348517,
IA,2020/5/18,0,0,0,0,0,0.602319434,
IA,2020/5/25,0,0,0,0,0,0.655520153,
IA,2020/6/1,0,0,0,0,0,0.677831043,
IA,2020/6/8,0,0,0,0,0,0.74161107,
IA,2020/6/15,0,0,0,0,0,0.753981253,
IA,2020/6/22,0,0,0,0,0,0.740362761,
IA,2020/6/29,0,0,0,0,0,0.73192736,
IA,2020/7/6,0.731677741,0.731677741,0.731677741,0.731677741,0.731677741,0.731677741,
IA,2020/10/26,0.851306987,0.686539815,0.568245435,0.47952465,0.407703062,0,bb
IA,2021/4/26,0.851306987,0.686539815,0.568245435,0.47952465,0.407703062,0,bb
IA,2021/4/26,0.843469377,0.678702205,0.560407825,0.47168704,0.399865452,0,gb
IA,2021/4/26,0.881793072,0.717025899,0.598731519,0.510010734,0.438189146,0,gg
IA,2022/1/24,0.847136491,0.682369319,0.564074939,0.475354154,0.403532566,0,bb
IA,2022/1/24,0.839298881,0.674531709,0.556237329,0.467516543,0.395694956,0,gb
IA,2022/1/24,0.877622576,0.712855403,0.594561023,0.505840238,0.43401865,0,gg
ID,2020/2/17,0,0,0,0,0,0.928397297,
ID,2020/2/24,0,0,0,0,0,0.928698961,
ID,2020/3/2,0,0,0,0,0,0.924822672,
ID,2020/3/9,0,0,0,0,0,0.923599754,
ID,2020/3/16,0,0,0,0,0,0.85944639,
ID,2020/3/23,0,0,0,0,0,0.775088894,
ID,2020/3/30,0,0,0,0,0,0.758867483,
ID,2020/4/6,0,0,0,0,0,0.729297609,
ID,2020/4/13,0,0,0,0,0,0.721044682,
ID,2020/4/20,0,0,0,0,0,0.731432979,
ID,2020/4/27,0,0,0,0,0,0.742690758,
ID,2020/5/4,0,0,0,0,0,0.7560458,
ID,2020/5/11,0,0,0,0,0,0.777427961,
ID,2020/5/18,0,0,0,0,0,0.848399363,
ID,2020/5/25,0,0,0,0,0,0.858831139,
ID,2020/6/1,0,0,0,0,0,0.861283293,
ID,2020/6/8,0,0,0,0,0,0.872615413,
ID,2020/6/15,0,0,0,0,0,0.879108851,
ID,2020/6/22,0,0,0,0,0,0.868588716,
ID,2020/6/29,0,0,0,0,0,0.872452493,
ID,2020/7/6,0.865301067,0.865301067,0.865301067,0.865301067,0.865301067,0.865301067,
ID,2020/10/26,0.923256431,0.834535646,0.758489259,0.661318875,0.530350097,0,bb
ID,2021/4/26,0.923256431,0.834535646,0.758489259,0.661318875,0.530350097,0,bb
ID,2021/4/26,0.922415881,0.833695096,0.757648708,0.660478325,0.529509547,0,gb
ID,2021/4/26,0.960739575,0.87201879,0.795972403,0.698802019,0.567833241,0,gg
ID,2022/1/24,0.912131436,0.82341065,0.747364263,0.65019388,0.519225102,0,bb
ID,2022/1/24,0.911290885,0.8225701,0.746523713,0.649353329,0.518384551,0,gb
ID,2022/1/24,0.94961458,0.860893794,0.784847407,0.687677024,0.556708246,0,gg
IL,2020/2/17,0,0,0,0,0,0.864022452,
IL,2020/2/24,0,0,0,0,0,0.85715051,
IL,2020/3/2,0,0,0,0,0,0.859396607,
IL,2020/3/9,0,0,0,0,0,0.833351737,
IL,2020/3/16,0,0,0,0,0,0.416048578,
IL,2020/3/23,0,0,0,0,0,0.300484333,
IL,2020/3/30,0,0,0,0,0,0.287307215,
IL,2020/4/6,0,0,0,0,0,0.29389137,
IL,2020/4/13,0,0,0,0,0,0.292013999,
IL,2020/4/20,0,0,0,0,0,0.280406338,
IL,2020/4/27,0,0,0,0,0,0.298239429,
IL,2020/5/4,0,0,0,0,0,0.281107259,
IL,2020/5/11,0,0,0,0,0,0.283606532,
IL,2020/5/18,0,0,0,0,0,0.291214212,
IL,2020/5/25,0,0,0,0,0,0.409702966,
IL,2020/6/1,0,0,0,0,0,0.561887015,
IL,2020/6/8,0,0,0,0,0,0.61834373,
IL,2020/6/15,0,0,0,0,0,0.644009939,
IL,2020/6/22,0,0,0,0,0,0.667808629,
IL,2020/6/29,0,0,0,0,0,0.683225883,
IL,2020/7/6,0.694353479,0.694353479,0.694353479,0.694353479,0.694353479,0.694353479,
IL,2020/10/26,0.889198024,0.648384465,0.483617292,0.411795705,0.323074919,0,bb
IL,2021/4/26,0.889198025,0.648384465,0.483617293,0.411795705,0.32307492,0,bb
IL,2021/4/26,0.864202533,0.623388974,0.458621802,0.386800214,0.298079429,0,gb
IL,2021/4/26,0.902526228,0.661712668,0.496945496,0.425123908,0.336403123,0,gg
IL,2022/1/24,0.874529395,0.633715835,0.468948663,0.397127075,0.30840629,0,bb
IL,2022/1/24,0.849533904,0.608720344,0.443953172,0.372131584,0.283410799,0,gb
IL,2022/1/24,0.887857598,0.647044039,0.482276866,0.410455279,0.321734493,0,gg
IN,2020/2/17,0,0,0,0,0,0.862105137,
IN,2020/2/24,0,0,0,0,0,0.855630784,
IN,2020/3/2,0,0,0,0,0,0.857450324,
IN,2020/3/9,0,0,0,0,0,0.83300175,
IN,2020/3/16,0,0,0,0,0,0.331621519,
IN,2020/3/23,0,0,0,0,0,0.263899095,
IN,2020/3/30,0,0,0,0,0,0.247963301,
IN,2020/4/6,0,0,0,0,0,0.27251649,
IN,2020/4/13,0,0,0,0,0,0.222980431,
IN,2020/4/20,0,0,0,0,0,0.226179521,
IN,2020/4/27,0,0,0,0,0,0.238654099,
IN,2020/5/4,0,0,0,0,0,0.227177834,
IN,2020/5/11,0,0,0,0,0,0.506082607,
IN,2020/5/18,0,0,0,0,0,0.587293031,
IN,2020/5/25,0,0,0,0,0,0.641414264,
IN,2020/6/1,0,0,0,0,0,0.676831647,
IN,2020/6/8,0,0,0,0,0,0.725444725,
IN,2020/6/15,0,0,0,0,0,0.747479577,
IN,2020/6/22,0,0,0,0,0,0.757885587,
IN,2020/6/29,0,0,0,0,0,0.750873876,
IN,2020/7/6,0.748674027,0.748674027,0.748674027,0.748674027,0.748674027,0.748674027,
IN,2020/10/26,0.836549861,0.671782689,0.557713108,0.443643527,0.338023545,0,bb
IN,2021/4/26,0.836549861,0.671782689,0.557713108,0.443643527,0.338023545,0,bb
IN,2021/4/26,0.825979252,0.661212079,0.547142498,0.433072918,0.327452935,0,gb
IN,2021/4/26,0.864302946,0.699535774,0.585466193,0.471396612,0.36577663,0,gg
IN,2022/1/24,0.834037099,0.669269927,0.555200346,0.441130765,0.335510783,0,bb
IN,2022/1/24,0.823466489,0.658699317,0.544629736,0.430560155,0.324940173,0,gb
IN,2022/1/24,0.861790184,0.697023012,0.582953431,0.46888385,0.363263868,0,gg
KS,2020/2/17,0,0,0,0,0,0.839504777,
KS,2020/2/24,0,0,0,0,0,0.832879008,
KS,2020/3/2,0,0,0,0,0,0.831379239,
KS,2020/3/9,0,0,0,0,0,0.805377888,
KS,2020/3/16,0,0,0,0,0,0.553071209,
KS,2020/3/23,0,0,0,0,0,0.421253543,
KS,2020/3/30,0,0,0,0,0,0.375368723,
KS,2020/4/6,0,0,0,0,0,0.386949128,
KS,2020/4/13,0,0,0,0,0,0.360206826,
KS,2020/4/20,0,0,0,0,0,0.39045135,
KS,2020/4/27,0,0,0,0,0,0.417288672,
KS,2020/5/4,0,0,0,0,0,0.466034135,
KS,2020/5/11,0,0,0,0,0,0.537612354,
KS,2020/5/18,0,0,0,0,0,0.579255006,
KS,2020/5/25,0,0,0,0,0,0.62509012,
KS,2020/6/1,0,0,0,0,0,0.66714571,
KS,2020/6/8,0,0,0,0,0,0.688043609,
KS,2020/6/15,0,0,0,0,0,0.700473423,
KS,2020/6/22,0,0,0,0,0,0.691000257,
KS,2020/6/29,0,0,0,0,0,0.657072269,
KS,2020/7/6,0.659185294,0.659185294,0.659185294,0.659185294,0.659185294,0.659185294,
KS,2020/10/26,0.827220427,0.670902854,0.586406868,0.476562086,0.362492506,0,bb
KS,2021/4/26,0.827220427,0.670902854,0.586406868,0.476562086,0.362492506,0,bb
KS,2021/4/26,0.823935665,0.667618092,0.583122106,0.473277324,0.359207743,0,gb
KS,2021/4/26,0.86225936,0.705941786,0.6214458,0.511601019,0.397531438,0,gg
KS,2022/1/24,0.803070065,0.646752491,0.562256505,0.452411724,0.338342143,0,bb
KS,2022/1/24,0.799785303,0.643467729,0.558971743,0.449126961,0.335057381,0,gb
KS,2022/1/24,0.838108997,0.681791423,0.597295438,0.487450656,0.373381075,0,gg
KY,2020/2/17,0,0,0,0,0,0.898660057,
KY,2020/2/24,0,0,0,0,0,0.89889919,
KY,2020/3/2,0,0,0,0,0,0.897801414,
KY,2020/3/9,0,0,0,0,0,0.871342898,
KY,2020/3/16,0,0,0,0,0,0.342598827,
KY,2020/3/23,0,0,0,0,0,0.283435307,
KY,2020/3/30,0,0,0,0,0,0.305187487,
KY,2020/4/6,0,0,0,0,0,0.289797988,
KY,2020/4/13,0,0,0,0,0,0.259670982,
KY,2020/4/20,0,0,0,0,0,0.24953536,
KY,2020/4/27,0,0,0,0,0,0.261372596,
KY,2020/5/4,0,0,0,0,0,0.263497052,
KY,2020/5/11,0,0,0,0,0,0.271357816,
KY,2020/5/18,0,0,0,0,0,0.480556879,
KY,2020/5/25,0,0,0,0,0,0.65146369,
KY,2020/6/1,0,0,0,0,0,0.709472498,
KY,2020/6/8,0,0,0,0,0,0.744288306,
KY,2020/6/15,0,0,0,0,0,0.742589698,
KY,2020/6/22,0,0,0,0,0,0.761337901,
KY,2020/6/29,0,0,0,0,0,0.773157618,
KY,2020/7/6,0.759289653,0.759289653,0.759289653,0.759289653,0.759289653,0.759289653,
KY,2020/10/26,0.870730778,0.701738807,0.604568423,0.507398039,0.435576451,0,bb
KY,2021/4/26,0.870730778,0.701738807,0.604568423,0.507398039,0.435576451,0,bb
KY,2021/4/26,0.867058814,0.698066843,0.600896459,0.503726075,0.431904487,0,gb
KY,2021/4/26,0.905382509,0.736390537,0.639220154,0.54204977,0.470228182,0,gg
KY,2022/1/24,0.844773429,0.675781457,0.578611074,0.48144069,0.409619102,0,bb
KY,2022/1/24,0.841101465,0.672109493,0.57493911,0.477768726,0.405947138,0,gb
KY,2022/1/24,0.879425159,0.710433188,0.613262804,0.516092421,0.444270833,0,gg
LA,2020/2/17,0,0,0,0,0,0.918871125,
LA,2020/2/24,0,0,0,0,0,0.91706038,
LA,2020/3/2,0,0,0,0,0,0.917600753,
LA,2020/3/9,0,0,0,0,0,0.908631601,
LA,2020/3/16,0,0,0,0,0,0.599083888,
LA,2020/3/23,0,0,0,0,0,0.472311644,
LA,2020/3/30,0,0,0,0,0,0.495907256,
LA,2020/4/6,0,0,0,0,0,0.481824253,
LA,2020/4/13,0,0,0,0,0,0.501148644,
LA,2020/4/20,0,0,0,0,0,0.475697075,
LA,2020/4/27,0,0,0,0,0,0.491266575,
LA,2020/5/4,0,0,0,0,0,0.48157759,
LA,2020/5/11,0,0,0,0,0,0.552003144,
LA,2020/5/18,0,0,0,0,0,0.652311751,
LA,2020/5/25,0,0,0,0,0,0.688902478,
LA,2020/6/1,0,0,0,0,0,0.720547539,
LA,2020/6/8,0,0,0,0,0,0.768698083,
LA,2020/6/15,0,0,0,0,0,0.773970894,
LA,2020/6/22,0,0,0,0,0,0.764344413,
LA,2020/6/29,0,0,0,0,0,0.755829462,
LA,2020/7/6,0.765155443,0.765155443,0.765155443,0.765155443,0.765155443,0.765155443,
LA,2020/10/26,0.922130028,0.693990866,0.660192472,0.55457249,0.448952507,0,bb
LA,2021/4/26,0.922130028,0.693990866,0.660192472,0.55457249,0.448952508,0,bb
LA,2021/4/26,0.912354795,0.684215634,0.650417239,0.544797257,0.439177275,0,gb
LA,2021/4/26,0.95067849,0.722539328,0.688740934,0.583120952,0.477500969,0,gg
LA,2022/1/24,0.908242399,0.680103237,0.646304843,0.540684861,0.435064878,0,bb
LA,2022/1/24,0.898467166,0.670328005,0.63652961,0.530909628,0.425289646,0,gb
LA,2022/1/24,0.936790861,0.708651699,0.674853305,0.569233323,0.46361334,0,gg
MA,2020/2/17,0,0,0,0,0,0.824367974,
MA,2020/2/24,0,0,0,0,0,0.81609245,
MA,2020/3/2,0,0,0,0,0,0.817004163,
MA,2020/3/9,0,0,0,0,0,0.780716346,
MA,2020/3/16,0,0,0,0,0,0.402205261,
MA,2020/3/23,0,0,0,0,0,0.302949458,
MA,2020/3/30,0,0,0,0,0,0.276535632,
MA,2020/4/6,0,0,0,0,0,0.275012628,
MA,2020/4/13,0,0,0,0,0,0.26200868,
MA,2020/4/20,0,0,0,0,0,0.258438243,
MA,2020/4/27,0,0,0,0,0,0.259322354,
MA,2020/5/4,0,0,0,0,0,0.253848046,
MA,2020/5/11,0,0,0,0,0,0.250237972,
MA,2020/5/18,0,0,0,0,0,0.251902312,
MA,2020/5/25,0,0,0,0,0,0.250541912,
MA,2020/6/1,0,0,0,0,0,0.254207121,
MA,2020/6/8,0,0,0,0,0,0.46055095,
MA,2020/6/15,0,0,0,0,0,0.513170539,
MA,2020/6/22,0,0,0,0,0,0.565903428,
MA,2020/6/29,0,0,0,0,0,0.57863252,
MA,2020/7/6,0.595183928,0.595183928,0.595183928,0.595183928,0.595183928,0.595183928,
MA,2020/10/26,0.770526846,0.50858929,0.373395713,0.250876533,0.166380548,0,bb
MA,2021/4/26,0.770526846,0.50858929,0.373395713,0.250876533,0.166380547,0,bb
MA,2021/4/26,0.75592127,0.493983714,0.358790137,0.236270958,0.151774972,0,gb
MA,2021/4/26,0.794244965,0.532307409,0.397113832,0.274594652,0.190098667,0,gg
MA,2022/1/24,0.76108166,0.499144104,0.363950526,0.241431347,0.156935361,0,bb
MA,2022/1/24,0.746476084,0.484538528,0.349344951,0.226825771,0.142329786,0,gb
MA,2022/1/24,0.784799779,0.522862223,0.387668646,0.265149466,0.18065348,0,gg
MD,2020/2/17,0,0,0,0,0,0.835430221,
MD,2020/2/24,0,0,0,0,0,0.823095152,
MD,2020/3/2,0,0,0,0,0,0.826351968,
MD,2020/3/9,0,0,0,0,0,0.799861801,
MD,2020/3/16,0,0,0,0,0,0.402622821,
MD,2020/3/23,0,0,0,0,0,0.344849018,
MD,2020/3/30,0,0,0,0,0,0.327815221,
MD,2020/4/6,0,0,0,0,0,0.34944827,
MD,2020/4/13,0,0,0,0,0,0.312684286,
MD,2020/4/20,0,0,0,0,0,0.304628121,
MD,2020/4/27,0,0,0,0,0,0.315596466,
MD,2020/5/4,0,0,0,0,0,0.328459814,
MD,2020/5/11,0,0,0,0,0,0.344689759,
MD,2020/5/18,0,0,0,0,0,0.346003646,
MD,2020/5/25,0,0,0,0,0,0.410303461,
MD,2020/6/1,0,0,0,0,0,0.497082827,
MD,2020/6/8,0,0,0,0,0,0.577624107,
MD,2020/6/15,0,0,0,0,0,0.586651537,
MD,2020/6/22,0,0,0,0,0,0.618150517,
MD,2020/6/29,0,0,0,0,0,0.630034248,
MD,2020/7/6,0.619123446,0.619123446,0.619123446,0.619123446,0.619123446,0.619123446,
MD,2020/10/26,0.811067677,0.489982931,0.405486945,0.253394171,0.190022181,0,bb
MD,2021/4/26,0.811067677,0.489982931,0.405486945,0.253394171,0.190022181,0,bb
MD,2021/4/26,0.796184607,0.475099861,0.390603875,0.238511101,0.175139111,0,gb
MD,2021/4/26,0.834508301,0.513423555,0.42892757,0.276834795,0.213462806,0,gg
MD,2022/1/24,0.806068846,0.4849841,0.400488115,0.24839534,0.185023351,0,bb
MD,2022/1/24,0.791185776,0.47010103,0.385605044,0.23351227,0.170140281,0,gb
MD,2022/1/24,0.829509471,0.508424725,0.423928739,0.271835965,0.208463975,0,gg
ME,2020/2/17,0,0,0,0,0,0.853834256,
ME,2020/2/24,0,0,0,0,0,0.832452007,
ME,2020/3/2,0,0,0,0,0,0.83191652,
ME,2020/3/9,0,0,0,0,0,0.821687227,
ME,2020/3/16,0,0,0,0,0,0.491505345,
ME,2020/3/23,0,0,0,0,0,0.356646283,
ME,2020/3/30,0,0,0,0,0,0.332030227,
ME,2020/4/6,0,0,0,0,0,0.344609466,
ME,2020/4/13,0,0,0,0,0,0.369969736,
ME,2020/4/20,0,0,0,0,0,0.286407436,
ME,2020/4/27,0,0,0,0,0,0.249762369,
ME,2020/5/4,0,0,0,0,0,0.236663954,
ME,2020/5/11,0,0,0,0,0,0.236819791,
ME,2020/5/18,0,0,0,0,0,0.315151461,
ME,2020/5/25,0,0,0,0,0,0.32128988,
ME,2020/6/1,0,0,0,0,0,0.50586498,
ME,2020/6/8,0,0,0,0,0,0.549314009,
ME,2020/6/15,0,0,0,0,0,0.565941403,
ME,2020/6/22,0,0,0,0,0,0.589053441,
ME,2020/6/29,0,0,0,0,0,0.5883243,
ME,2020/7/6,0.598641773,0.598641773,0.598641773,0.598641773,0.598641773,0.598641773,
ME,2020/10/26,0.705921819,0.596077038,0.490457055,0.34681388,0.28344189,0,bb
ME,2021/4/26,0.705921819,0.596077038,0.490457056,0.34681388,0.28344189,0,bb
ME,2021/4/26,0.705211949,0.595367168,0.489747186,0.34610401,0.28273202,0,gb
ME,2021/4/26,0.743535644,0.633690862,0.52807088,0.384427704,0.321055715,0,gg
ME,2022/1/24,0.716917443,0.607072662,0.501452679,0.357809504,0.294437514,0,bb
ME,2022/1/24,0.716207573,0.606362792,0.500742809,0.357099633,0.293727644,0,gb
ME,2022/1/24,0.754531268,0.644686486,0.539066504,0.395423328,0.332051339,0,gg
MI,2020/2/17,0,0,0,0,0,0.834025695,
MI,2020/2/24,0,0,0,0,0,0.820063203,
MI,2020/3/2,0,0,0,0,0,0.823153805,
MI,2020/3/9,0,0,0,0,0,0.79325309,
MI,2020/3/16,0,0,0,0,0,0.327901349,
MI,2020/3/23,0,0,0,0,0,0.283598574,
MI,2020/3/30,0,0,0,0,0,0.257473344,
MI,2020/4/6,0,0,0,0,0,0.274461459,
MI,2020/4/13,0,0,0,0,0,0.25119081,
MI,2020/4/20,0,0,0,0,0,0.25751679,
MI,2020/4/27,0,0,0,0,0,0.25146595,
MI,2020/5/4,0,0,0,0,0,0.23546029,
MI,2020/5/11,0,0,0,0,0,0.238377191,
MI,2020/5/18,0,0,0,0,0,0.279339786,
MI,2020/5/25,0,0,0,0,0,0.286756978,
MI,2020/6/1,0,0,0,0,0,0.319760819,
MI,2020/6/8,0,0,0,0,0,0.613970193,
MI,2020/6/15,0,0,0,0,0,0.638936944,
MI,2020/6/22,0,0,0,0,0,0.663123265,
MI,2020/6/29,0,0,0,0,0,0.653758905,
MI,2020/7/6,0.65194077,0.65194077,0.65194077,0.65194077,0.65194077,0.65194077,
MI,2020/10/26,0.782029084,0.621486711,0.435595542,0.291952367,0.156758789,0,bb
MI,2021/4/26,0.782029084,0.621486711,0.435595542,0.291952366,0.156758789,0,bb
MI,2021/4/26,0.768362473,0.6078201,0.421928931,0.278285755,0.143092178,0,gb
MI,2021/4/26,0.806686167,0.646143794,0.460252626,0.31660945,0.181415873,0,gg
MI,2022/1/24,0.785498858,0.624956485,0.439065317,0.295422141,0.160228563,0,bb
MI,2022/1/24,0.771832247,0.611289874,0.425398705,0.28175553,0.146561952,0,gb
MI,2022/1/24,0.810155942,0.649613569,0.4637224,0.320079224,0.184885647,0,gg
MN,2020/2/17,0,0,0,0,0,0.880977653,
MN,2020/2/24,0,0,0,0,0,0.878601116,
MN,2020/3/2,0,0,0,0,0,0.885888571,
MN,2020/3/9,0,0,0,0,0,0.855973221,
MN,2020/3/16,0,0,0,0,0,0.387820761,
MN,2020/3/23,0,0,0,0,0,0.234587441,
MN,2020/3/30,0,0,0,0,0,0.244843783,
MN,2020/4/6,0,0,0,0,0,0.255436298,
MN,2020/4/13,0,0,0,0,0,0.257485329,
MN,2020/4/20,0,0,0,0,0,0.278457472,
MN,2020/4/27,0,0,0,0,0,0.261636377,
MN,2020/5/4,0,0,0,0,0,0.263672649,
MN,2020/5/11,0,0,0,0,0,0.256336399,
MN,2020/5/18,0,0,0,0,0,0.248800048,
MN,2020/5/25,0,0,0,0,0,0.289736291,
MN,2020/6/1,0,0,0,0,0,0.432077168,
MN,2020/6/8,0,0,0,0,0,0.572019962,
MN,2020/6/15,0,0,0,0,0,0.60292027,
MN,2020/6/22,0,0,0,0,0,0.633596657,
MN,2020/6/29,0,0,0,0,0,0.619164476,
MN,2020/7/6,0.619521388,0.619521388,0.619521388,0.619521388,0.619521388,0.619521388,
MN,2020/10/26,0.866569278,0.651104514,0.511686138,0.418740553,0.308895772,0,bb
MN,2021/4/26,0.866569278,0.651104514,0.511686138,0.418740553,0.308895772,0,bb
MN,2021/4/26,0.858155705,0.642690941,0.503272565,0.41032698,0.300482199,0,gb
MN,2021/4/26,0.896479399,0.681014636,0.541596259,0.448650675,0.338805893,0,gg
MN,2022/1/24,0.842408881,0.626944118,0.487525741,0.394580157,0.284735375,0,bb
MN,2022/1/24,0.833995308,0.618530545,0.479112168,0.386166584,0.276321802,0,gb
MN,2022/1/24,0.872319003,0.656854239,0.517435863,0.424490278,0.314645497,0,gg
MO,2020/2/17,0,0,0,0,0,0.867155644,
MO,2020/2/24,0,0,0,0,0,0.865084474,
MO,2020/3/2,0,0,0,0,0,0.870969392,
MO,2020/3/9,0,0,0,0,0,0.846157722,
MO,2020/3/16,0,0,0,0,0,0.493767352,
MO,2020/3/23,0,0,0,0,0,0.312162371,
MO,2020/3/30,0,0,0,0,0,0.286754728,
MO,2020/4/6,0,0,0,0,0,0.279667266,
MO,2020/4/13,0,0,0,0,0,0.274077834,
MO,2020/4/20,0,0,0,0,0,0.273817458,
MO,2020/4/27,0,0,0,0,0,0.282481082,
MO,2020/5/4,0,0,0,0,0,0.371455818,
MO,2020/5/11,0,0,0,0,0,0.431497831,
MO,2020/5/18,0,0,0,0,0,0.531797744,
MO,2020/5/25,0,0,0,0,0,0.59140915,
MO,2020/6/1,0,0,0,0,0,0.648473653,
MO,2020/6/8,0,0,0,0,0,0.684908346,
MO,2020/6/15,0,0,0,0,0,0.69459841,
MO,2020/6/22,0,0,0,0,0,0.709542225,
MO,2020/6/29,0,0,0,0,0,0.679781624,
MO,2020/7/6,0.702705568,0.702705568,0.702705568,0.702705568,0.702705568,0.702705568,
MO,2020/10/26,0.842486212,0.67349424,0.588998255,0.49605267,0.390432688,0,bb
MO,2021/4/26,0.842486212,0.673494241,0.588998255,0.49605267,0.390432688,0,bb
MO,2021/4/26,0.837920457,0.668928486,0.5844325,0.491486915,0.385866933,0,gb
MO,2021/4/26,0.876244152,0.70725218,0.622756194,0.52981061,0.424190628,0,gg
MO,2022/1/24,0.839971445,0.670979473,0.586483487,0.493537903,0.387917921,0,bb
MO,2022/1/24,0.83540569,0.666413718,0.581917733,0.488972148,0.383352166,0,gb
MO,2022/1/24,0.873729385,0.704737413,0.620241427,0.527295843,0.421675861,0,gg
MS,2020/2/17,0,0,0,0,0,0.939341461,
MS,2020/2/24,0,0,0,0,0,0.937323937,
MS,2020/3/2,0,0,0,0,0,0.938478067,
MS,2020/3/9,0,0,0,0,0,0.942889502,
MS,2020/3/16,0,0,0,0,0,0.794835976,
MS,2020/3/23,0,0,0,0,0,0.702093428,
MS,2020/3/30,0,0,0,0,0,0.7224166,
MS,2020/4/6,0,0,0,0,0,0.689756292,
MS,2020/4/13,0,0,0,0,0,0.701927932,
MS,2020/4/20,0,0,0,0,0,0.703279097,
MS,2020/4/27,0,0,0,0,0,0.725178643,
MS,2020/5/4,0,0,0,0,0,0.758786411,
MS,2020/5/11,0,0,0,0,0,0.807517557,
MS,2020/5/18,0,0,0,0,0,0.847151112,
MS,2020/5/25,0,0,0,0,0,0.852862623,
MS,2020/6/1,0,0,0,0,0,0.876489484,
MS,2020/6/8,0,0,0,0,0,0.885722818,
MS,2020/6/15,0,0,0,0,0,0.897552316,
MS,2020/6/22,0,0,0,0,0,0.892172894,
MS,2020/6/29,0,0,0,0,0,0.882551847,
MS,2020/7/6,0.874757525,0.874757525,0.874757525,0.874757525,0.874757525,0.874757525,
MS,2020/10/26,0.891639733,0.722647762,0.680399769,0.608578181,0.498733399,0,bb
MS,2021/4/26,0.891639733,0.722647761,0.680399768,0.60857818,0.498733399,0,bb
MS,2021/4/26,0.885925279,0.716933308,0.674685315,0.602863727,0.493018945,0,gb
MS,2021/4/26,0.924248974,0.755257002,0.713009009,0.641187421,0.53134264,0,gg
MS,2022/1/24,0.886977056,0.717985084,0.675737092,0.603915504,0.494070722,0,bb
MS,2022/1/24,0.881262602,0.712270631,0.670022638,0.59820105,0.488356268,0,gb
MS,2022/1/24,0.919586297,0.750594325,0.708346333,0.636524745,0.526679963,0,gg
MT,2020/2/17,0,0,0,0,0,0.910480291,
MT,2020/2/24,0,0,0,0,0,0.909295918,
MT,2020/3/2,0,0,0,0,0,0.908201196,
MT,2020/3/9,0,0,0,0,0,0.912152785,
MT,2020/3/16,0,0,0,0,0,0.631844578,
MT,2020/3/23,0,0,0,0,0,0.389068544,
MT,2020/3/30,0,0,0,0,0,0.395157647,
MT,2020/4/6,0,0,0,0,0,0.374188825,
MT,2020/4/13,0,0,0,0,0,0.379483284,
MT,2020/4/20,0,0,0,0,0,0.382616183,
MT,2020/4/27,0,0,0,0,0,0.378147072,
MT,2020/5/4,0,0,0,0,0,0.786991458,
MT,2020/5/11,0,0,0,0,0,0.837464693,
MT,2020/5/18,0,0,0,0,0,0.856023711,
MT,2020/5/25,0,0,0,0,0,0.868496813,
MT,2020/6/1,0,0,0,0,0,0.89683637,
MT,2020/6/8,0,0,0,0,0,0.901835625,
MT,2020/6/15,0,0,0,0,0,0.902934696,
MT,2020/6/22,0,0,0,0,0,0.891165827,
MT,2020/6/29,0,0,0,0,0,0.879690551,
MT,2020/7/6,0.8821255,0.8821255,0.8821255,0.8821255,0.8821255,0.8821255,
MT,2020/10/26,0.874016274,0.823318682,0.755721893,0.628977915,0.485334739,0,bb
MT,2021/4/26,0.874016274,0.823318682,0.755721893,0.628977915,0.485334739,0,bb
MT,2021/4/26,0.873851713,0.823154121,0.755557333,0.628813354,0.485170178,0,gb
MT,2021/4/26,0.912175407,0.861477816,0.793881027,0.667137049,0.523493873,0,gg
MT,2022/1/24,0.853181415,0.802483823,0.734887034,0.608143056,0.46449988,0,bb
MT,2022/1/24,0.853016854,0.802319262,0.734722474,0.607978495,0.464335319,0,gb
MT,2022/1/24,0.891340548,0.840642957,0.773046168,0.64630219,0.502659014,0,gg
NC,2020/2/17,0,0,0,0,0,0.819020295,
NC,2020/2/24,0,0,0,0,0,0.807642241,
NC,2020/3/2,0,0,0,0,0,0.806947962,
NC,2020/3/9,0,0,0,0,0,0.798489476,
NC,2020/3/16,0,0,0,0,0,0.454027416,
NC,2020/3/23,0,0,0,0,0,0.32487477,
NC,2020/3/30,0,0,0,0,0,0.284763988,
NC,2020/4/6,0,0,0,0,0,0.293590668,
NC,2020/4/13,0,0,0,0,0,0.270351615,
NC,2020/4/20,0,0,0,0,0,0.268880836,
NC,2020/4/27,0,0,0,0,0,0.286706223,
NC,2020/5/4,0,0,0,0,0,0.277111688,
NC,2020/5/11,0,0,0,0,0,0.278025341,
NC,2020/5/18,0,0,0,0,0,0.394797445,
NC,2020/5/25,0,0,0,0,0,0.515129562,
NC,2020/6/1,0,0,0,0,0,0.553690119,
NC,2020/6/8,0,0,0,0,0,0.593115916,
NC,2020/6/15,0,0,0,0,0,0.592088592,
NC,2020/6/22,0,0,0,0,0,0.583343196,
NC,2020/6/29,0,0,0,0,0,0.585333272,
NC,2020/7/6,0.57880506,0.57880506,0.57880506,0.57880506,0.57880506,0.57880506,
NC,2020/10/26,0.818602783,0.59891322,0.560890026,0.451045245,0.374998857,0,bb
NC,2021/4/26,0.818602783,0.59891322,0.560890026,0.451045245,0.374998858,0,bb
NC,2021/4/26,0.805010386,0.585320822,0.547297629,0.437452847,0.36140646,0,gb
NC,2021/4/26,0.84333408,0.623644517,0.585621323,0.475776542,0.399730155,0,gg
NC,2022/1/24,0.758696502,0.539006939,0.500983745,0.391138964,0.315092577,0,bb
NC,2022/1/24,0.745104105,0.525414542,0.487391348,0.377546566,0.301500179,0,gb
NC,2022/1/24,0.783427799,0.563738236,0.525715043,0.415870261,0.339823874,0,gg
NE,2020/2/17,0,0,0,0,0,0.887136588,
NE,2020/2/24,0,0,0,0,0,0.8904562,
NE,2020/3/2,0,0,0,0,0,0.895728461,
NE,2020/3/9,0,0,0,0,0,0.878631415,
NE,2020/3/16,0,0,0,0,0,0.528072407,
NE,2020/3/23,0,0,0,0,0,0.423082318,
NE,2020/3/30,0,0,0,0,0,0.399458017,
NE,2020/4/6,0,0,0,0,0,0.415870298,
NE,2020/4/13,0,0,0,0,0,0.395141407,
NE,2020/4/20,0,0,0,0,0,0.400238616,
NE,2020/4/27,0,0,0,0,0,0.415465063,
NE,2020/5/4,0,0,0,0,0,0.423741558,
NE,2020/5/11,0,0,0,0,0,0.479101736,
NE,2020/5/18,0,0,0,0,0,0.626135742,
NE,2020/5/25,0,0,0,0,0,0.665988435,
NE,2020/6/1,0,0,0,0,0,0.740492141,
NE,2020/6/8,0,0,0,0,0,0.776341458,
NE,2020/6/15,0,0,0,0,0,0.788897682,
NE,2020/6/22,0,0,0,0,0,0.802940553,
NE,2020/6/29,0,0,0,0,0,0.795952585,
NE,2020/7/6,0.817043278,0.817043278,0.817043278,0.817043278,0.817043278,0.817043278,
NE,2020/10/26,0.869636301,0.700644329,0.569675551,0.502078762,0.434481974,0,bb
NE,2021/4/26,0.8696363,0.700644329,0.569675551,0.502078762,0.434481973,0,bb
NE,2021/4/26,0.865878829,0.696886858,0.56591808,0.498321291,0.430724502,0,gb
NE,2021/4/26,0.904202524,0.735210552,0.604241774,0.536644986,0.469048197,0,gg
NE,2022/1/24,0.854305794,0.685313823,0.554345045,0.486748256,0.419151468,0,bb
NE,2022/1/24,0.850548323,0.681556352,0.550587574,0.482990785,0.415393997,0,gb
NE,2022/1/24,0.888872018,0.719880046,0.588911268,0.52131448,0.453717691,0,gg
NH,2020/2/17,0,0,0,0,0,0.763699285,
NH,2020/2/24,0,0,0,0,0,0.757831494,
NH,2020/3/2,0,0,0,0,0,0.75092354,
NH,2020/3/9,0,0,0,0,0,0.738365549,
NH,2020/3/16,0,0,0,0,0,0.39812341,
NH,2020/3/23,0,0,0,0,0,0.302889605,
NH,2020/3/30,0,0,0,0,0,0.30220572,
NH,2020/4/6,0,0,0,0,0,0.296304067,
NH,2020/4/13,0,0,0,0,0,0.278214738,
NH,2020/4/20,0,0,0,0,0,0.283839805,
NH,2020/4/27,0,0,0,0,0,0.269812265,
NH,2020/5/4,0,0,0,0,0,0.279158026,
NH,2020/5/11,0,0,0,0,0,0.275880401,
NH,2020/5/18,0,0,0,0,0,0.385366606,
NH,2020/5/25,0,0,0,0,0,0.410020745,
NH,2020/6/1,0,0,0,0,0,0.429297497,
NH,2020/6/8,0,0,0,0,0,0.438715091,
NH,2020/6/15,0,0,0,0,0,0.545033592,
NH,2020/6/22,0,0,0,0,0,0.555938117,
NH,2020/6/29,0,0,0,0,0,0.550687507,
NH,2020/7/6,0.555661513,0.555661513,0.555661513,0.555661513,0.555661513,0.555661513,
NH,2020/10/26,0.676895516,0.478329949,0.351585971,0.229066791,0.148795605,0,bb
NH,2021/4/26,0.676895516,0.478329949,0.351585971,0.229066791,0.148795605,0,bb
NH,2021/4/26,0.675771017,0.477205451,0.350461472,0.227942293,0.147671106,0,gb
NH,2021/4/26,0.714094712,0.515529145,0.388785167,0.266265987,0.185994801,0,gg
NH,2022/1/24,0.639270431,0.440704864,0.313960886,0.191441706,0.11117052,0,bb
NH,2022/1/24,0.638145932,0.439580366,0.312836387,0.190317208,0.110046021,0,gb
NH,2022/1/24,0.676469627,0.47790406,0.351160082,0.228640902,0.148369716,0,gg
NJ,2020/2/17,0,0,0,0,0,0.744535005,
NJ,2020/2/24,0,0,0,0,0,0.739019358,
NJ,2020/3/2,0,0,0,0,0,0.745559401,
NJ,2020/3/9,0,0,0,0,0,0.71003118,
NJ,2020/3/16,0,0,0,0,0,0.322679555,
NJ,2020/3/23,0,0,0,0,0,0.225269435,
NJ,2020/3/30,0,0,0,0,0,0.222517409,
NJ,2020/4/6,0,0,0,0,0,0.230343957,
NJ,2020/4/13,0,0,0,0,0,0.209435137,
NJ,2020/4/20,0,0,0,0,0,0.200722394,
NJ,2020/4/27,0,0,0,0,0,0.204452367,
NJ,2020/5/4,0,0,0,0,0,0.212316408,
NJ,2020/5/11,0,0,0,0,0,0.197759409,
NJ,2020/5/18,0,0,0,0,0,0.204144273,
NJ,2020/5/25,0,0,0,0,0,0.216546432,
NJ,2020/6/1,0,0,0,0,0,0.233109873,
NJ,2020/6/8,0,0,0,0,0,0.236310938,
NJ,2020/6/15,0,0,0,0,0,0.483990461,
NJ,2020/6/22,0,0,0,0,0,0.506442898,
NJ,2020/6/29,0,0,0,0,0,0.522916621,
NJ,2020/7/6,0.495166138,0.495166138,0.495166138,0.495166138,0.495166138,0.495166138,
NJ,2020/10/26,0.729890271,0.413030324,0.277836747,0.125743973,0.037023188,0,bb
NJ,2021/4/26,0.729890271,0.413030324,0.277836747,0.125743973,0.037023188,0,bb
NJ,2021/4/26,0.707406752,0.390546805,0.255353228,0.103260453,0.014539668,0,gb
NJ,2021/4/26,0.745730446,0.4288705,0.293676922,0.141584148,0.052863363,0,gg
NJ,2022/1/24,0.689215527,0.37235558,0.237162003,0.085069229,-0.003651556,0,bb
NJ,2022/1/24,0.666732008,0.349872061,0.214678484,0.062585709,-0.026135076,0,gb
NJ,2022/1/24,0.705055702,0.388195756,0.253002178,0.100909404,0.012188619,0,gg
NM,2020/2/17,0,0,0,0,0,0.894882209,
NM,2020/2/24,0,0,0,0,0,0.890865008,
NM,2020/3/2,0,0,0,0,0,0.889165453,
NM,2020/3/9,0,0,0,0,0,0.878065072,
NM,2020/3/16,0,0,0,0,0,0.555156173,
NM,2020/3/23,0,0,0,0,0,0.399978032,
NM,2020/3/30,0,0,0,0,0,0.319193832,
NM,2020/4/6,0,0,0,0,0,0.321955287,
NM,2020/4/13,0,0,0,0,0,0.300503902,
NM,2020/4/20,0,0,0,0,0,0.298036104,
NM,2020/4/27,0,0,0,0,0,0.269102404,
NM,2020/5/4,0,0,0,0,0,0.349312513,
NM,2020/5/11,0,0,0,0,0,0.35565529,
NM,2020/5/18,0,0,0,0,0,0.353059642,
NM,2020/5/25,0,0,0,0,0,0.415234019,
NM,2020/6/1,0,0,0,0,0,0.586691345,
NM,2020/6/8,0,0,0,0,0,0.690781289,
NM,2020/6/15,0,0,0,0,0,0.712948762,
NM,2020/6/22,0,0,0,0,0,0.722807635,
NM,2020/6/29,0,0,0,0,0,0.727236171,
NM,2020/7/6,0.689811265,0.689811265,0.689811265,0.689811265,0.689811265,0.689811265,
NM,2020/10/26,0.87379591,0.628757551,0.594959157,0.497788773,0.417517586,0,bb
NM,2021/4/26,0.87379591,0.628757551,0.594959157,0.497788773,0.417517587,0,bb
NM,2021/4/26,0.870753149,0.62571479,0.591916396,0.494746012,0.414474825,0,gb
NM,2021/4/26,0.909076843,0.664038485,0.63024009,0.533069707,0.45279852,0,gg
NM,2022/1/24,0.86737421,0.622335851,0.588537457,0.491367073,0.411095887,0,bb
NM,2022/1/24,0.864331449,0.61929309,0.585494696,0.488324312,0.408053126,0,gb
NM,2022/1/24,0.902655144,0.657616785,0.623818391,0.526648007,0.44637682,0,gg
NV,2020/2/17,0,0,0,0,0,0.862614062,
NV,2020/2/24,0,0,0,0,0,0.86564801,
NV,2020/3/2,0,0,0,0,0,0.861010453,
NV,2020/3/9,0,0,0,0,0,0.852062787,
NV,2020/3/16,0,0,0,0,0,0.503331246,
NV,2020/3/23,0,0,0,0,0,0.312727615,
NV,2020/3/30,0,0,0,0,0,0.31511791,
NV,2020/4/6,0,0,0,0,0,0.30255212,
NV,2020/4/13,0,0,0,0,0,0.296201392,
NV,2020/4/20,0,0,0,0,0,0.305022721,
NV,2020/4/27,0,0,0,0,0,0.29545075,
NV,2020/5/4,0,0,0,0,0,0.338700867,
NV,2020/5/11,0,0,0,0,0,0.480893104,
NV,2020/5/18,0,0,0,0,0,0.546647729,
NV,2020/5/25,0,0,0,0,0,0.595009381,
NV,2020/6/1,0,0,0,0,0,0.665634654,
NV,2020/6/8,0,0,0,0,0,0.717253083,
NV,2020/6/15,0,0,0,0,0,0.724467622,
NV,2020/6/22,0,0,0,0,0,0.710863321,
NV,2020/6/29,0,0,0,0,0,0.711173246,
NV,2020/7/6,0.691600615,0.691600615,0.691600615,0.691600615,0.691600615,0.691600615,
NV,2020/10/26,0.84507853,0.600040171,0.473296192,0.401474604,0.316978618,0,bb
NV,2021/4/26,0.84507853,0.600040171,0.473296192,0.401474604,0.316978618,0,bb
NV,2021/4/26,0.841993822,0.596955463,0.470211484,0.398389896,0.313893911,0,gb
NV,2021/4/26,0.880317516,0.635279158,0.508535179,0.436713591,0.352217605,0,gg
NV,2022/1/24,0.839351097,0.594312738,0.467568759,0.395747171,0.311251185,0,bb
NV,2022/1/24,0.836266389,0.59122803,0.464484051,0.392662463,0.308166478,0,gb
NV,2022/1/24,0.874590083,0.629551725,0.502807746,0.430986158,0.346490172,0,gg
NY,2020/2/17,0,0,0,0,0,0.824899324,
NY,2020/2/24,0,0,0,0,0,0.810421769,
NY,2020/3/2,0,0,0,0,0,0.81075905,
NY,2020/3/9,0,0,0,0,0,0.769552068,
NY,2020/3/16,0,0,0,0,0,0.380071535,
NY,2020/3/23,0,0,0,0,0,0.265507672,
NY,2020/3/30,0,0,0,0,0,0.250624852,
NY,2020/4/6,0,0,0,0,0,0.259874066,
NY,2020/4/13,0,0,0,0,0,0.263563665,
NY,2020/4/20,0,0,0,0,0,0.261515726,
NY,2020/4/27,0,0,0,0,0,0.287072302,
NY,2020/5/4,0,0,0,0,0,0.290750052,
NY,2020/5/11,0,0,0,0,0,0.297257663,
NY,2020/5/18,0,0,0,0,0,0.301942268,
NY,2020/5/25,0,0,0,0,0,0.306746598,
NY,2020/6/1,0,0,0,0,0,0.344662755,
NY,2020/6/8,0,0,0,0,0,0.443429752,
NY,2020/6/15,0,0,0,0,0,0.481073763,
NY,2020/6/22,0,0,0,0,0,0.563490431,
NY,2020/6/29,0,0,0,0,0,0.5755602,
NY,2020/7/6,0.579904199,0.579904199,0.579904199,0.579904199,0.579904199,0.579904199,
NY,2020/10/26,0.76670424,0.517441082,0.386472304,0.23437953,0.128759548,0,bb
NY,2021/4/26,0.76670424,0.517441082,0.386472304,0.23437953,0.128759547,0,bb
NY,2021/4/26,0.724734789,0.475471631,0.344502853,0.192410078,0.086790096,0,gb
NY,2021/4/26,0.763058483,0.513795325,0.382826547,0.230733773,0.125113791,0,gg
NY,2022/1/24,0.769379913,0.520116755,0.389147977,0.237055202,0.13143522,0,bb
NY,2022/1/24,0.727410461,0.478147303,0.347178525,0.195085751,0.089465769,0,gb
NY,2022/1/24,0.765734156,0.516470998,0.38550222,0.233409446,0.127789463,0,gg
OH,2020/2/17,0,0,0,0,0,0.792601572,
OH,2020/2/24,0,0,0,0,0,0.775850081,
OH,2020/3/2,0,0,0,0,0,0.779893567,
OH,2020/3/9,0,0,0,0,0,0.743193575,
OH,2020/3/16,0,0,0,0,0,0.092865786,
OH,2020/3/23,0,0,0,0,0,0.064001692,
OH,2020/3/30,0,0,0,0,0,0.062354764,
OH,2020/4/6,0,0,0,0,0,0.090119953,
OH,2020/4/13,0,0,0,0,0,0.059276066,
OH,2020/4/20,0,0,0,0,0,0.059302407,
OH,2020/4/27,0,0,0,0,0,0.071940269,
OH,2020/5/4,0,0,0,0,0,0.058368004,
OH,2020/5/11,0,0,0,0,0,0.162752529,
OH,2020/5/18,0,0,0,0,0,0.347000926,
OH,2020/5/25,0,0,0,0,0,0.494000824,
OH,2020/6/1,0,0,0,0,0,0.543176031,
OH,2020/6/8,0,0,0,0,0,0.584815582,
OH,2020/6/15,0,0,0,0,0,0.594051053,
OH,2020/6/22,0,0,0,0,0,0.607824898,
OH,2020/6/29,0,0,0,0,0,0.585139304,
OH,2020/7/6,0.569542832,0.569542832,0.569542832,0.569542832,0.569542832,0.569542832,
OH,2020/10/26,0.742130221,0.56891345,0.45061907,0.349223887,0.235154306,0,bb
OH,2021/4/26,0.742130221,0.56891345,0.45061907,0.349223887,0.235154306,0,bb
OH,2021/4/26,0.729571975,0.556355204,0.438060824,0.336665641,0.22259606,0,gb
OH,2021/4/26,0.76789567,0.594678899,0.476384519,0.374989336,0.260919755,0,gg
OH,2022/1/24,0.741695613,0.568478842,0.450184462,0.348789279,0.234719698,0,bb
OH,2022/1/24,0.729137367,0.555920596,0.437626216,0.336231033,0.222161452,0,gb
OH,2022/1/24,0.767461062,0.594244291,0.475949911,0.374554728,0.260485147,0,gg
OK,2020/2/17,0,0,0,0,0,0.791669248,
OK,2020/2/24,0,0,0,0,0,0.790819819,
OK,2020/3/2,0,0,0,0,0,0.787025917,
OK,2020/3/9,0,0,0,0,0,0.760966395,
OK,2020/3/16,0,0,0,0,0,0.371211587,
OK,2020/3/23,0,0,0,0,0,0.20491551,
OK,2020/3/30,0,0,0,0,0,0.184378456,
OK,2020/4/6,0,0,0,0,0,0.188458991,
OK,2020/4/13,0,0,0,0,0,0.16779324,
OK,2020/4/20,0,0,0,0,0,0.192287977,
OK,2020/4/27,0,0,0,0,0,0.229552056,
OK,2020/5/4,0,0,0,0,0,0.305023632,
OK,2020/5/11,0,0,0,0,0,0.379242939,
OK,2020/5/18,0,0,0,0,0,0.426877608,
OK,2020/5/25,0,0,0,0,0,0.59347123,
OK,2020/6/1,0,0,0,0,0,0.63429148,
OK,2020/6/8,0,0,0,0,0,0.665748112,
OK,2020/6/15,0,0,0,0,0,0.636378948,
OK,2020/6/22,0,0,0,0,0,0.650509104,
OK,2020/6/29,0,0,0,0,0,0.628754474,
OK,2020/7/6,0.613323454,0.613323454,0.613323454,0.613323454,0.613323454,0.613323454,
OK,2020/10/26,0.722482395,0.591513617,0.528141628,0.447870441,0.308452065,0,bb
OK,2021/4/26,0.722482395,0.591513617,0.528141628,0.447870441,0.308452064,0,bb
OK,2021/4/26,0.720147891,0.589179113,0.525807123,0.445535937,0.30611756,0,gb
OK,2021/4/26,0.758471585,0.627502807,0.564130818,0.483859631,0.344441255,0,gg
OK,2022/1/24,0.701647246,0.570678468,0.507306479,0.427035292,0.287616915,0,bb
OK,2022/1/24,0.699312742,0.568343964,0.504971974,0.424700788,0.285282411,0,gb
OK,2022/1/24,0.737636436,0.606667658,0.543295669,0.463024482,0.323606106,0,gg
OR,2020/2/17,0,0,0,0,0,0.891842979,
OR,2020/2/24,0,0,0,0,0,0.889791242,
OR,2020/3/2,0,0,0,0,0,0.877976522,
OR,2020/3/9,0,0,0,0,0,0.859261744,
OR,2020/3/16,0,0,0,0,0,0.645452192,
OR,2020/3/23,0,0,0,0,0,0.551228837,
OR,2020/3/30,0,0,0,0,0,0.539811247,
OR,2020/4/6,0,0,0,0,0,0.543341318,
OR,2020/4/13,0,0,0,0,0,0.547544174,
OR,2020/4/20,0,0,0,0,0,0.540589499,
OR,2020/4/27,0,0,0,0,0,0.547080972,
OR,2020/5/4,0,0,0,0,0,0.534762243,
OR,2020/5/11,0,0,0,0,0,0.563078949,
OR,2020/5/18,0,0,0,0,0,0.621680163,
OR,2020/5/25,0,0,0,0,0,0.658985908,
OR,2020/6/1,0,0,0,0,0,0.695393069,
OR,2020/6/8,0,0,0,0,0,0.729104037,
OR,2020/6/15,0,0,0,0,0,0.733869455,
OR,2020/6/22,0,0,0,0,0,0.745654983,
OR,2020/6/29,0,0,0,0,0,0.73541488,
OR,2020/7/6,0.736912606,0.736912606,0.736912606,0.736912606,0.736912606,0.736912606,
OR,2020/10/26,0.898625491,0.683160727,0.60288954,0.505719157,0.438122368,0,bb
OR,2021/4/26,0.898625491,0.683160727,0.602889541,0.505719157,0.438122368,0,bb
OR,2021/4/26,0.897231564,0.681766801,0.601495614,0.50432523,0.436728442,0,gb
OR,2021/4/26,0.935555259,0.720090495,0.639819309,0.542648925,0.475052136,0,gg
OR,2022/1/24,0.884662848,0.669198084,0.588926897,0.491756514,0.424159725,0,bb
OR,2022/1/24,0.883268921,0.667804157,0.587532971,0.490362587,0.422765798,0,gb
OR,2022/1/24,0.921592616,0.706127852,0.625856665,0.528686282,0.461089493,0,gg
PA,2020/2/17,0,0,0,0,0,0.852536494,
PA,2020/2/24,0,0,0,0,0,0.848158988,
PA,2020/3/2,0,0,0,0,0,0.849288135,
PA,2020/3/9,0,0,0,0,0,0.824170687,
PA,2020/3/16,0,0,0,0,0,0.36085142,
PA,2020/3/23,0,0,0,0,0,0.236455897,
PA,2020/3/30,0,0,0,0,0,0.236311078,
PA,2020/4/6,0,0,0,0,0,0.241619576,
PA,2020/4/13,0,0,0,0,0,0.20292694,
PA,2020/4/20,0,0,0,0,0,0.204091219,
PA,2020/4/27,0,0,0,0,0,0.2286625,
PA,2020/5/4,0,0,0,0,0,0.228615978,
PA,2020/5/11,0,0,0,0,0,0.223405366,
PA,2020/5/18,0,0,0,0,0,0.248223398,
PA,2020/5/25,0,0,0,0,0,0.261086662,
PA,2020/6/1,0,0,0,0,0,0.396298018,
PA,2020/6/8,0,0,0,0,0,0.516810092,
PA,2020/6/15,0,0,0,0,0,0.560599462,
PA,2020/6/22,0,0,0,0,0,0.594147821,
PA,2020/6/29,0,0,0,0,0,0.572702529,
PA,2020/7/6,0.546936011,0.546936011,0.546936011,0.546936011,0.546936011,0.546936011,
PA,2020/10/26,0.84045044,0.620760877,0.468668102,0.375722518,0.278552134,0,bb
PA,2021/4/26,0.84045044,0.620760877,0.468668103,0.375722518,0.278552135,0,bb
PA,2021/4/26,0.822744023,0.60305446,0.450961686,0.358016102,0.260845718,0,gb
PA,2021/4/26,0.861067718,0.641378155,0.489285381,0.396339796,0.299169413,0,gg
PA,2022/1/24,0.821978757,0.602289194,0.450196419,0.357250835,0.260080451,0,bb
PA,2022/1/24,0.80427234,0.584582777,0.432490002,0.339544418,0.242374034,0,gb
PA,2022/1/24,0.842596035,0.622906472,0.470813697,0.377868113,0.280697729,0,gg
RI,2020/2/17,0,0,0,0,0,0.867216304,
RI,2020/2/24,0,0,0,0,0,0.856881605,
RI,2020/3/2,0,0,0,0,0,0.85492836,
RI,2020/3/9,0,0,0,0,0,0.84602947,
RI,2020/3/16,0,0,0,0,0,0.519450213,
RI,2020/3/23,0,0,0,0,0,0.416377728,
RI,2020/3/30,0,0,0,0,0,0.402846161,
RI,2020/4/6,0,0,0,0,0,0.429185866,
RI,2020/4/13,0,0,0,0,0,0.340461338,
RI,2020/4/20,0,0,0,0,0,0.386706176,
RI,2020/4/27,0,0,0,0,0,0.39398907,
RI,2020/5/4,0,0,0,0,0,0.380837395,
RI,2020/5/11,0,0,0,0,0,0.364807578,
RI,2020/5/18,0,0,0,0,0,0.527184138,
RI,2020/5/25,0,0,0,0,0,0.600655702,
RI,2020/6/1,0,0,0,0,0,0.685061804,
RI,2020/6/8,0,0,0,0,0,0.725398186,
RI,2020/6/15,0,0,0,0,0,0.738550422,
RI,2020/6/22,0,0,0,0,0,0.746346797,
RI,2020/6/29,0,0,0,0,0,0.754355881,
RI,2020/7/6,0.7573422,0.7573422,0.7573422,0.7573422,0.7573422,0.7573422,
RI,2020/10/26,0.809387883,0.623496714,0.462954341,0.357334359,0.277063172,0,bb
RI,2021/4/26,0.809387883,0.623496714,0.462954341,0.357334359,0.277063172,0,bb
RI,2021/4/26,0.807551901,0.621660732,0.461118359,0.355498377,0.27522719,0,gb
RI,2021/4/26,0.845875595,0.659984426,0.499442053,0.393822071,0.313550885,0,gg
RI,2022/1/24,0.813051721,0.627160552,0.466618179,0.360998197,0.28072701,0,bb
RI,2022/1/24,0.811215739,0.62532457,0.464782197,0.359162215,0.278891028,0,gb
RI,2022/1/24,0.849539433,0.663648264,0.503105891,0.397485909,0.317214723,0,gg
SC,2020/2/17,0,0,0,0,0,0.882464431,
SC,2020/2/24,0,0,0,0,0,0.881968318,
SC,2020/3/2,0,0,0,0,0,0.889010733,
SC,2020/3/9,0,0,0,0,0,0.888396521,
SC,2020/3/16,0,0,0,0,0,0.571397014,
SC,2020/3/23,0,0,0,0,0,0.341073108,
SC,2020/3/30,0,0,0,0,0,0.316314433,
SC,2020/4/6,0,0,0,0,0,0.315217944,
SC,2020/4/13,0,0,0,0,0,0.306111751,
SC,2020/4/20,0,0,0,0,0,0.308822032,
SC,2020/4/27,0,0,0,0,0,0.319943701,
SC,2020/5/4,0,0,0,0,0,0.591033538,
SC,2020/5/11,0,0,0,0,0,0.727492682,
SC,2020/5/18,0,0,0,0,0,0.770417383,
SC,2020/5/25,0,0,0,0,0,0.798143982,
SC,2020/6/1,0,0,0,0,0,0.829925009,
SC,2020/6/8,0,0,0,0,0,0.833338089,
SC,2020/6/15,0,0,0,0,0,0.817234134,
SC,2020/6/22,0,0,0,0,0,0.806190427,
SC,2020/6/29,0,0,0,0,0,0.788019815,
SC,2020/7/6,0.779823156,0.779823156,0.779823156,0.779823156,0.779823156,0.779823156,
SC,2020/10/26,0.892771792,0.689981426,0.647733433,0.554787849,0.474516662,0,bb
SC,2021/4/26,0.892771792,0.689981426,0.647733433,0.554787849,0.474516663,0,bb
SC,2021/4/26,0.888652933,0.685862567,0.643614574,0.55066899,0.470397803,0,gb
SC,2021/4/26,0.926976627,0.724186261,0.681938269,0.588992684,0.508721498,0,gg
SC,2022/1/24,0.853479271,0.650688905,0.608440912,0.515495327,0.435224141,0,bb
SC,2022/1/24,0.849360411,0.646570045,0.604322052,0.511376468,0.431105281,0,gb
SC,2022/1/24,0.887684106,0.68489374,0.642645747,0.549700163,0.469428976,0,gg
TN,2020/2/17,0,0,0,0,0,0.900161934,
TN,2020/2/24,0,0,0,0,0,0.900977579,
TN,2020/3/2,0,0,0,0,0,0.894004544,
TN,2020/3/9,0,0,0,0,0,0.88035614,
TN,2020/3/16,0,0,0,0,0,0.625788169,
TN,2020/3/23,0,0,0,0,0,0.35908119,
TN,2020/3/30,0,0,0,0,0,0.334852107,
TN,2020/4/6,0,0,0,0,0,0.32602364,
TN,2020/4/13,0,0,0,0,0,0.297475898,
TN,2020/4/20,0,0,0,0,0,0.303122362,
TN,2020/4/27,0,0,0,0,0,0.440387005,
TN,2020/5/4,0,0,0,0,0,0.502754912,
TN,2020/5/11,0,0,0,0,0,0.57136871,
TN,2020/5/18,0,0,0,0,0,0.630312139,
TN,2020/5/25,0,0,0,0,0,0.676206744,
TN,2020/6/1,0,0,0,0,0,0.719084699,
TN,2020/6/8,0,0,0,0,0,0.743151806,
TN,2020/6/15,0,0,0,0,0,0.750054324,
TN,2020/6/22,0,0,0,0,0,0.753892272,
TN,2020/6/29,0,0,0,0,0,0.736728358,
TN,2020/7/6,0.73371818,0.73371818,0.73371818,0.73371818,0.73371818,0.73371818,
TN,2020/10/26,0.868657797,0.708115423,0.640518635,0.572921846,0.471526663,0,bb
TN,2021/4/26,0.868657796,0.708115423,0.640518635,0.572921846,0.471526663,0,bb
TN,2021/4/26,0.860032876,0.699490503,0.631893714,0.564296925,0.462901742,0,gb
TN,2021/4/26,0.89835657,0.737814197,0.670217409,0.60262062,0.501225437,0,gg
TN,2022/1/24,0.857082031,0.696539657,0.628942869,0.56134608,0.459950897,0,bb
TN,2022/1/24,0.84845711,0.687914737,0.620317948,0.55272116,0.451325977,0,gb
TN,2022/1/24,0.886780804,0.726238431,0.658641643,0.591044854,0.489649671,0,gg
TX,2020/2/17,0,0,0,0,0,0.868255205,
TX,2020/2/24,0,0,0,0,0,0.869914237,
TX,2020/3/2,0,0,0,0,0,0.867827523,
TX,2020/3/9,0,0,0,0,0,0.858515958,
TX,2020/3/16,0,0,0,0,0,0.545153336,
TX,2020/3/23,0,0,0,0,0,0.397202205,
TX,2020/3/30,0,0,0,0,0,0.392533502,
TX,2020/4/6,0,0,0,0,0,0.393030898,
TX,2020/4/13,0,0,0,0,0,0.381616785,
TX,2020/4/20,0,0,0,0,0,0.381016616,
TX,2020/4/27,0,0,0,0,0,0.446536563,
TX,2020/5/4,0,0,0,0,0,0.501461016,
TX,2020/5/11,0,0,0,0,0,0.549403966,
TX,2020/5/18,0,0,0,0,0,0.620569773,
TX,2020/5/25,0,0,0,0,0,0.660235002,
TX,2020/6/1,0,0,0,0,0,0.694043512,
TX,2020/6/8,0,0,0,0,0,0.710256499,
TX,2020/6/15,0,0,0,0,0,0.685175188,
TX,2020/6/22,0,0,0,0,0,0.647275381,
TX,2020/6/29,0,0,0,0,0,0.628883655,
TX,2020/7/6,0.632022988,0.632022988,0.632022988,0.632022988,0.632022988,0.632022988,
TX,2020/10/26,0.87612064,0.609958285,0.533911898,0.453640711,0.34379593,0,bb
TX,2021/4/26,0.876120641,0.609958285,0.533911898,0.453640712,0.34379593,0,bb
TX,2021/4/26,0.849911917,0.583749562,0.507703175,0.427431988,0.317587206,0,gb
TX,2021/4/26,0.888235612,0.622073256,0.546026869,0.465755683,0.355910901,0,gg
TX,2022/1/24,0.862353969,0.596191614,0.520145226,0.43987404,0.330029258,0,bb
TX,2022/1/24,0.836145245,0.56998289,0.493936503,0.413665316,0.303820535,0,gb
TX,2022/1/24,0.87446894,0.608306585,0.532260197,0.451989011,0.342144229,0,gg
UT,2020/2/17,0,0,0,0,0,0.847750338,
UT,2020/2/24,0,0,0,0,0,0.83552245,
UT,2020/3/2,0,0,0,0,0,0.843276689,
UT,2020/3/9,0,0,0,0,0,0.832279368,
UT,2020/3/16,0,0,0,0,0,0.587164585,
UT,2020/3/23,0,0,0,0,0,0.390472916,
UT,2020/3/30,0,0,0,0,0,0.356783087,
UT,2020/4/6,0,0,0,0,0,0.347221108,
UT,2020/4/13,0,0,0,0,0,0.328348093,
UT,2020/4/20,0,0,0,0,0,0.326518166,
UT,2020/4/27,0,0,0,0,0,0.33970153,
UT,2020/5/4,0,0,0,0,0,0.367428052,
UT,2020/5/11,0,0,0,0,0,0.431798516,
UT,2020/5/18,0,0,0,0,0,0.498187481,
UT,2020/5/25,0,0,0,0,0,0.549290612,
UT,2020/6/1,0,0,0,0,0,0.601702323,
UT,2020/6/8,0,0,0,0,0,0.641939941,
UT,2020/6/15,0,0,0,0,0,0.658501897,
UT,2020/6/22,0,0,0,0,0,0.658450999,
UT,2020/6/29,0,0,0,0,0,0.661537841,
UT,2020/7/6,0.659569385,0.659569385,0.659569385,0.659569385,0.659569385,0.659569385,
UT,2020/10/26,0.819295965,0.629179997,0.557358409,0.481312021,0.350343243,0,bb
UT,2021/4/26,0.819295965,0.629179997,0.557358409,0.481312022,0.350343244,0,bb
UT,2021/4/26,0.815699828,0.62558386,0.553762272,0.477715885,0.346747107,0,gb
UT,2021/4/26,0.854023523,0.663907554,0.592085967,0.516039579,0.385070801,0,gg
UT,2022/1/24,0.817512918,0.62739695,0.555575362,0.479528975,0.348560197,0,bb
UT,2022/1/24,0.813916781,0.623800813,0.551979225,0.475932838,0.34496406,0,gb
UT,2022/1/24,0.852240476,0.662124508,0.59030292,0.514256533,0.383287755,0,gg
VA,2020/2/17,0,0,0,0,0,0.884000157,
VA,2020/2/24,0,0,0,0,0,0.876746814,
VA,2020/3/2,0,0,0,0,0,0.878873185,
VA,2020/3/9,0,0,0,0,0,0.865531362,
VA,2020/3/16,0,0,0,0,0,0.522818811,
VA,2020/3/23,0,0,0,0,0,0.3068533,
VA,2020/3/30,0,0,0,0,0,0.271005457,
VA,2020/4/6,0,0,0,0,0,0.2590328,
VA,2020/4/13,0,0,0,0,0,0.243460862,
VA,2020/4/20,0,0,0,0,0,0.253076478,
VA,2020/4/27,0,0,0,0,0,0.248090314,
VA,2020/5/4,0,0,0,0,0,0.23464563,
VA,2020/5/11,0,0,0,0,0,0.308718505,
VA,2020/5/18,0,0,0,0,0,0.367850231,
VA,2020/5/25,0,0,0,0,0,0.467390764,
VA,2020/6/1,0,0,0,0,0,0.58068452,
VA,2020/6/8,0,0,0,0,0,0.667052373,
VA,2020/6/15,0,0,0,0,0,0.668088466,
VA,2020/6/22,0,0,0,0,0,0.697672824,
VA,2020/6/29,0,0,0,0,0,0.709924446,
VA,2020/7/6,0.708056173,0.708056173,0.708056173,0.708056173,0.708056173,0.708056173,
VA,2020/10/26,0.854973425,0.609935067,0.542338278,0.424043898,0.347997511,0,bb
VA,2021/4/26,0.854973425,0.609935067,0.542338278,0.424043898,0.347997511,0,bb
VA,2021/4/26,0.841360055,0.596321696,0.528724907,0.410430527,0.33438414,0,gb
VA,2021/4/26,0.879683749,0.63464539,0.567048602,0.448754222,0.372707834,0,gg
VA,2022/1/24,0.834410759,0.589372401,0.521775612,0.403481232,0.327434845,0,bb
VA,2022/1/24,0.820797389,0.57575903,0.508162241,0.389867861,0.313821474,0,gb
VA,2022/1/24,0.859121083,0.614082724,0.546485936,0.428191556,0.352145168,0,gg
VT,2020/2/17,0,0,0,0,0,0.916833736,
VT,2020/2/24,0,0,0,0,0,0.911191273,
VT,2020/3/2,0,0,0,0,0,0.913462632,
VT,2020/3/9,0,0,0,0,0,0.895792464,
VT,2020/3/16,0,0,0,0,0,0.632309283,
VT,2020/3/23,0,0,0,0,0,0.513134138,
VT,2020/3/30,0,0,0,0,0,0.396333596,
VT,2020/4/6,0,0,0,0,0,0.393602381,
VT,2020/4/13,0,0,0,0,0,0.284787452,
VT,2020/4/20,0,0,0,0,0,0.303567082,
VT,2020/4/27,0,0,0,0,0,0.315620627,
VT,2020/5/4,0,0,0,0,0,0.307884422,
VT,2020/5/11,0,0,0,0,0,0.31776864,
VT,2020/5/18,0,0,0,0,0,0.389329741,
VT,2020/5/25,0,0,0,0,0,0.402510117,
VT,2020/6/1,0,0,0,0,0,0.440873544,
VT,2020/6/8,0,0,0,0,0,0.519477192,
VT,2020/6/15,0,0,0,0,0,0.567150932,
VT,2020/6/22,0,0,0,0,0,0.62086828,
VT,2020/6/29,0,0,0,0,0,0.67979451,
VT,2020/7/6,0.671719989,0.671719989,0.671719989,0.671719989,0.671719989,0.671719989,
VT,2020/10/26,0.792479,0.602363032,0.505192648,0.357324673,0.251704691,0,bb
VT,2021/4/26,0.792479,0.602363032,0.505192648,0.357324673,0.251704691,0,bb
VT,2021/4/26,0.792328959,0.602212991,0.505042608,0.357174633,0.25155465,0,gb
VT,2021/4/26,0.830652654,0.640536686,0.543366302,0.395498327,0.289878345,0,gg
VT,2022/1/24,0.81155609,0.621440122,0.524269739,0.376401764,0.270781781,0,bb
VT,2022/1/24,0.81140605,0.621290082,0.524119698,0.376251723,0.270631741,0,gb
VT,2022/1/24,0.849729744,0.659613776,0.562443393,0.414575418,0.308955435,0,gg
WA,2020/2/17,0,0,0,0,0,0.904437319,
WA,2020/2/24,0,0,0,0,0,0.894949915,
WA,2020/3/2,0,0,0,0,0,0.894042223,
WA,2020/3/9,0,0,0,0,0,0.874977871,
WA,2020/3/16,0,0,0,0,0,0.437206416,
WA,2020/3/23,0,0,0,0,0,0.303201394,
WA,2020/3/30,0,0,0,0,0,0.28600378,
WA,2020/4/6,0,0,0,0,0,0.306038721,
WA,2020/4/13,0,0,0,0,0,0.295041917,
WA,2020/4/20,0,0,0,0,0,0.301634473,
WA,2020/4/27,0,0,0,0,0,0.300435929,
WA,2020/5/4,0,0,0,0,0,0.284787231,
WA,2020/5/11,0,0,0,0,0,0.288558252,
WA,2020/5/18,0,0,0,0,0,0.294788047,
WA,2020/5/25,0,0,0,0,0,0.329411023,
WA,2020/6/1,0,0,0,0,0,0.44866656,
WA,2020/6/8,0,0,0,0,0,0.568848211,
WA,2020/6/15,0,0,0,0,0,0.60120642,
WA,2020/6/22,0,0,0,0,0,0.625959084,
WA,2020/6/29,0,0,0,0,0,0.621859915,
WA,2020/7/6,0.625343738,0.625343738,0.625343738,0.625343738,0.625343738,0.625343738,
WA,2020/10/26,0.893755976,0.661392015,0.568446431,0.458601649,0.369880864,0,bb
WA,2021/4/26,0.893755976,0.661392015,0.568446431,0.458601649,0.369880864,0,bb
WA,2021/4/26,0.887284865,0.654920904,0.56197532,0.452130539,0.363409753,0,gb
WA,2021/4/26,0.92560856,0.693244599,0.600299015,0.490454233,0.401733448,0,gg
WA,2022/1/24,0.875556105,0.643192145,0.55024656,0.440401779,0.351680994,0,bb
WA,2022/1/24,0.869084995,0.636721034,0.54377545,0.433930668,0.345209883,0,gb
WA,2022/1/24,0.90740869,0.675044729,0.582099144,0.472254363,0.383533578,0,gg
WI,2020/2/17,0,0,0,0,0,0.915263983,
WI,2020/2/24,0,0,0,0,0,0.910502244,
WI,2020/3/2,0,0,0,0,0,0.911814602,
WI,2020/3/9,0,0,0,0,0,0.894856945,
WI,2020/3/16,0,0,0,0,0,0.470476881,
WI,2020/3/23,0,0,0,0,0,0.348665213,
WI,2020/3/30,0,0,0,0,0,0.345426501,
WI,2020/4/6,0,0,0,0,0,0.346050442,
WI,2020/4/13,0,0,0,0,0,0.346916815,
WI,2020/4/20,0,0,0,0,0,0.331034999,
WI,2020/4/27,0,0,0,0,0,0.328842263,
WI,2020/5/4,0,0,0,0,0,0.315626221,
WI,2020/5/11,0,0,0,0,0,0.432991594,
WI,2020/5/18,0,0,0,0,0,0.62304745,
WI,2020/5/25,0,0,0,0,0,0.700960036,
WI,2020/6/1,0,0,0,0,0,0.736733342,
WI,2020/6/8,0,0,0,0,0,0.769161576,
WI,2020/6/15,0,0,0,0,0,0.79266465,
WI,2020/6/22,0,0,0,0,0,0.782038134,
WI,2020/6/29,0,0,0,0,0,0.789662343,
WI,2020/7/6,0.786908281,0.786908281,0.786908281,0.786908281,0.786908281,0.786908281,
WI,2020/10/26,0.8932923,0.694726734,0.576432354,0.470812371,0.369417188,0,bb
WI,2021/4/26,0.8932923,0.694726734,0.576432354,0.470812371,0.369417188,0,bb
WI,2021/4/26,0.886329121,0.687763554,0.569469174,0.463849192,0.362454009,0,gb
WI,2021/4/26,0.924652816,0.726087249,0.607792869,0.502172887,0.400777704,0,gg
WI,2022/1/24,0.89955463,0.700989064,0.582694683,0.477074701,0.375679518,0,bb
WI,2022/1/24,0.892591451,0.694025884,0.575731504,0.470111522,0.368716339,0,gb
WI,2022/1/24,0.930915145,0.732349579,0.614055199,0.508435216,0.407040033,0,gg
WV,2020/2/17,0,0,0,0,0,0.689505248,
WV,2020/2/24,0,0,0,0,0,0.661559293,
WV,2020/3/2,0,0,0,0,0,0.673534208,
WV,2020/3/9,0,0,0,0,0,0.654877176,
WV,2020/3/16,0,0,0,0,0,0.35860378,
WV,2020/3/23,0,0,0,0,0,0.169807925,
WV,2020/3/30,0,0,0,0,0,0.185837439,
WV,2020/4/6,0,0,0,0,0,0.197888648,
WV,2020/4/13,0,0,0,0,0,0.220595981,
WV,2020/4/20,0,0,0,0,0,0.178077384,
WV,2020/4/27,0,0,0,0,0,0.164368085,
WV,2020/5/4,0,0,0,0,0,0.192212594,
WV,2020/5/11,0,0,0,0,0,0.196040229,
WV,2020/5/18,0,0,0,0,0,0.281073685,
WV,2020/5/25,0,0,0,0,0,0.403822096,
WV,2020/6/1,0,0,0,0,0,0.476393731,
WV,2020/6/8,0,0,0,0,0,0.517731854,
WV,2020/6/15,0,0,0,0,0,0.530154818,
WV,2020/6/22,0,0,0,0,0,0.537456392,
WV,2020/6/29,0,0,0,0,0,0.510562551,
WV,2020/7/6,0.518792265,0.518792265,0.518792265,0.518792265,0.518792265,0.518792265,
WV,2020/10/26,0.53925668,0.4167375,0.336466314,0.235071131,0.154799944,0,bb
WV,2021/4/26,0.53925668,0.4167375,0.336466314,0.235071131,0.154799944,0,bb
WV,2021/4/26,0.538524223,0.416005044,0.335733857,0.234338674,0.154067488,0,gb
WV,2021/4/26,0.576847918,0.454328738,0.374057552,0.272662369,0.192391182,0,gg
WV,2022/1/24,0.529864735,0.407345556,0.327074369,0.225679186,0.145408,0,bb
WV,2022/1/24,0.529132278,0.406613099,0.326341912,0.224946729,0.144675543,0,gb
WV,2022/1/24,0.567455973,0.444936793,0.364665607,0.263270424,0.182999237,0,gg