"State","Date","pred.1","pred.2","pred.3","pred.4","pred.5","pred.6","pred.7","pred.8","Amount_2020_weekly"
"1","AL",2020-02-17,0,0,0,0,0,0,0,0,143866.435714286
"2","AL",2020-02-24,0,0,0,0,0,0,0,0,150859.507142857
"3","AL",2020-03-02,0,0,0,0,0,0,0,0,140516.722857143
"4","AL",2020-03-09,0,0,0,0,0,0,0,0,134223.164285714
"5","AL",2020-03-16,0,0,0,0,0,0,0,0,58614.3142857143
"6","AL",2020-03-23,0,0,0,0,0,0,0,0,36528.6442857143
"7","AL",2020-03-30,0,0,0,0,0,0,0,0,36688.8171428571
"8","AL",2020-04-06,0,0,0,0,0,0,0,0,36854.9914285714
"9","AL",2020-04-13,0,0,0,0,0,0,0,0,48106.9814285714
"10","AL",2020-04-20,0,0,0,0,0,0,0,0,46337.3514285714
"11","AL",2020-04-27,0,0,0,0,0,0,0,0,49030.8285714286
"12","AL",2020-05-04,0,0,0,0,0,0,0,0,52659.4614285714
"13","AL",2020-05-11,0,0,0,0,0,0,0,0,80249.5957142857
"14","AL",2020-05-18,0,0,0,0,0,0,0,0,86271.7457142857
"15","AL",2020-05-25,0,0,0,0,0,0,0,0,95478.9157142857
"16","AL",2020-06-01,0,0,0,0,0,0,0,0,95709.5685714286
"17","AL",2020-06-08,0,0,0,0,0,0,0,0,102544.197142857
"18","AL",2020-06-15,0,0,0,0,0,0,0,0,106647.642857143
"19","AL",2020-06-22,0,0,0,0,0,0,0,0,103521.372857143
"20","AL",2020-06-29,0,0,0,0,0,0,0,0,82403.5585714286
"21","AL",2020-07-06,87598.7114285714,87598.7114285714,87598.7114285714,87598.7114285714,87598.7114285714,87598.7114285714,87598.7114285714,87598.7114285714,87598.7114285714
"22","AL",2020-07-13,194453.525333221,182812.666973285,99832.7019468012,89333.7694294879,69787.479425606,52535.5936670188,45301.3095236001,87370.380322679,0
"23","AL",2020-07-20,219582.182083059,206437.009859442,112733.788184919,100878.109519573,78805.9099884733,59324.613810239,51155.4644194086,104254.630741034,0
"24","AL",2020-07-27,195145.959884783,183463.649293397,100188.19877868,89651.8803429733,70035.9874531048,52722.6690115235,45462.6241199356,92907.1969280658,0
"25","AL",2020-08-03,208124.397716477,195665.1397477,106851.346250891,95614.296148111,74693.8225918801,56229.0592155073,48486.1755229706,98228.970597299,0
"26","AR",2020-02-17,0,0,0,0,0,0,0,0,122887.697142857
"27","AR",2020-02-24,0,0,0,0,0,0,0,0,126763.234285714
"28","AR",2020-03-02,0,0,0,0,0,0,0,0,119846.697142857
"29","AR",2020-03-09,0,0,0,0,0,0,0,0,106884.71
"30","AR",2020-03-16,0,0,0,0,0,0,0,0,55576.5514285714
"31","AR",2020-03-23,0,0,0,0,0,0,0,0,45198.2
"32","AR",2020-03-30,0,0,0,0,0,0,0,0,45402.1157142857
"33","AR",2020-04-06,0,0,0,0,0,0,0,0,44591.2457142857
"34","AR",2020-04-13,0,0,0,0,0,0,0,0,54283.2357142857
"35","AR",2020-04-20,0,0,0,0,0,0,0,0,53704.8071428571
"36","AR",2020-04-27,0,0,0,0,0,0,0,0,55584.4257142857
"37","AR",2020-05-04,0,0,0,0,0,0,0,0,61656.9042857143
"38","AR",2020-05-11,0,0,0,0,0,0,0,0,70585.0385714286
"39","AR",2020-05-18,0,0,0,0,0,0,0,0,77158.3685714286
"40","AR",2020-05-25,0,0,0,0,0,0,0,0,86977.9214285714
"41","AR",2020-06-01,0,0,0,0,0,0,0,0,89891.3057142857
"42","AR",2020-06-08,0,0,0,0,0,0,0,0,95646.5714285714
"43","AR",2020-06-15,0,0,0,0,0,0,0,0,101535.132857143
"44","AR",2020-06-22,0,0,0,0,0,0,0,0,101756.394285714
"45","AR",2020-06-29,0,0,0,0,0,0,0,0,90923.5042857143
"46","AR",2020-07-06,102177.142857143,102177.142857143,102177.142857143,102177.142857143,102177.142857143,102177.142857143,102177.142857143,102177.142857143,102177.142857143
"47","AR",2020-07-13,150617.058237696,120603.47709942,80244.7978308501,73600.9696457212,59666.575315841,47190.5318633299,43821.1154471003,67674.1120468766,0
"48","AR",2020-07-20,161064.187767372,128968.79880819,85810.7530209892,78706.0943400647,63805.1798551291,50463.7706632305,46860.64413374,76786.4424747515,0
"49","AR",2020-07-27,149316.305899741,119561.926715698,79551.7912776187,72965.3402259027,59151.2854924442,46782.9870913845,43442.6694793159,69735.8798953078,0
"50","AR",2020-08-03,179369.724267568,143626.576472457,95563.4602696282,87651.3310354548,71056.8728908682,56199.1635436608,52186.5284504436,81840.8519102033,0
"51","AZ",2020-02-17,0,0,0,0,0,0,0,0,498831.23
"52","AZ",2020-02-24,0,0,0,0,0,0,0,0,509196.794285714
"53","AZ",2020-03-02,0,0,0,0,0,0,0,0,498445.865714286
"54","AZ",2020-03-09,0,0,0,0,0,0,0,0,427258.021428571
"55","AZ",2020-03-16,0,0,0,0,0,0,0,0,167884.631428571
"56","AZ",2020-03-23,0,0,0,0,0,0,0,0,132587.405714286
"57","AZ",2020-03-30,0,0,0,0,0,0,0,0,128740.68
"58","AZ",2020-04-06,0,0,0,0,0,0,0,0,132226.582857143
"59","AZ",2020-04-13,0,0,0,0,0,0,0,0,152106.305714286
"60","AZ",2020-04-20,0,0,0,0,0,0,0,0,155576.095714286
"61","AZ",2020-04-27,0,0,0,0,0,0,0,0,157202.09
"62","AZ",2020-05-04,0,0,0,0,0,0,0,0,171499.224285714
"63","AZ",2020-05-11,0,0,0,0,0,0,0,0,245492.037142857
"64","AZ",2020-05-18,0,0,0,0,0,0,0,0,286580.687142857
"65","AZ",2020-05-25,0,0,0,0,0,0,0,0,306190.552857143
"66","AZ",2020-06-01,0,0,0,0,0,0,0,0,299122.512857143
"67","AZ",2020-06-08,0,0,0,0,0,0,0,0,341618.627142857
"68","AZ",2020-06-15,0,0,0,0,0,0,0,0,323840.505714286
"69","AZ",2020-06-22,0,0,0,0,0,0,0,0,281829.677142857
"70","AZ",2020-06-29,0,0,0,0,0,0,0,0,224391.307142857
"71","AZ",2020-07-06,239291.804285714,239291.804285714,239291.804285714,239291.804285714,239291.804285714,239291.804285714,239291.804285714,239291.804285714,239291.804285714
"72","AZ",2020-07-13,622284.550009675,510738.387814458,246516.486282985,207385.919375543,178828.353668454,148596.222217822,137986.41277595,183299.041096785,0
"73","AZ",2020-07-20,735308.19046791,603502.239836276,291290.522071344,245052.789920919,211308.400856589,175585.299791961,163048.463095966,238584.477921207,0
"74","AZ",2020-07-27,752676.079489558,617756.888515113,298170.768376193,250840.906679258,216299.479295528,179732.602977417,166899.647740596,242051.850692181,0
"75","AZ",2020-08-03,906507.377191402,744013.516584098,359110.656710592,302107.558088384,260506.583120098,216466.19968491,201010.455958826,288076.822382174,0
"76","CA",2020-02-17,0,0,0,0,0,0,0,0,6843279.82
"77","CA",2020-02-24,0,0,0,0,0,0,0,0,6910524.16857143
"78","CA",2020-03-02,0,0,0,0,0,0,0,0,6649351.97714286
"79","CA",2020-03-09,0,0,0,0,0,0,0,0,5143070.11857143
"80","CA",2020-03-16,0,0,0,0,0,0,0,0,2062296.82571429
"81","CA",2020-03-23,0,0,0,0,0,0,0,0,1938424.09428571
"82","CA",2020-03-30,0,0,0,0,0,0,0,0,1988363.05571429
"83","CA",2020-04-06,0,0,0,0,0,0,0,0,1918451.79857143
"84","CA",2020-04-13,0,0,0,0,0,0,0,0,2276636.39857143
"85","CA",2020-04-20,0,0,0,0,0,0,0,0,2448066.96571429
"86","CA",2020-04-27,0,0,0,0,0,0,0,0,2632727.62857143
"87","CA",2020-05-04,0,0,0,0,0,0,0,0,2998912.87428571
"88","CA",2020-05-11,0,0,0,0,0,0,0,0,2875772.29285714
"89","CA",2020-05-18,0,0,0,0,0,0,0,0,3149947.78
"90","CA",2020-05-25,0,0,0,0,0,0,0,0,3409295.90142857
"91","CA",2020-06-01,0,0,0,0,0,0,0,0,3569908.68714286
"92","CA",2020-06-08,0,0,0,0,0,0,0,0,4194475.14285714
"93","CA",2020-06-15,0,0,0,0,0,0,0,0,4441318.05428571
"94","CA",2020-06-22,0,0,0,0,0,0,0,0,4320574.94428571
"95","CA",2020-06-29,0,0,0,0,0,0,0,0,3843317.39571429
"96","CA",2020-07-06,4166612.05714286,4166612.05714286,4166612.05714286,4166612.05714286,4166612.05714286,4166612.05714286,4166612.05714286,4166612.05714286,4166612.05714286
"97","CA",2020-07-13,12718668.0331563,10699782.0026551,4344658.98918222,3151708.94247789,2651425.33262293,1995977.00131306,1700007.10920873,3504761.80291242,0
"98","CA",2020-07-20,14462853.7190623,12167105.9836486,4940467.60682361,3583921.31010015,3015030.86901666,2269697.05643301,1933139.07382095,4559483.60671352,0
"99","CA",2020-07-27,14384972.8965059,12101587.5015742,4913863.75059256,3564622.30141003,2998795.27065736,2257474.99589486,1922729.33974567,4488512.6833167,0
"100","CA",2020-08-03,15182930.5568204,12772882.0892194,5186443.70258397,3762357.65287733,3165143.28362562,2382700.77691669,2029386.23902522,4653760.58521065,0
"101","CO",2020-02-17,0,0,0,0,0,0,0,0,1085261.41
"102","CO",2020-02-24,0,0,0,0,0,0,0,0,1115735.17714286
"103","CO",2020-03-02,0,0,0,0,0,0,0,0,1122011.35
"104","CO",2020-03-09,0,0,0,0,0,0,0,0,894767.958571429
"105","CO",2020-03-16,0,0,0,0,0,0,0,0,314589.215714286
"106","CO",2020-03-23,0,0,0,0,0,0,0,0,304582.627142857
"107","CO",2020-03-30,0,0,0,0,0,0,0,0,314796.015714286
"108","CO",2020-04-06,0,0,0,0,0,0,0,0,310817.181428571
"109","CO",2020-04-13,0,0,0,0,0,0,0,0,352908.447142857
"110","CO",2020-04-20,0,0,0,0,0,0,0,0,383099.895714286
"111","CO",2020-04-27,0,0,0,0,0,0,0,0,411293.954285714
"112","CO",2020-05-04,0,0,0,0,0,0,0,0,448411.827142857
"113","CO",2020-05-11,0,0,0,0,0,0,0,0,447238.927142857
"114","CO",2020-05-18,0,0,0,0,0,0,0,0,476635.881428571
"115","CO",2020-05-25,0,0,0,0,0,0,0,0,550485.424285714
"116","CO",2020-06-01,0,0,0,0,0,0,0,0,636659.311428571
"117","CO",2020-06-08,0,0,0,0,0,0,0,0,715176.05
"118","CO",2020-06-15,0,0,0,0,0,0,0,0,765521.527142857
"119","CO",2020-06-22,0,0,0,0,0,0,0,0,779433.12
"120","CO",2020-06-29,0,0,0,0,0,0,0,0,754286.617142857
"121","CO",2020-07-06,804681.434285714,804681.434285714,804681.434285714,804681.434285714,804681.434285714,804681.434285714,804681.434285714,804681.434285714,804681.434285714
"122","CO",2020-07-13,1482959.04247814,1217134.68627557,706992.353690161,488154.724579779,386083.514305557,260075.967771589,232725.009801285,590378.957512484,0
"123","CO",2020-07-20,1620570.65132367,1330079.04789475,772597.911528235,533453.181982026,421910.244532405,284209.791648008,254320.793703604,726346.742529872,0
"124","CO",2020-07-27,1523688.29157531,1250563.10904527,726409.793321619,501561.821340958,396687.240488167,267218.915467472,239116.76751261,669014.671201907,0
"125","CO",2020-08-03,1520551.9947715,1247989.0017928,724914.58152164,500529.4272838,395870.715919899,266668.883131375,238624.579472685,646901.465005475,0
"126","CT",2020-02-17,0,0,0,0,0,0,0,0,931903.461428571
"127","CT",2020-02-24,0,0,0,0,0,0,0,0,922927.478571429
"128","CT",2020-03-02,0,0,0,0,0,0,0,0,912609.041428571
"129","CT",2020-03-09,0,0,0,0,0,0,0,0,711163.164285714
"130","CT",2020-03-16,0,0,0,0,0,0,0,0,299067.77
"131","CT",2020-03-23,0,0,0,0,0,0,0,0,275480.245714286
"132","CT",2020-03-30,0,0,0,0,0,0,0,0,294970.081428571
"133","CT",2020-04-06,0,0,0,0,0,0,0,0,322685.73
"134","CT",2020-04-13,0,0,0,0,0,0,0,0,339127.034285714
"135","CT",2020-04-20,0,0,0,0,0,0,0,0,351773.011428571
"136","CT",2020-04-27,0,0,0,0,0,0,0,0,381254.077142857
"137","CT",2020-05-04,0,0,0,0,0,0,0,0,426086.117142857
"138","CT",2020-05-11,0,0,0,0,0,0,0,0,398106.427142857
"139","CT",2020-05-18,0,0,0,0,0,0,0,0,469713.011428571
"140","CT",2020-05-25,0,0,0,0,0,0,0,0,549367.65
"141","CT",2020-06-01,0,0,0,0,0,0,0,0,603886.071428571
"142","CT",2020-06-08,0,0,0,0,0,0,0,0,666000.661428571
"143","CT",2020-06-15,0,0,0,0,0,0,0,0,753758.064285714
"144","CT",2020-06-22,0,0,0,0,0,0,0,0,713563.624285714
"145","CT",2020-06-29,0,0,0,0,0,0,0,0,632680.165714286
"146","CT",2020-07-06,707767.082857143,707767.082857143,707767.082857143,707767.082857143,707767.082857143,707767.082857143,707767.082857143,707767.082857143,707767.082857143
"147","CT",2020-07-13,1250042.37592293,1091298.99449364,533277.339950264,372784.475068628,267107.645800876,208664.309754266,193765.623026099,484317.601500873,0
"148","CT",2020-07-20,1455172.12656762,1270379.23603664,620787.211515771,433957.750381458,310939.539690048,242905.755206653,225562.220245861,600681.618305043,0
"149","CT",2020-07-27,1360962.45744022,1188133.29048269,580596.668604971,405862.781180023,290808.923786952,227179.73186594,210959.039117642,562563.935841095,0
"150","CT",2020-08-03,1531708.11728686,1337195.89067431,653438.032261812,456782.119917783,327293.663913205,255681.585836394,237425.853200452,626518.941505831,0
"151","DC",2020-02-17,0,0,0,0,0,0,0,0,578243.924285714
"152","DC",2020-02-24,0,0,0,0,0,0,0,0,605369.661428571
"153","DC",2020-03-02,0,0,0,0,0,0,0,0,604678.238571429
"154","DC",2020-03-09,0,0,0,0,0,0,0,0,441631.721428571
"155","DC",2020-03-16,0,0,0,0,0,0,0,0,149627.748571429
"156","DC",2020-03-23,0,0,0,0,0,0,0,0,141489.764285714
"157","DC",2020-03-30,0,0,0,0,0,0,0,0,144474.045714286
"158","DC",2020-04-06,0,0,0,0,0,0,0,0,150032.017142857
"159","DC",2020-04-13,0,0,0,0,0,0,0,0,153171.242857143
"160","DC",2020-04-20,0,0,0,0,0,0,0,0,155881.41
"161","DC",2020-04-27,0,0,0,0,0,0,0,0,157071.77
"162","DC",2020-05-04,0,0,0,0,0,0,0,0,184605.022857143
"163","DC",2020-05-11,0,0,0,0,0,0,0,0,184156.105714286
"164","DC",2020-05-18,0,0,0,0,0,0,0,0,179797.955714286
"165","DC",2020-05-25,0,0,0,0,0,0,0,0,196335.922857143
"166","DC",2020-06-01,0,0,0,0,0,0,0,0,187784.091428571
"167","DC",2020-06-08,0,0,0,0,0,0,0,0,227126.375714286
"168","DC",2020-06-15,0,0,0,0,0,0,0,0,235849.118571429
"169","DC",2020-06-22,0,0,0,0,0,0,0,0,246550.93
"170","DC",2020-06-29,0,0,0,0,0,0,0,0,226910.107142857
"171","DC",2020-07-06,247072.967142857,247072.967142857,247072.967142857,247072.967142857,247072.967142857,247072.967142857,247072.967142857,247072.967142857,247072.967142857
"172","DC",2020-07-13,895158.246857818,716779.35015102,216411.569297674,166986.137925105,118180.824410222,98201.5641574663,95806.4152483711,164124.626267168,0
"173","DC",2020-07-20,1030538.74178126,825182.466041386,249140.872146101,192240.517334565,136054.064762167,113053.213465909,110295.830900512,231828.693547867,0
"174","DC",2020-07-27,993270.132968476,795340.402585427,240130.891902915,185288.292883377,131133.778399866,108964.734482183,106307.070450413,211949.888944006,0
"175","DC",2020-08-03,1096048.56110541,877638.091500348,264978.387863698,204460.961891168,144702.819864261,120239.83856587,117307.173280528,224348.928156812,0
"176","DE",2020-02-17,0,0,0,0,0,0,0,0,109179.101428571
"177","DE",2020-02-24,0,0,0,0,0,0,0,0,108523.058571429
"178","DE",2020-03-02,0,0,0,0,0,0,0,0,109106.241428571
"179","DE",2020-03-09,0,0,0,0,0,0,0,0,93187.4171428571
"180","DE",2020-03-16,0,0,0,0,0,0,0,0,43240.4628571429
"181","DE",2020-03-23,0,0,0,0,0,0,0,0,39184.0257142857
"182","DE",2020-03-30,0,0,0,0,0,0,0,0,42596.8385714286
"183","DE",2020-04-06,0,0,0,0,0,0,0,0,43717.0828571429
"184","DE",2020-04-13,0,0,0,0,0,0,0,0,51550.9085714286
"185","DE",2020-04-20,0,0,0,0,0,0,0,0,52681.27
"186","DE",2020-04-27,0,0,0,0,0,0,0,0,53784.1728571429
"187","DE",2020-05-04,0,0,0,0,0,0,0,0,66232.7985714286
"188","DE",2020-05-11,0,0,0,0,0,0,0,0,52070.2242857143
"189","DE",2020-05-18,0,0,0,0,0,0,0,0,52712.2071428571
"190","DE",2020-05-25,0,0,0,0,0,0,0,0,52906.6957142857
"191","DE",2020-06-01,0,0,0,0,0,0,0,0,72212.3342857143
"192","DE",2020-06-08,0,0,0,0,0,0,0,0,79378.8
"193","DE",2020-06-15,0,0,0,0,0,0,0,0,90762.41
"194","DE",2020-06-22,0,0,0,0,0,0,0,0,81391.0757142857
"195","DE",2020-06-29,0,0,0,0,0,0,0,0,71927.6085714286
"196","DE",2020-07-06,84221.03,84221.03,84221.03,84221.03,84221.03,84221.03,84221.03,84221.03,84221.03
"197","DE",2020-07-13,164929.857817774,153153.822487909,73922.2723047852,57748.0284388561,39873.0944832102,32324.1800550982,30766.6271100123,65336.5554901817,0
"198","DE",2020-07-20,178384.530864504,165647.828331949,79952.7146873353,62459.0058932631,43125.8678544558,34961.1269360293,33276.511699698,76887.1637972954,0
"199","DE",2020-07-27,166447.387917806,154563.000538722,74602.4358286588,58279.3717173443,40239.9693587501,32621.5968893908,31049.7128007032,70813.1385571034,0
"200","DE",2020-08-03,191095.975620782,177451.672581417,85650.0389504715,66909.7517011905,46198.9599221466,37452.4104094944,35647.7517287654,80891.6920316306,0
"201","FL",2020-02-17,0,0,0,0,0,0,0,0,4039342.48571429
"202","FL",2020-02-24,0,0,0,0,0,0,0,0,3989205.76571429
"203","FL",2020-03-02,0,0,0,0,0,0,0,0,3887033.19142857
"204","FL",2020-03-09,0,0,0,0,0,0,0,0,3444908.03428571
"205","FL",2020-03-16,0,0,0,0,0,0,0,0,1311196.47714286
"206","FL",2020-03-23,0,0,0,0,0,0,0,0,865489.377142857
"207","FL",2020-03-30,0,0,0,0,0,0,0,0,835800.78
"208","FL",2020-04-06,0,0,0,0,0,0,0,0,851943.55
"209","FL",2020-04-13,0,0,0,0,0,0,0,0,1016939.89571429
"210","FL",2020-04-20,0,0,0,0,0,0,0,0,1070044.65142857
"211","FL",2020-04-27,0,0,0,0,0,0,0,0,1144463.45285714
"212","FL",2020-05-04,0,0,0,0,0,0,0,0,1590618.61285714
"213","FL",2020-05-11,0,0,0,0,0,0,0,0,1630456.39285714
"214","FL",2020-05-18,0,0,0,0,0,0,0,0,1855975.83
"215","FL",2020-05-25,0,0,0,0,0,0,0,0,2057274.70142857
"216","FL",2020-06-01,0,0,0,0,0,0,0,0,2085748.27285714
"217","FL",2020-06-08,0,0,0,0,0,0,0,0,2431133.75857143
"218","FL",2020-06-15,0,0,0,0,0,0,0,0,2528460.37
"219","FL",2020-06-22,0,0,0,0,0,0,0,0,2215485.36571429
"220","FL",2020-06-29,0,0,0,0,0,0,0,0,1954848.74571429
"221","FL",2020-07-06,2004336.55857143,2004336.55857143,2004336.55857143,2004336.55857143,2004336.55857143,2004336.55857143,2004336.55857143,2004336.55857143,2004336.55857143
"222","FL",2020-07-13,6588808.41108915,5823549.96597468,2742277.87056499,2335644.08423516,1673536.41176701,1307365.49739321,1199122.8203021,2195821.97549625,0
"223","FL",2020-07-20,7050013.73839302,6231188.51008643,2934232.63445271,2499135.17809092,1790681.10021248,1398878.84768523,1283059.36820417,2566889.73635463,0
"224","FL",2020-07-27,6983423.09253169,6172332.04784856,2906517.44786074,2475529.68854449,1773767.28764139,1385665.78890184,1270940.27806087,2523532.39358545,0
"225","FL",2020-08-03,7496279.80369148,6625622.91570832,3119969.64164697,2657330.50422227,1904031.26355249,1487427.91756662,1364277.06182009,2681744.2378305,0
"226","GA",2020-02-17,0,0,0,0,0,0,0,0,385491.14
"227","GA",2020-02-24,0,0,0,0,0,0,0,0,396215.405714286
"228","GA",2020-03-02,0,0,0,0,0,0,0,0,394643.062857143
"229","GA",2020-03-09,0,0,0,0,0,0,0,0,379313.101428571
"230","GA",2020-03-16,0,0,0,0,0,0,0,0,180398.367142857
"231","GA",2020-03-23,0,0,0,0,0,0,0,0,119402.7
"232","GA",2020-03-30,0,0,0,0,0,0,0,0,109979.387142857
"233","GA",2020-04-06,0,0,0,0,0,0,0,0,118759.078571429
"234","GA",2020-04-13,0,0,0,0,0,0,0,0,140554.397142857
"235","GA",2020-04-20,0,0,0,0,0,0,0,0,150177.472857143
"236","GA",2020-04-27,0,0,0,0,0,0,0,0,183709.011428571
"237","GA",2020-05-04,0,0,0,0,0,0,0,0,207700.992857143
"238","GA",2020-05-11,0,0,0,0,0,0,0,0,231896.097142857
"239","GA",2020-05-18,0,0,0,0,0,0,0,0,278870.181428571
"240","GA",2020-05-25,0,0,0,0,0,0,0,0,283451.164285714
"241","GA",2020-06-01,0,0,0,0,0,0,0,0,303750.297142857
"242","GA",2020-06-08,0,0,0,0,0,0,0,0,348468.154285714
"243","GA",2020-06-15,0,0,0,0,0,0,0,0,369398.628571429
"244","GA",2020-06-22,0,0,0,0,0,0,0,0,354103.405714286
"245","GA",2020-06-29,0,0,0,0,0,0,0,0,341720.1
"246","GA",2020-07-06,338961.314285714,338961.314285714,338961.314285714,338961.314285714,338961.314285714,338961.314285714,338961.314285714,338961.314285714,338961.314285714
"247","GA",2020-07-13,626996.37293898,527470.682418437,264199.210532574,225022.901494978,175787.736358378,129104.354462587,114109.503893359,223362.147201801,0
"248","GA",2020-07-20,673004.014161911,566175.343178388,283585.578642788,241534.596563319,188686.661224335,138577.753475392,122482.613119883,260106.251496911,0
"249","GA",2020-07-27,637567.478848582,536363.793588952,268653.586915458,228816.768615197,178751.502751385,131281.042978371,116033.380494582,241391.94815162,0
"250","GA",2020-08-03,666741.790038863,560907.147421277,280946.847796975,239287.145217827,186930.953774228,137288.303587323,121342.926641952,247635.871712597,0
"251","IA",2020-02-17,0,0,0,0,0,0,0,0,153023.425714286
"252","IA",2020-02-24,0,0,0,0,0,0,0,0,152717.911428571
"253","IA",2020-03-02,0,0,0,0,0,0,0,0,154400.672857143
"254","IA",2020-03-09,0,0,0,0,0,0,0,0,134680.591428571
"255","IA",2020-03-16,0,0,0,0,0,0,0,0,48963.1685714286
"256","IA",2020-03-23,0,0,0,0,0,0,0,0,51109.1042857143
"257","IA",2020-03-30,0,0,0,0,0,0,0,0,50424.6185714286
"258","IA",2020-04-06,0,0,0,0,0,0,0,0,52455.9657142857
"259","IA",2020-04-13,0,0,0,0,0,0,0,0,58271.8728571429
"260","IA",2020-04-20,0,0,0,0,0,0,0,0,59852.3014285714
"261","IA",2020-04-27,0,0,0,0,0,0,0,0,68145.7257142857
"262","IA",2020-05-04,0,0,0,0,0,0,0,0,78334.4228571429
"263","IA",2020-05-11,0,0,0,0,0,0,0,0,77369.7942857143
"264","IA",2020-05-18,0,0,0,0,0,0,0,0,88168.5671428571
"265","IA",2020-05-25,0,0,0,0,0,0,0,0,93597.7871428571
"266","IA",2020-06-01,0,0,0,0,0,0,0,0,98125.1585714286
"267","IA",2020-06-08,0,0,0,0,0,0,0,0,114571.228571429
"268","IA",2020-06-15,0,0,0,0,0,0,0,0,127783.897142857
"269","IA",2020-06-22,0,0,0,0,0,0,0,0,115858.617142857
"270","IA",2020-06-29,0,0,0,0,0,0,0,0,98439.9228571429
"271","IA",2020-07-06,120808.464285714,120808.464285714,120808.464285714,120808.464285714,120808.464285714,120808.464285714,120808.464285714,120808.464285714,120808.464285714
"272","IA",2020-07-13,193893.76453273,171373.935224295,105884.010798705,74937.1165986497,57822.5079586184,46875.3474671688,44616.6409702069,86689.69698823,0
"273","IA",2020-07-20,207483.37469032,183385.177444913,113305.200604082,80189.3030388053,61875.1671216681,50160.7429496669,47743.728418261,103924.152787278,0
"274","IA",2020-07-27,192165.190376596,169846.126652536,104940.048701442,74269.0478580184,57307.0169466148,46457.451025853,44218.8810283104,93518.3408080019,0
"275","IA",2020-08-03,233508.403457428,206387.524141792,127517.284389519,90247.5976926013,69636.285364103,56452.4990009313,53732.3138043854,110259.927464561,0
"276","ID",2020-02-17,0,0,0,0,0,0,0,0,110607.715714286
"277","ID",2020-02-24,0,0,0,0,0,0,0,0,111348.087142857
"278","ID",2020-03-02,0,0,0,0,0,0,0,0,107275.56
"279","ID",2020-03-09,0,0,0,0,0,0,0,0,98529.17
"280","ID",2020-03-16,0,0,0,0,0,0,0,0,70646.0485714286
"281","ID",2020-03-23,0,0,0,0,0,0,0,0,58167.3428571429
"282","ID",2020-03-30,0,0,0,0,0,0,0,0,55317.4371428571
"283","ID",2020-04-06,0,0,0,0,0,0,0,0,64014.5014285714
"284","ID",2020-04-13,0,0,0,0,0,0,0,0,72447.8442857143
"285","ID",2020-04-20,0,0,0,0,0,0,0,0,77652.0828571429
"286","ID",2020-04-27,0,0,0,0,0,0,0,0,83659.4514285714
"287","ID",2020-05-04,0,0,0,0,0,0,0,0,91623.5857142857
"288","ID",2020-05-11,0,0,0,0,0,0,0,0,92067.7514285714
"289","ID",2020-05-18,0,0,0,0,0,0,0,0,103819.004285714
"290","ID",2020-05-25,0,0,0,0,0,0,0,0,112834.181428571
"291","ID",2020-06-01,0,0,0,0,0,0,0,0,115617.477142857
"292","ID",2020-06-08,0,0,0,0,0,0,0,0,120724.248571429
"293","ID",2020-06-15,0,0,0,0,0,0,0,0,131729.294285714
"294","ID",2020-06-22,0,0,0,0,0,0,0,0,130554.324285714
"295","ID",2020-06-29,0,0,0,0,0,0,0,0,121161.991428571
"296","ID",2020-07-06,133934.32,133934.32,133934.32,133934.32,133934.32,133934.32,133934.32,133934.32,133934.32
"297","ID",2020-07-13,168500.235044766,147102.322783681,113506.171787292,90887.7065450837,68419.7174003078,46661.8710182544,39255.0419925877,93852.5557556966,0
"298","ID",2020-07-20,173133.469593233,151147.181023196,116627.23993565,93386.8369580693,70301.0477045131,47944.9279400471,40334.4340582026,108077.403555026,0
"299","ID",2020-07-27,151983.390223973,132682.958694659,102379.992496711,81978.6498620223,61713.0332542399,42087.949311548,35407.1575261176,94032.3975693612,0
"300","ID",2020-08-03,151823.191532531,132543.103699135,102272.078462134,81892.2399430525,61647.9843883234,42043.586342705,35369.8364721855,92823.1238857401,0
"301","IL",2020-02-17,0,0,0,0,0,0,0,0,2600227.83714286
"302","IL",2020-02-24,0,0,0,0,0,0,0,0,2569733.49
"303","IL",2020-03-02,0,0,0,0,0,0,0,0,2618249.91
"304","IL",2020-03-09,0,0,0,0,0,0,0,0,2174371.50285714
"305","IL",2020-03-16,0,0,0,0,0,0,0,0,711662.122857143
"306","IL",2020-03-23,0,0,0,0,0,0,0,0,660231.27
"307","IL",2020-03-30,0,0,0,0,0,0,0,0,669476.097142857
"308","IL",2020-04-06,0,0,0,0,0,0,0,0,699716.584285714
"309","IL",2020-04-13,0,0,0,0,0,0,0,0,759684.524285714
"310","IL",2020-04-20,0,0,0,0,0,0,0,0,794497.48
"311","IL",2020-04-27,0,0,0,0,0,0,0,0,829480.895714286
"312","IL",2020-05-04,0,0,0,0,0,0,0,0,1011062.75142857
"313","IL",2020-05-11,0,0,0,0,0,0,0,0,877723.082857143
"314","IL",2020-05-18,0,0,0,0,0,0,0,0,897530.092857143
"315","IL",2020-05-25,0,0,0,0,0,0,0,0,1011588.52
"316","IL",2020-06-01,0,0,0,0,0,0,0,0,1248464.71571429
"317","IL",2020-06-08,0,0,0,0,0,0,0,0,1548870.02285714
"318","IL",2020-06-15,0,0,0,0,0,0,0,0,1755548.75571429
"319","IL",2020-06-22,0,0,0,0,0,0,0,0,1700958.28142857
"320","IL",2020-06-29,0,0,0,0,0,0,0,0,1578594.58571429
"321","IL",2020-07-06,1803024.39428571,1803024.39428571,1803024.39428571,1803024.39428571,1803024.39428571,1803024.39428571,1803024.39428571,1803024.39428571,1803024.39428571
"322","IL",2020-07-13,3893486.34685098,3441276.61149868,1702514.67918594,1051904.90280765,852754.568460012,657997.132257096,641948.49670801,1442916.8563038,0
"323","IL",2020-07-20,4298704.84202889,3799430.92508197,1879705.60137216,1161382.96021261,941505.855148592,726478.843508055,708759.930123754,1803918.07915751,0
"324","IL",2020-07-27,4045529.44513952,3575660.63431754,1768998.95154367,1092982.45292084,886055.172370755,683692.335409475,667016.990516933,1674545.20606923,0
"325","IL",2020-08-03,4224361.20438134,3733721.94380943,1847197.16982177,1141297.5072362,925223.05074345,713914.808086894,696502.333158957,1702802.91102561,0
"326","IN",2020-02-17,0,0,0,0,0,0,0,0,644387.924285714
"327","IN",2020-02-24,0,0,0,0,0,0,0,0,663871.76
"328","IN",2020-03-02,0,0,0,0,0,0,0,0,646802.694285714
"329","IN",2020-03-09,0,0,0,0,0,0,0,0,534451.161428571
"330","IN",2020-03-16,0,0,0,0,0,0,0,0,224153.202857143
"331","IN",2020-03-23,0,0,0,0,0,0,0,0,206460.714285714
"332","IN",2020-03-30,0,0,0,0,0,0,0,0,201896.212857143
"333","IN",2020-04-06,0,0,0,0,0,0,0,0,208829.522857143
"334","IN",2020-04-13,0,0,0,0,0,0,0,0,239292.28
"335","IN",2020-04-20,0,0,0,0,0,0,0,0,241893.435714286
"336","IN",2020-04-27,0,0,0,0,0,0,0,0,246827.804285714
"337","IN",2020-05-04,0,0,0,0,0,0,0,0,270983.027142857
"338","IN",2020-05-11,0,0,0,0,0,0,0,0,373119.472857143
"339","IN",2020-05-18,0,0,0,0,0,0,0,0,406290.948571429
"340","IN",2020-05-25,0,0,0,0,0,0,0,0,435115.307142857
"341","IN",2020-06-01,0,0,0,0,0,0,0,0,463641.795714286
"342","IN",2020-06-08,0,0,0,0,0,0,0,0,505295.981428571
"343","IN",2020-06-15,0,0,0,0,0,0,0,0,545112.091428571
"344","IN",2020-06-22,0,0,0,0,0,0,0,0,544640.934285714
"345","IN",2020-06-29,0,0,0,0,0,0,0,0,454810.305714286
"346","IN",2020-07-06,537125.202857143,537125.202857143,537125.202857143,537125.202857143,537125.202857143,537125.202857143,537125.202857143,537125.202857143,537125.202857143
"347","IN",2020-07-13,759534.471080051,688101.0653642,425145.752417165,304625.564220413,218270.402206795,160305.035828821,156395.17517658,369327.886621768,0
"348","IN",2020-07-20,876624.388668403,794178.801271807,490686.268363436,351586.674700564,251918.991414376,185017.677781073,180505.072580712,467042.36335838,0
"349","IN",2020-07-27,829431.443872878,751424.302525624,464270.245407501,332659.057873488,238356.969631224,175057.278359627,170787.608595307,436476.950529682,0
"350","IN",2020-08-03,941398.183394138,852860.689791074,526943.087170395,377565.42157293,270533.291048654,198688.637927902,193842.596233297,487309.597773235,0
"351","KS",2020-02-17,0,0,0,0,0,0,0,0,134664.48
"352","KS",2020-02-24,0,0,0,0,0,0,0,0,135448.855714286
"353","KS",2020-03-02,0,0,0,0,0,0,0,0,136531.391428571
"354","KS",2020-03-09,0,0,0,0,0,0,0,0,109718.012857143
"355","KS",2020-03-16,0,0,0,0,0,0,0,0,58392.5971428571
"356","KS",2020-03-23,0,0,0,0,0,0,0,0,49031.8657142857
"357","KS",2020-03-30,0,0,0,0,0,0,0,0,48408.8242857143
"358","KS",2020-04-06,0,0,0,0,0,0,0,0,48676.5057142857
"359","KS",2020-04-13,0,0,0,0,0,0,0,0,59530.1242857143
"360","KS",2020-04-20,0,0,0,0,0,0,0,0,60864.8171428571
"361","KS",2020-04-27,0,0,0,0,0,0,0,0,64372.5871428571
"362","KS",2020-05-04,0,0,0,0,0,0,0,0,78804.8528571429
"363","KS",2020-05-11,0,0,0,0,0,0,0,0,82222.6242857143
"364","KS",2020-05-18,0,0,0,0,0,0,0,0,86088.5142857143
"365","KS",2020-05-25,0,0,0,0,0,0,0,0,93379.0771428571
"366","KS",2020-06-01,0,0,0,0,0,0,0,0,101457.255714286
"367","KS",2020-06-08,0,0,0,0,0,0,0,0,108369.478571429
"368","KS",2020-06-15,0,0,0,0,0,0,0,0,116417.697142857
"369","KS",2020-06-22,0,0,0,0,0,0,0,0,109152.231428571
"370","KS",2020-06-29,0,0,0,0,0,0,0,0,87405.7214285714
"371","KS",2020-07-06,99046.1914285714,99046.1914285714,99046.1914285714,99046.1914285714,99046.1914285714,99046.1914285714,99046.1914285714,99046.1914285714,99046.1914285714
"372","KS",2020-07-13,187747.332354301,154093.123220897,97587.1616392343,76235.0237608284,55302.5235617495,39625.3810535081,38184.5546376073,77564.1808422258,0
"373","KS",2020-07-20,206231.022039746,169263.562324133,107194.59941427,83740.3475632383,60747.0466424205,43526.4923922215,41943.8168856937,93389.5480822037,0
"374","KS",2020-07-27,193349.294311536,158690.918584114,100498.94504602,78509.7069617123,56952.6276098188,40807.7141094249,39323.896644503,84662.3984719203,0
"375","KS",2020-08-03,235881.910868704,193599.450395809,122606.51523014,95780.1256312409,69480.9602353758,49784.5188242854,47974.2939654235,100399.161528833,0
"376","KY",2020-02-17,0,0,0,0,0,0,0,0,393650.548571429
"377","KY",2020-02-24,0,0,0,0,0,0,0,0,402718.364285714
"378","KY",2020-03-02,0,0,0,0,0,0,0,0,398540.837142857
"379","KY",2020-03-09,0,0,0,0,0,0,0,0,314389.317142857
"380","KY",2020-03-16,0,0,0,0,0,0,0,0,119790.502857143
"381","KY",2020-03-23,0,0,0,0,0,0,0,0,111805.614285714
"382","KY",2020-03-30,0,0,0,0,0,0,0,0,117569.204285714
"383","KY",2020-04-06,0,0,0,0,0,0,0,0,114642.282857143
"384","KY",2020-04-13,0,0,0,0,0,0,0,0,129794.991428571
"385","KY",2020-04-20,0,0,0,0,0,0,0,0,131656.348571429
"386","KY",2020-04-27,0,0,0,0,0,0,0,0,135468.065714286
"387","KY",2020-05-04,0,0,0,0,0,0,0,0,155793.122857143
"388","KY",2020-05-11,0,0,0,0,0,0,0,0,134647.862857143
"389","KY",2020-05-18,0,0,0,0,0,0,0,0,175319.52
"390","KY",2020-05-25,0,0,0,0,0,0,0,0,231608.875714286
"391","KY",2020-06-01,0,0,0,0,0,0,0,0,254005.822857143
"392","KY",2020-06-08,0,0,0,0,0,0,0,0,290332.892857143
"393","KY",2020-06-15,0,0,0,0,0,0,0,0,293574.53
"394","KY",2020-06-22,0,0,0,0,0,0,0,0,294859.984285714
"395","KY",2020-06-29,0,0,0,0,0,0,0,0,264050.241428571
"396","KY",2020-07-06,286347.724285714,286347.724285714,286347.724285714,286347.724285714,286347.724285714,286347.724285714,286347.724285714,286347.724285714,286347.724285714
"397","KY",2020-07-13,456975.991288712,408917.990242831,249551.350519037,187860.75178284,141420.441071594,114646.225980642,107782.989760805,209939.047238364,0
"398","KY",2020-07-20,515399.658818489,461197.517317149,281456.101342411,211878.455805108,159500.823823827,129303.567105604,121562.87684282,267343.350828843,0
"399","KY",2020-07-27,500176.760732557,447575.539336607,273142.98457353,205620.391632695,154789.7908533,125484.443459484,117972.383031759,255036.110525772,0
"400","KY",2020-08-03,561452.488608856,502407.189076412,306605.225341244,230810.564692814,173752.801226801,140857.310041431,132424.961014361,282121.591359519,0
"401","LA",2020-02-17,0,0,0,0,0,0,0,0,579677.935714286
"402","LA",2020-02-24,0,0,0,0,0,0,0,0,550302.098571429
"403","LA",2020-03-02,0,0,0,0,0,0,0,0,539159.245714286
"404","LA",2020-03-09,0,0,0,0,0,0,0,0,477476.585714286
"405","LA",2020-03-16,0,0,0,0,0,0,0,0,141673.2
"406","LA",2020-03-23,0,0,0,0,0,0,0,0,94311.8214285714
"407","LA",2020-03-30,0,0,0,0,0,0,0,0,101801.595714286
"408","LA",2020-04-06,0,0,0,0,0,0,0,0,112710.005714286
"409","LA",2020-04-13,0,0,0,0,0,0,0,0,141661.468571429
"410","LA",2020-04-20,0,0,0,0,0,0,0,0,154094.061428571
"411","LA",2020-04-27,0,0,0,0,0,0,0,0,166800.947142857
"412","LA",2020-05-04,0,0,0,0,0,0,0,0,179169.822857143
"413","LA",2020-05-11,0,0,0,0,0,0,0,0,181612.99
"414","LA",2020-05-18,0,0,0,0,0,0,0,0,236213.258571429
"415","LA",2020-05-25,0,0,0,0,0,0,0,0,255170.531428571
"416","LA",2020-06-01,0,0,0,0,0,0,0,0,241258.131428571
"417","LA",2020-06-08,0,0,0,0,0,0,0,0,294985.251428571
"418","LA",2020-06-15,0,0,0,0,0,0,0,0,313379.571428571
"419","LA",2020-06-22,0,0,0,0,0,0,0,0,297282.424285714
"420","LA",2020-06-29,0,0,0,0,0,0,0,0,267245.071428571
"421","LA",2020-07-06,272148.915714286,272148.915714286,272148.915714286,272148.915714286,272148.915714286,272148.915714286,272148.915714286,272148.915714286,272148.915714286
"422","LA",2020-07-13,581658.430858452,520488.168062565,267219.326880207,242087.634614803,177797.202681988,130580.173298976,116847.674820716,233861.788410126,0
"423","LA",2020-07-20,669224.53896092,598845.363235265,307448.016474075,278532.858922245,204563.786375083,150238.441733702,134438.576253661,291431.682612584,0
"424","LA",2020-07-27,671897.251492993,601236.999246667,308675.885625238,279645.248291277,205380.762088948,150838.455843532,134975.489720859,290994.446780617,0
"425","LA",2020-08-03,759873.617640223,679961.307568291,349093.051604476,316261.222981363,232272.750536564,170588.825696789,152648.806702284,325355.740670826,0
"426","MA",2020-02-17,0,0,0,0,0,0,0,0,3553614.49714286
"427","MA",2020-02-24,0,0,0,0,0,0,0,0,3594069.40857143
"428","MA",2020-03-02,0,0,0,0,0,0,0,0,3535241.97714286
"429","MA",2020-03-09,0,0,0,0,0,0,0,0,2669944.15285714
"430","MA",2020-03-16,0,0,0,0,0,0,0,0,922211.717142857
"431","MA",2020-03-23,0,0,0,0,0,0,0,0,829271.104285714
"432","MA",2020-03-30,0,0,0,0,0,0,0,0,838895.792857143
"433","MA",2020-04-06,0,0,0,0,0,0,0,0,863537.391428571
"434","MA",2020-04-13,0,0,0,0,0,0,0,0,969696.505714286
"435","MA",2020-04-20,0,0,0,0,0,0,0,0,1064799.29
"436","MA",2020-04-27,0,0,0,0,0,0,0,0,1149405.02
"437","MA",2020-05-04,0,0,0,0,0,0,0,0,1325107.06142857
"438","MA",2020-05-11,0,0,0,0,0,0,0,0,1247856.40428571
"439","MA",2020-05-18,0,0,0,0,0,0,0,0,1314590.06428571
"440","MA",2020-05-25,0,0,0,0,0,0,0,0,1349381.85
"441","MA",2020-06-01,0,0,0,0,0,0,0,0,1379535.53857143
"442","MA",2020-06-08,0,0,0,0,0,0,0,0,1840112.9
"443","MA",2020-06-15,0,0,0,0,0,0,0,0,2100867.75428571
"444","MA",2020-06-22,0,0,0,0,0,0,0,0,2239598.48571429
"445","MA",2020-06-29,0,0,0,0,0,0,0,0,2100386.44142857
"446","MA",2020-07-06,2477821.70857143,2477821.70857143,2477821.70857143,2477821.70857143,2477821.70857143,2477821.70857143,2477821.70857143,2477821.70857143,2477821.70857143
"447","MA",2020-07-13,4822467.48110027,3767308.28965613,1752237.24316815,1180352.90266684,825118.947033131,644582.355670138,636673.107362255,1485057.77090836,0
"448","MA",2020-07-20,5470422.77836515,4273490.52360159,1987670.95178833,1338947.21541697,935983.394476072,731189.585997101,722217.637036793,1895791.24336029,0
"449","MA",2020-07-27,5163742.3306782,4033911.96814745,1876239.01278726,1263883.74261241,883510.703045219,690197.955429813,681728.987945569,1761500.85275753,0
"450","MA",2020-08-03,5396161.99318394,4215478.04913578,1960688.39275368,1320771.05690756,923277.454806244,721263.714639002,712413.559551193,1773041.75184545,0
"451","MD",2020-02-17,0,0,0,0,0,0,0,0,1096247.66285714
"452","MD",2020-02-24,0,0,0,0,0,0,0,0,1062071.49285714
"453","MD",2020-03-02,0,0,0,0,0,0,0,0,1091391.85142857
"454","MD",2020-03-09,0,0,0,0,0,0,0,0,901661.048571429
"455","MD",2020-03-16,0,0,0,0,0,0,0,0,322264.828571429
"456","MD",2020-03-23,0,0,0,0,0,0,0,0,311231.984285714
"457","MD",2020-03-30,0,0,0,0,0,0,0,0,314174.054285714
"458","MD",2020-04-06,0,0,0,0,0,0,0,0,339047.288571429
"459","MD",2020-04-13,0,0,0,0,0,0,0,0,377548.855714286
"460","MD",2020-04-20,0,0,0,0,0,0,0,0,402842.844285714
"461","MD",2020-04-27,0,0,0,0,0,0,0,0,454175.351428571
"462","MD",2020-05-04,0,0,0,0,0,0,0,0,543387.825714286
"463","MD",2020-05-11,0,0,0,0,0,0,0,0,503773.701428571
"464","MD",2020-05-18,0,0,0,0,0,0,0,0,523468.547142857
"465","MD",2020-05-25,0,0,0,0,0,0,0,0,597722.45
"466","MD",2020-06-01,0,0,0,0,0,0,0,0,683189.914285714
"467","MD",2020-06-08,0,0,0,0,0,0,0,0,796214.114285714
"468","MD",2020-06-15,0,0,0,0,0,0,0,0,832574.387142857
"469","MD",2020-06-22,0,0,0,0,0,0,0,0,831668.254285714
"470","MD",2020-06-29,0,0,0,0,0,0,0,0,777702.958571429
"471","MD",2020-07-06,805127.985714286,805127.985714286,805127.985714286,805127.985714286,805127.985714286,805127.985714286,805127.985714286,805127.985714286,805127.985714286
"472","MD",2020-07-13,1369275.51999377,1225275.29760487,479433.880047325,374533.418363708,240138.564726123,199541.531279032,189926.54648496,395442.157243241,0
"473","MD",2020-07-20,1605369.63622412,1436540.51362817,562099.141017721,439111.46355341,281543.892860592,233947.011250505,222674.185281024,536116.21585972,0
"474","MD",2020-07-27,1556990.44741769,1393249.13501436,545159.802028365,425878.463549575,273059.326538513,226896.817717129,215963.708012148,507626.067775311,0
"475","MD",2020-08-03,1724628.56772874,1543257.54804359,603856.09308959,471731.965880829,302459.090878901,251326.354898774,239216.09862675,549068.978596311,0
"476","ME",2020-02-17,0,0,0,0,0,0,0,0,320746.728571429
"477","ME",2020-02-24,0,0,0,0,0,0,0,0,296551.167142857
"478","ME",2020-03-02,0,0,0,0,0,0,0,0,301441.198571429
"479","ME",2020-03-09,0,0,0,0,0,0,0,0,254397.455714286
"480","ME",2020-03-16,0,0,0,0,0,0,0,0,95073.7371428571
"481","ME",2020-03-23,0,0,0,0,0,0,0,0,79738.5971428571
"482","ME",2020-03-30,0,0,0,0,0,0,0,0,70846.8114285714
"483","ME",2020-04-06,0,0,0,0,0,0,0,0,76857.8671428571
"484","ME",2020-04-13,0,0,0,0,0,0,0,0,103275.15
"485","ME",2020-04-20,0,0,0,0,0,0,0,0,99105.6371428571
"486","ME",2020-04-27,0,0,0,0,0,0,0,0,108211.12
"487","ME",2020-05-04,0,0,0,0,0,0,0,0,132788.56
"488","ME",2020-05-11,0,0,0,0,0,0,0,0,135486.71
"489","ME",2020-05-18,0,0,0,0,0,0,0,0,167844.805714286
"490","ME",2020-05-25,0,0,0,0,0,0,0,0,170355.465714286
"491","ME",2020-06-01,0,0,0,0,0,0,0,0,202894.12
"492","ME",2020-06-08,0,0,0,0,0,0,0,0,227793.6
"493","ME",2020-06-15,0,0,0,0,0,0,0,0,272376.522857143
"494","ME",2020-06-22,0,0,0,0,0,0,0,0,276428.028571429
"495","ME",2020-06-29,0,0,0,0,0,0,0,0,286378.647142857
"496","ME",2020-07-06,322923.352857143,322923.352857143,322923.352857143,322923.352857143,322923.352857143,322923.352857143,322923.352857143,322923.352857143,322923.352857143
"497","ME",2020-07-13,387299.60087168,325821.95621737,236358.244829523,173589.348453835,114082.288329098,94795.913063637,81742.2760364477,192083.788670917,0
"498","ME",2020-07-20,430573.792501069,362227.058981945,262767.288259773,192985.027439574,126829.058001882,105387.755911825,90875.5953310252,236102.962102388,0
"499","ME",2020-07-27,323072.961034721,271790.272771665,197162.501201088,144802.69198018,95163.8024132894,79075.7239577074,68186.7967366236,174502.242813364,0
"500","ME",2020-08-03,326399.587004361,274588.849838597,199192.649111436,146293.700061055,96143.6875001249,79889.952904764,68888.9042979747,169268.274214537,0
"501","MI",2020-02-17,0,0,0,0,0,0,0,0,1435675.35
"502","MI",2020-02-24,0,0,0,0,0,0,0,0,1389591.81428571
"503","MI",2020-03-02,0,0,0,0,0,0,0,0,1444902.31428571
"504","MI",2020-03-09,0,0,0,0,0,0,0,0,1177625.51428571
"505","MI",2020-03-16,0,0,0,0,0,0,0,0,484118.218571429
"506","MI",2020-03-23,0,0,0,0,0,0,0,0,416749.722857143
"507","MI",2020-03-30,0,0,0,0,0,0,0,0,406575.335714286
"508","MI",2020-04-06,0,0,0,0,0,0,0,0,395523.84
"509","MI",2020-04-13,0,0,0,0,0,0,0,0,489232.77
"510","MI",2020-04-20,0,0,0,0,0,0,0,0,525890.492857143
"511","MI",2020-04-27,0,0,0,0,0,0,0,0,610685.537142857
"512","MI",2020-05-04,0,0,0,0,0,0,0,0,712844.955714286
"513","MI",2020-05-11,0,0,0,0,0,0,0,0,644882.751428571
"514","MI",2020-05-18,0,0,0,0,0,0,0,0,682755.691428571
"515","MI",2020-05-25,0,0,0,0,0,0,0,0,689188.44
"516","MI",2020-06-01,0,0,0,0,0,0,0,0,745337.872857143
"517","MI",2020-06-08,0,0,0,0,0,0,0,0,1186150.94857143
"518","MI",2020-06-15,0,0,0,0,0,0,0,0,1274544.41571429
"519","MI",2020-06-22,0,0,0,0,0,0,0,0,1328949.98714286
"520","MI",2020-06-29,0,0,0,0,0,0,0,0,1209282.60285714
"521","MI",2020-07-06,1344403.61714286,1344403.61714286,1344403.61714286,1344403.61714286,1344403.61714286,1344403.61714286,1344403.61714286,1344403.61714286,1344403.61714286
"522","MI",2020-07-13,1975465.5313467,1724600.37318639,1078787.72769031,626631.286850986,411819.802190108,277412.605391203,257605.272229939,846920.438361282,0
"523","MI",2020-07-20,2095391.20684936,1829296.63917769,1144278.28923862,664672.537975966,436820.37404486,294253.645422821,273243.857563372,1043079.36289306,0
"524","MI",2020-07-27,1891373.80813617,1651187.49154938,1032865.8335543,599956.81245861,394289.434654524,265603.690653134,246639.517117439,912903.42871488,0
"525","MI",2020-08-03,2070987.30292699,1807991.79677782,1130951.49024292,656931.451393384,431732.96010293,290826.630138882,270061.532074195,979238.300912764,0
"526","MN",2020-02-17,0,0,0,0,0,0,0,0,329565.554285714
"527","MN",2020-02-24,0,0,0,0,0,0,0,0,343260.321428571
"528","MN",2020-03-02,0,0,0,0,0,0,0,0,332438.818571429
"529","MN",2020-03-09,0,0,0,0,0,0,0,0,266216.564285714
"530","MN",2020-03-16,0,0,0,0,0,0,0,0,103593.691428571
"531","MN",2020-03-23,0,0,0,0,0,0,0,0,108026.468571429
"532","MN",2020-03-30,0,0,0,0,0,0,0,0,112688.587142857
"533","MN",2020-04-06,0,0,0,0,0,0,0,0,115767.795714286
"534","MN",2020-04-13,0,0,0,0,0,0,0,0,141547.365714286
"535","MN",2020-04-20,0,0,0,0,0,0,0,0,146950.682857143
"536","MN",2020-04-27,0,0,0,0,0,0,0,0,151014.114285714
"537","MN",2020-05-04,0,0,0,0,0,0,0,0,181953.711428571
"538","MN",2020-05-11,0,0,0,0,0,0,0,0,146477.408571429
"539","MN",2020-05-18,0,0,0,0,0,0,0,0,146972.824285714
"540","MN",2020-05-25,0,0,0,0,0,0,0,0,111972.382857143
"541","MN",2020-06-01,0,0,0,0,0,0,0,0,177932.521428571
"542","MN",2020-06-08,0,0,0,0,0,0,0,0,208021.077142857
"543","MN",2020-06-15,0,0,0,0,0,0,0,0,231601.698571429
"544","MN",2020-06-22,0,0,0,0,0,0,0,0,227249.548571429
"545","MN",2020-06-29,0,0,0,0,0,0,0,0,170561.245714286
"546","MN",2020-07-06,224387.615714286,224387.615714286,224387.615714286,224387.615714286,224387.615714286,224387.615714286,224387.615714286,224387.615714286,224387.615714286
"547","MN",2020-07-13,421942.20478606,372935.644659146,198690.279572206,132200.676951323,100756.185613948,73090.7010193714,67872.0056971474,159490.445227989,0
"548","MN",2020-07-20,471395.286843338,416644.988802058,221977.465798694,147695.052368488,112565.158166176,81657.1833340947,75826.8389161541,199452.28929671,0
"549","MN",2020-07-27,433125.135769802,382819.731930565,203956.26069093,135704.453131049,103426.573778785,75027.857946983,69670.8491094205,176838.663127612,0
"550","MN",2020-08-03,491192.0801079,434142.479630326,231299.66761627,153897.677849785,117292.462887296,85086.4717087334,79011.2751967553,194406.654990397,0
"551","MO",2020-02-17,0,0,0,0,0,0,0,0,590902.41
"552","MO",2020-02-24,0,0,0,0,0,0,0,0,576663.238571429
"553","MO",2020-03-02,0,0,0,0,0,0,0,0,598226.164285714
"554","MO",2020-03-09,0,0,0,0,0,0,0,0,489395.974285714
"555","MO",2020-03-16,0,0,0,0,0,0,0,0,225904.77
"556","MO",2020-03-23,0,0,0,0,0,0,0,0,188305.252857143
"557","MO",2020-03-30,0,0,0,0,0,0,0,0,189505.307142857
"558","MO",2020-04-06,0,0,0,0,0,0,0,0,198667.507142857
"559","MO",2020-04-13,0,0,0,0,0,0,0,0,235417.698571429
"560","MO",2020-04-20,0,0,0,0,0,0,0,0,245965.251428571
"561","MO",2020-04-27,0,0,0,0,0,0,0,0,266126.701428571
"562","MO",2020-05-04,0,0,0,0,0,0,0,0,326518.362857143
"563","MO",2020-05-11,0,0,0,0,0,0,0,0,318874.282857143
"564","MO",2020-05-18,0,0,0,0,0,0,0,0,371168.312857143
"565","MO",2020-05-25,0,0,0,0,0,0,0,0,395727.668571429
"566","MO",2020-06-01,0,0,0,0,0,0,0,0,423378.674285714
"567","MO",2020-06-08,0,0,0,0,0,0,0,0,452849.995714286
"568","MO",2020-06-15,0,0,0,0,0,0,0,0,505586.614285714
"569","MO",2020-06-22,0,0,0,0,0,0,0,0,482951.924285714
"570","MO",2020-06-29,0,0,0,0,0,0,0,0,438269.307142857
"571","MO",2020-07-06,478526.731428571,478526.731428571,478526.731428571,478526.731428571,478526.731428571,478526.731428571,478526.731428571,478526.731428571,478526.731428571
"572","MO",2020-07-13,830941.784350018,699043.007197355,426606.631841742,333264.808287106,253996.361113463,186543.367112631,173224.121520984,353611.687777176,0
"573","MO",2020-07-20,960739.085525782,808237.053578092,493244.741176987,385322.453608627,293671.874852106,215682.382696495,200282.603710027,452406.78777033,0
"574","MO",2020-07-27,894989.553587757,752924.212903302,459488.842877576,358952.369002238,273574.026637343,200921.855178442,186575.98174819,414564.785977923,0
"575","MO",2020-08-03,966253.323202477,812875.993826993,496075.758231052,387534.042190142,295357.427715825,216920.308725302,201432.141494013,432485.206591302,0
"576","MS",2020-02-17,0,0,0,0,0,0,0,0,171019.544285714
"577","MS",2020-02-24,0,0,0,0,0,0,0,0,179328.362857143
"578","MS",2020-03-02,0,0,0,0,0,0,0,0,167432.111428571
"579","MS",2020-03-09,0,0,0,0,0,0,0,0,163328.464285714
"580","MS",2020-03-16,0,0,0,0,0,0,0,0,54839.7385714286
"581","MS",2020-03-23,0,0,0,0,0,0,0,0,27071.2485714286
"582","MS",2020-03-30,0,0,0,0,0,0,0,0,26230.2428571429
"583","MS",2020-04-06,0,0,0,0,0,0,0,0,29356.0414285714
"584","MS",2020-04-13,0,0,0,0,0,0,0,0,36363.32
"585","MS",2020-04-20,0,0,0,0,0,0,0,0,45969.8028571429
"586","MS",2020-04-27,0,0,0,0,0,0,0,0,51165.3571428571
"587","MS",2020-05-04,0,0,0,0,0,0,0,0,69387.2242857143
"588","MS",2020-05-11,0,0,0,0,0,0,0,0,83609.08
"589","MS",2020-05-18,0,0,0,0,0,0,0,0,94306.3357142857
"590","MS",2020-05-25,0,0,0,0,0,0,0,0,99990.0928571429
"591","MS",2020-06-01,0,0,0,0,0,0,0,0,118384.24
"592","MS",2020-06-08,0,0,0,0,0,0,0,0,141338.151428571
"593","MS",2020-06-15,0,0,0,0,0,0,0,0,149739.437142857
"594","MS",2020-06-22,0,0,0,0,0,0,0,0,143952.34
"595","MS",2020-06-29,0,0,0,0,0,0,0,0,110352.401428571
"596","MS",2020-07-06,125066.128571429,125066.128571429,125066.128571429,125066.128571429,125066.128571429,125066.128571429,125066.128571429,125066.128571429,125066.128571429
"597","MS",2020-07-13,202681.851054343,174772.047454622,106658.551386742,94270.6730178686,76423.0177777646,55438.8984592466,46066.5811990567,94503.738467286,0
"598","MS",2020-07-20,227831.129228154,196458.2064056,119893.014978263,105968.017239987,85905.7796677763,62317.8975987771,51782.6394404083,113180.510224735,0
"599","MS",2020-07-27,224146.333362531,193280.816251834,117953.941562767,104254.157886627,84516.3941925548,61310.0075347451,50945.1399452009,110588.86130303,0
"600","MS",2020-08-03,222844.187615186,192157.979267842,117268.705176856,103648.508415148,84025.4084082782,60953.8359017614,50649.1815133484,109394.774541536,0
"601","MT",2020-02-17,0,0,0,0,0,0,0,0,93422.7157142857
"602","MT",2020-02-24,0,0,0,0,0,0,0,0,92939.0842857143
"603","MT",2020-03-02,0,0,0,0,0,0,0,0,90184.0728571429
"604","MT",2020-03-09,0,0,0,0,0,0,0,0,80548.0285714286
"605","MT",2020-03-16,0,0,0,0,0,0,0,0,25499.8514285714
"606","MT",2020-03-23,0,0,0,0,0,0,0,0,19688.0585714286
"607","MT",2020-03-30,0,0,0,0,0,0,0,0,20989.2071428571
"608","MT",2020-04-06,0,0,0,0,0,0,0,0,23811.1371428571
"609","MT",2020-04-13,0,0,0,0,0,0,0,0,26307.8857142857
"610","MT",2020-04-20,0,0,0,0,0,0,0,0,25957.3442857143
"611","MT",2020-04-27,0,0,0,0,0,0,0,0,25266.9642857143
"612","MT",2020-05-04,0,0,0,0,0,0,0,0,65337.8357142857
"613","MT",2020-05-11,0,0,0,0,0,0,0,0,58487.2571428571
"614","MT",2020-05-18,0,0,0,0,0,0,0,0,67444.1014285714
"615","MT",2020-05-25,0,0,0,0,0,0,0,0,72021.1114285714
"616","MT",2020-06-01,0,0,0,0,0,0,0,0,78331.7171428571
"617","MT",2020-06-08,0,0,0,0,0,0,0,0,88138.23
"618","MT",2020-06-15,0,0,0,0,0,0,0,0,100097.485714286
"619","MT",2020-06-22,0,0,0,0,0,0,0,0,100463.508571429
"620","MT",2020-06-29,0,0,0,0,0,0,0,0,105156.127142857
"621","MT",2020-07-06,102269.241428571,102269.241428571,102269.241428571,102269.241428571,102269.241428571,102269.241428571,102269.241428571,102269.241428571,102269.241428571
"622","MT",2020-07-13,136307.665981432,123488.075591563,106483.455203801,87396.0123851012,60344.0420996645,39657.8849513221,33777.2861656611,94348.5962525822,0
"623","MT",2020-07-20,138129.154993542,125138.255507689,107906.401171138,88563.8914997168,61150.4238159053,40187.8360818199,34228.654437333,102074.820638209,0
"624","MT",2020-07-27,112269.580616439,101710.746479104,87704.9193986544,71983.5791140391,49702.2691310184,32664.1504684442,27820.605135274,82454.5103765295,0
"625","MT",2020-08-03,118490.939666988,107346.993356232,92565.0408231976,75972.51083493,52456.4939191869,34474.2169800455,29362.2691603798,85251.2878051568,0
"626","NC",2020-02-17,0,0,0,0,0,0,0,0,632109.322857143
"627","NC",2020-02-24,0,0,0,0,0,0,0,0,668330.751428571
"628","NC",2020-03-02,0,0,0,0,0,0,0,0,659444.477142857
"629","NC",2020-03-09,0,0,0,0,0,0,0,0,590000.317142857
"630","NC",2020-03-16,0,0,0,0,0,0,0,0,236788.438571429
"631","NC",2020-03-23,0,0,0,0,0,0,0,0,194791.888571429
"632","NC",2020-03-30,0,0,0,0,0,0,0,0,191946.567142857
"633","NC",2020-04-06,0,0,0,0,0,0,0,0,199465.278571429
"634","NC",2020-04-13,0,0,0,0,0,0,0,0,232727.067142857
"635","NC",2020-04-20,0,0,0,0,0,0,0,0,241894.612857143
"636","NC",2020-04-27,0,0,0,0,0,0,0,0,264139.087142857
"637","NC",2020-05-04,0,0,0,0,0,0,0,0,286497.881428571
"638","NC",2020-05-11,0,0,0,0,0,0,0,0,276088.744285714
"639","NC",2020-05-18,0,0,0,0,0,0,0,0,334400.597142857
"640","NC",2020-05-25,0,0,0,0,0,0,0,0,415140.478571429
"641","NC",2020-06-01,0,0,0,0,0,0,0,0,452740.131428571
"642","NC",2020-06-08,0,0,0,0,0,0,0,0,502824.888571429
"643","NC",2020-06-15,0,0,0,0,0,0,0,0,511614.788571429
"644","NC",2020-06-22,0,0,0,0,0,0,0,0,502803.638571429
"645","NC",2020-06-29,0,0,0,0,0,0,0,0,461811.818571429
"646","NC",2020-07-06,494248.312857143,494248.312857143,494248.312857143,494248.312857143,494248.312857143,494248.312857143,494248.312857143,494248.312857143,494248.312857143
"647","NC",2020-07-13,885618.594836645,773153.535164384,406861.470976312,364073.776720062,264106.936969591,211478.13731923,196378.542561097,357834.927379759,0
"648","NC",2020-07-20,1023176.06027936,893242.523037204,470056.658001622,420623.025179556,305128.976329632,244325.68222827,226880.764103791,447406.798635142,0
"649","NC",2020-07-27,953389.527769652,832318.210210762,437996.071834196,391934.099040091,284317.413146199,227661.255813599,211406.182128493,413473.786582443,0
"650","NC",2020-08-03,1054828.2019973,920875.146615155,484597.94813938,433635.076692157,314568.197961148,251883.94264839,233899.362737274,450615.259475927,0
"651","NE",2020-02-17,0,0,0,0,0,0,0,0,149796.134285714
"652","NE",2020-02-24,0,0,0,0,0,0,0,0,152163.491428571
"653","NE",2020-03-02,0,0,0,0,0,0,0,0,144736.331428571
"654","NE",2020-03-09,0,0,0,0,0,0,0,0,119818.108571429
"655","NE",2020-03-16,0,0,0,0,0,0,0,0,59981.7014285714
"656","NE",2020-03-23,0,0,0,0,0,0,0,0,56878.1442857143
"657","NE",2020-03-30,0,0,0,0,0,0,0,0,55352.8542857143
"658","NE",2020-04-06,0,0,0,0,0,0,0,0,51991.4985714286
"659","NE",2020-04-13,0,0,0,0,0,0,0,0,63194.6571428571
"660","NE",2020-04-20,0,0,0,0,0,0,0,0,62770.2014285714
"661","NE",2020-04-27,0,0,0,0,0,0,0,0,61508.6514285714
"662","NE",2020-05-04,0,0,0,0,0,0,0,0,76948.8671428571
"663","NE",2020-05-11,0,0,0,0,0,0,0,0,66761.7642857143
"664","NE",2020-05-18,0,0,0,0,0,0,0,0,86067.8842857143
"665","NE",2020-05-25,0,0,0,0,0,0,0,0,87541.3228571429
"666","NE",2020-06-01,0,0,0,0,0,0,0,0,107175.102857143
"667","NE",2020-06-08,0,0,0,0,0,0,0,0,118294.974285714
"668","NE",2020-06-15,0,0,0,0,0,0,0,0,128704.657142857
"669","NE",2020-06-22,0,0,0,0,0,0,0,0,120646.9
"670","NE",2020-06-29,0,0,0,0,0,0,0,0,104728.221428571
"671","NE",2020-07-06,125891.607142857,125891.607142857,125891.607142857,125891.607142857,125891.607142857,125891.607142857,125891.607142857,125891.607142857,125891.607142857
"672","NE",2020-07-13,186614.241654299,158942.481443025,96998.2046409835,66152.2421596481,54294.2766462786,44561.8830186953,41380.1528229822,83024.0019519604,0
"673","NE",2020-07-20,214431.029414402,182634.506409453,111456.792837096,76012.9197997751,62387.4015689501,51204.2937539802,47548.2936805801,105216.610689139,0
"674","NE",2020-07-27,201514.127656351,171632.964406117,104742.855739112,71434.0516197471,58629.3076997609,48119.8482153994,44684.0783666291,96997.6989011167,0
"675","NE",2020-08-03,226766.350666288,193140.706535399,117868.436474237,80385.6255018593,65976.288133199,54149.8628474841,50283.5483642457,106393.121444535,0
"676","NH",2020-02-17,0,0,0,0,0,0,0,0,249997.544285714
"677","NH",2020-02-24,0,0,0,0,0,0,0,0,233664.092857143
"678","NH",2020-03-02,0,0,0,0,0,0,0,0,237450.184285714
"679","NH",2020-03-09,0,0,0,0,0,0,0,0,209879.7
"680","NH",2020-03-16,0,0,0,0,0,0,0,0,88082.8671428571
"681","NH",2020-03-23,0,0,0,0,0,0,0,0,82084.2771428571
"682","NH",2020-03-30,0,0,0,0,0,0,0,0,77444.9557142857
"683","NH",2020-04-06,0,0,0,0,0,0,0,0,73860.3671428571
"684","NH",2020-04-13,0,0,0,0,0,0,0,0,93532.3614285714
"685","NH",2020-04-20,0,0,0,0,0,0,0,0,95849.9157142857
"686","NH",2020-04-27,0,0,0,0,0,0,0,0,105308.254285714
"687","NH",2020-05-04,0,0,0,0,0,0,0,0,125120.304285714
"688","NH",2020-05-11,0,0,0,0,0,0,0,0,125963.258571429
"689","NH",2020-05-18,0,0,0,0,0,0,0,0,155933.705714286
"690","NH",2020-05-25,0,0,0,0,0,0,0,0,165423.622857143
"691","NH",2020-06-01,0,0,0,0,0,0,0,0,178511.492857143
"692","NH",2020-06-08,0,0,0,0,0,0,0,0,180443.768571429
"693","NH",2020-06-15,0,0,0,0,0,0,0,0,213726.027142857
"694","NH",2020-06-22,0,0,0,0,0,0,0,0,214624.874285714
"695","NH",2020-06-29,0,0,0,0,0,0,0,0,201101.822857143
"696","NH",2020-07-06,221236.85,221236.85,221236.85,221236.85,221236.85,221236.85,221236.85,221236.85,221236.85
"697","NH",2020-07-13,275230.767601651,243264.036119821,136165.869503108,94018.0076595087,65722.7506340642,51980.3850233559,50090.3158338834,111757.774902639,0
"698","NH",2020-07-20,313897.570615032,277439.875713813,155295.630681708,107226.472009477,74956.0521083493,59283.0399037391,57127.4374177248,141561.426992847,0
"699","NH",2020-07-27,286464.542237592,253193.061797484,141723.593679202,97855.4315019463,68405.2798276963,54102.0080378546,52134.7940890737,126819.194447957,0
"700","NH",2020-08-03,322026.816015162,284624.948312623,159317.440372385,110003.397943141,76897.2463030663,60818.3381174173,58606.9103455951,137379.025814278,0
"701","NJ",2020-02-17,0,0,0,0,0,0,0,0,701730.797142857
"702","NJ",2020-02-24,0,0,0,0,0,0,0,0,686742.018571429
"703","NJ",2020-03-02,0,0,0,0,0,0,0,0,706570.785714286
"704","NJ",2020-03-09,0,0,0,0,0,0,0,0,582485.13
"705","NJ",2020-03-16,0,0,0,0,0,0,0,0,235972.974285714
"706","NJ",2020-03-23,0,0,0,0,0,0,0,0,207639.83
"707","NJ",2020-03-30,0,0,0,0,0,0,0,0,227274.082857143
"708","NJ",2020-04-06,0,0,0,0,0,0,0,0,237594.574285714
"709","NJ",2020-04-13,0,0,0,0,0,0,0,0,259944.688571429
"710","NJ",2020-04-20,0,0,0,0,0,0,0,0,275851.54
"711","NJ",2020-04-27,0,0,0,0,0,0,0,0,293726.677142857
"712","NJ",2020-05-04,0,0,0,0,0,0,0,0,353655.695714286
"713","NJ",2020-05-11,0,0,0,0,0,0,0,0,334514.097142857
"714","NJ",2020-05-18,0,0,0,0,0,0,0,0,340209.971428571
"715","NJ",2020-05-25,0,0,0,0,0,0,0,0,351479.947142857
"716","NJ",2020-06-01,0,0,0,0,0,0,0,0,371583.911428571
"717","NJ",2020-06-08,0,0,0,0,0,0,0,0,388548.794285714
"718","NJ",2020-06-15,0,0,0,0,0,0,0,0,560310.115714286
"719","NJ",2020-06-22,0,0,0,0,0,0,0,0,563944.164285714
"720","NJ",2020-06-29,0,0,0,0,0,0,0,0,525314.207142857
"721","NJ",2020-07-06,541937.152857143,541937.152857143,541937.152857143,541937.152857143,541937.152857143,541937.152857143,541937.152857143,541937.152857143,541937.152857143
"722","NJ",2020-07-13,1062142.13583487,938779.429159175,371895.150325469,250518.314164303,160624.140467496,123939.791949445,115090.458129094,331145.29291477,0
"723","NJ",2020-07-20,1228239.0944741,1085585.02396202,430051.82382302,289694.172707389,185742.418253096,143321.399930755,133088.214190822,423030.405844905,0
"724","NJ",2020-07-27,1136656.12672556,1004638.97796405,397985.247788613,268093.287183255,171892.637720184,132634.719131725,123164.565218251,382988.280656368,0
"725","NJ",2020-08-03,1203476.72538047,1063698.68508321,421381.604776251,283853.68606181,181997.68944759,140431.915774072,130405.039964702,400344.242181949,0
"726","NM",2020-02-17,0,0,0,0,0,0,0,0,127448.168571429
"727","NM",2020-02-24,0,0,0,0,0,0,0,0,136913.871428571
"728","NM",2020-03-02,0,0,0,0,0,0,0,0,126372.034285714
"729","NM",2020-03-09,0,0,0,0,0,0,0,0,108304.734285714
"730","NM",2020-03-16,0,0,0,0,0,0,0,0,44133.9542857143
"731","NM",2020-03-23,0,0,0,0,0,0,0,0,36416.6928571429
"732","NM",2020-03-30,0,0,0,0,0,0,0,0,35118.3657142857
"733","NM",2020-04-06,0,0,0,0,0,0,0,0,34672.9957142857
"734","NM",2020-04-13,0,0,0,0,0,0,0,0,43919.5771428571
"735","NM",2020-04-20,0,0,0,0,0,0,0,0,47920.92
"736","NM",2020-04-27,0,0,0,0,0,0,0,0,52052.8714285714
"737","NM",2020-05-04,0,0,0,0,0,0,0,0,65409.1042857143
"738","NM",2020-05-11,0,0,0,0,0,0,0,0,60864.5442857143
"739","NM",2020-05-18,0,0,0,0,0,0,0,0,62940.1428571429
"740","NM",2020-05-25,0,0,0,0,0,0,0,0,65494.4342857143
"741","NM",2020-06-01,0,0,0,0,0,0,0,0,78449.3542857143
"742","NM",2020-06-08,0,0,0,0,0,0,0,0,95759.84
"743","NM",2020-06-15,0,0,0,0,0,0,0,0,102557.987142857
"744","NM",2020-06-22,0,0,0,0,0,0,0,0,101623.47
"745","NM",2020-06-29,0,0,0,0,0,0,0,0,96752.6014285714
"746","NM",2020-07-06,95130.3128571429,95130.3128571429,95130.3128571429,95130.3128571429,95130.3128571429,95130.3128571429,95130.3128571429,95130.3128571429,95130.3128571429
"747","NM",2020-07-13,200292.707367439,168499.429340114,82339.4211073448,74595.4865022367,56155.0324002273,44413.2385970154,41754.4633501898,64164.8644737516,0
"748","NM",2020-07-20,218957.482423256,184201.468555637,90012.4252491054,81546.8528003082,61387.9790300792,48551.9969113303,45645.4570675895,82051.8086015356,0
"749","NM",2020-07-27,209908.918264207,176589.219876257,86292.6016743909,78176.874659503,58851.0798079085,46545.553220802,43759.1280768004,76270.1305478971,0
"750","NM",2020-08-03,228169.304203529,191951.060308428,93799.3632894418,84977.6333629313,63970.6499487335,50594.6416187581,47565.8199203783,80550.7706663686,0
"751","NV",2020-02-17,0,0,0,0,0,0,0,0,429539.948571429
"752","NV",2020-02-24,0,0,0,0,0,0,0,0,434458.821428571
"753","NV",2020-03-02,0,0,0,0,0,0,0,0,414601.765714286
"754","NV",2020-03-09,0,0,0,0,0,0,0,0,363250.948571429
"755","NV",2020-03-16,0,0,0,0,0,0,0,0,123390.985714286
"756","NV",2020-03-23,0,0,0,0,0,0,0,0,105918.45
"757","NV",2020-03-30,0,0,0,0,0,0,0,0,114273.044285714
"758","NV",2020-04-06,0,0,0,0,0,0,0,0,116478.637142857
"759","NV",2020-04-13,0,0,0,0,0,0,0,0,133969.091428571
"760","NV",2020-04-20,0,0,0,0,0,0,0,0,143029.991428571
"761","NV",2020-04-27,0,0,0,0,0,0,0,0,153598.062857143
"762","NV",2020-05-04,0,0,0,0,0,0,0,0,177619.035714286
"763","NV",2020-05-11,0,0,0,0,0,0,0,0,197073.722857143
"764","NV",2020-05-18,0,0,0,0,0,0,0,0,220411.541428571
"765","NV",2020-05-25,0,0,0,0,0,0,0,0,231316.278571429
"766","NV",2020-06-01,0,0,0,0,0,0,0,0,284272.064285714
"767","NV",2020-06-08,0,0,0,0,0,0,0,0,324299.228571429
"768","NV",2020-06-15,0,0,0,0,0,0,0,0,338126.054285714
"769","NV",2020-06-22,0,0,0,0,0,0,0,0,322323.987142857
"770","NV",2020-06-29,0,0,0,0,0,0,0,0,305974.132857143
"771","NV",2020-07-06,297122.521428571,297122.521428571,297122.521428571,297122.521428571,297122.521428571,297122.521428571,297122.521428571,297122.521428571,297122.521428571
"772","NV",2020-07-13,589396.122968558,527412.123734416,257726.742003562,177951.750259988,144261.299281544,112696.828084351,103366.150170753,212051.499543601,0
"773","NV",2020-07-20,671868.228875948,601211.028800825,293789.529547243,202851.906575794,164447.270462966,128466.094930538,117829.808399764,271692.448250192,0
"774","NV",2020-07-27,700881.341311302,627172.969589654,306476.167025761,211611.608136702,171548.554528163,134013.613173194,122918.022624535,278415.227037549,0
"775","NV",2020-08-03,690242.599353477,617653.053744976,301824.137266901,208399.536190209,168944.603335158,131979.408286647,121052.23872134,269959.250021697,0
"776","NY",2020-02-17,0,0,0,0,0,0,0,0,3924333.36
"777","NY",2020-02-24,0,0,0,0,0,0,0,0,3873531.84857143
"778","NY",2020-03-02,0,0,0,0,0,0,0,0,3879980.47428571
"779","NY",2020-03-09,0,0,0,0,0,0,0,0,2792156.59571429
"780","NY",2020-03-16,0,0,0,0,0,0,0,0,892652.092857143
"781","NY",2020-03-23,0,0,0,0,0,0,0,0,723483.711428571
"782","NY",2020-03-30,0,0,0,0,0,0,0,0,771642.932857143
"783","NY",2020-04-06,0,0,0,0,0,0,0,0,792409.938571429
"784","NY",2020-04-13,0,0,0,0,0,0,0,0,859902.824285714
"785","NY",2020-04-20,0,0,0,0,0,0,0,0,889364.73
"786","NY",2020-04-27,0,0,0,0,0,0,0,0,990044.908571429
"787","NY",2020-05-04,0,0,0,0,0,0,0,0,1098976.88857143
"788","NY",2020-05-11,0,0,0,0,0,0,0,0,1088908.66571429
"789","NY",2020-05-18,0,0,0,0,0,0,0,0,1105166.56
"790","NY",2020-05-25,0,0,0,0,0,0,0,0,1174085.12857143
"791","NY",2020-06-01,0,0,0,0,0,0,0,0,1183811.42
"792","NY",2020-06-08,0,0,0,0,0,0,0,0,1480493.82571429
"793","NY",2020-06-15,0,0,0,0,0,0,0,0,1620607.05142857
"794","NY",2020-06-22,0,0,0,0,0,0,0,0,1850732.90714286
"795","NY",2020-06-29,0,0,0,0,0,0,0,0,1718040.41142857
"796","NY",2020-07-06,1845103.20142857,1845103.20142857,1845103.20142857,1845103.20142857,1845103.20142857,1845103.20142857,1845103.20142857,1845103.20142857,1845103.20142857
"797","NY",2020-07-13,4654865.14425114,3681551.3668499,1776962.7830596,1211878.84630159,777017.036408241,570667.129403172,536504.440849851,1582254.73168968,0
"798","NY",2020-07-20,5645510.88828075,4465057.02812572,2155134.98865209,1469790.21089846,942381.358746769,692116.182271877,650683.009833163,2111241.7492118,0
"799","NY",2020-07-27,5184758.82163928,4100646.38503379,1979246.05325493,1349834.92419329,865469.956537219,635629.89296195,597578.242622198,1902052.63357693,0
"800","NY",2020-08-03,5525118.42182404,4369838.14729747,2109175.99185525,1438446.42781741,922284.75130636,677356.566019736,636806.970270845,2000214.0644273,0
"801","OH",2020-02-17,0,0,0,0,0,0,0,0,1682672.95
"802","OH",2020-02-24,0,0,0,0,0,0,0,0,1655658.99714286
"803","OH",2020-03-02,0,0,0,0,0,0,0,0,1702232.97142857
"804","OH",2020-03-09,0,0,0,0,0,0,0,0,1379792.34857143
"805","OH",2020-03-16,0,0,0,0,0,0,0,0,537779.71
"806","OH",2020-03-23,0,0,0,0,0,0,0,0,521280.171428571
"807","OH",2020-03-30,0,0,0,0,0,0,0,0,553160.415714286
"808","OH",2020-04-06,0,0,0,0,0,0,0,0,598674.351428571
"809","OH",2020-04-13,0,0,0,0,0,0,0,0,694213.244285714
"810","OH",2020-04-20,0,0,0,0,0,0,0,0,732267.937142857
"811","OH",2020-04-27,0,0,0,0,0,0,0,0,762886.834285714
"812","OH",2020-05-04,0,0,0,0,0,0,0,0,847152.294285714
"813","OH",2020-05-11,0,0,0,0,0,0,0,0,839998.518571429
"814","OH",2020-05-18,0,0,0,0,0,0,0,0,988813.721428572
"815","OH",2020-05-25,0,0,0,0,0,0,0,0,1163095.74
"816","OH",2020-06-01,0,0,0,0,0,0,0,0,1257000.67857143
"817","OH",2020-06-08,0,0,0,0,0,0,0,0,1423124.15
"818","OH",2020-06-15,0,0,0,0,0,0,0,0,1478513.91571429
"819","OH",2020-06-22,0,0,0,0,0,0,0,0,1463587.70857143
"820","OH",2020-06-29,0,0,0,0,0,0,0,0,1251729.62428571
"821","OH",2020-07-06,1342151.76,1342151.76,1342151.76,1342151.76,1342151.76,1342151.76,1342151.76,1342151.76,1342151.76
"822","OH",2020-07-13,2201806.28159108,1970252.74135995,1187637.05663204,840524.418355341,624977.753926391,447809.250904203,442314.476607614,994196.601997208,0
"823","OH",2020-07-20,2440692.29432972,2184016.24335646,1316490.30017644,931717.512220651,692785.010602003,496394.527143253,490303.594713414,1232596.20001249,0
"824","OH",2020-07-27,2270008.19861977,2031282.18573717,1224424.63629961,866560.031533731,644336.714464582,461680.339214831,456015.361870046,1121509.45820575,0
"825","OH",2020-08-03,2450352.3866973,2192660.42955403,1321700.87831048,935405.18610296,695527.006063228,498359.222567625,492244.182645822,1190299.52669936,0
"826","OK",2020-02-17,0,0,0,0,0,0,0,0,253618.157142857
"827","OK",2020-02-24,0,0,0,0,0,0,0,0,258747.997142857
"828","OK",2020-03-02,0,0,0,0,0,0,0,0,261250.741428571
"829","OK",2020-03-09,0,0,0,0,0,0,0,0,239388.737142857
"830","OK",2020-03-16,0,0,0,0,0,0,0,0,120266.531428571
"831","OK",2020-03-23,0,0,0,0,0,0,0,0,107208.067142857
"832","OK",2020-03-30,0,0,0,0,0,0,0,0,108136.742857143
"833","OK",2020-04-06,0,0,0,0,0,0,0,0,105971.724285714
"834","OK",2020-04-13,0,0,0,0,0,0,0,0,134778.731428571
"835","OK",2020-04-20,0,0,0,0,0,0,0,0,131444.367142857
"836","OK",2020-04-27,0,0,0,0,0,0,0,0,135496.138571429
"837","OK",2020-05-04,0,0,0,0,0,0,0,0,155806.04
"838","OK",2020-05-11,0,0,0,0,0,0,0,0,162210.892857143
"839","OK",2020-05-18,0,0,0,0,0,0,0,0,171494.917142857
"840","OK",2020-05-25,0,0,0,0,0,0,0,0,222219.95
"841","OK",2020-06-01,0,0,0,0,0,0,0,0,230728.247142857
"842","OK",2020-06-08,0,0,0,0,0,0,0,0,246760.931428571
"843","OK",2020-06-15,0,0,0,0,0,0,0,0,240947.2
"844","OK",2020-06-22,0,0,0,0,0,0,0,0,233875.852857143
"845","OK",2020-06-29,0,0,0,0,0,0,0,0,202621.835714286
"846","OK",2020-07-06,223967.808571429,223967.808571429,223967.808571429,223967.808571429,223967.808571429,223967.808571429,223967.808571429,223967.808571429,223967.808571429
"847","OK",2020-07-13,316192.779375875,262738.271330943,179186.056216428,148893.452753227,117760.424311246,78353.1426174488,74577.6665548695,143125.658436828,0
"848","OK",2020-07-20,356393.137691857,296142.489705801,201967.549454023,167823.581908605,132732.338793602,88314.8641172942,84059.3787046321,174156.106995883,0
"849","OK",2020-07-27,358836.968593903,298173.174618647,203352.465397587,168974.368532098,133642.500513734,88920.4498349032,84635.7840434547,170370.907608136,0
"850","OK",2020-08-03,373048.902573465,309982.485930023,211406.350771037,175666.690617043,138935.484683138,92442.1927797237,87987.8304612115,173987.900417672,0
"851","OR",2020-02-17,0,0,0,0,0,0,0,0,550596.447142857
"852","OR",2020-02-24,0,0,0,0,0,0,0,0,550662.132857143
"853","OR",2020-03-02,0,0,0,0,0,0,0,0,531973.127142857
"854","OR",2020-03-09,0,0,0,0,0,0,0,0,456224.992857143
"855","OR",2020-03-16,0,0,0,0,0,0,0,0,231665.182857143
"856","OR",2020-03-23,0,0,0,0,0,0,0,0,190145.681428571
"857","OR",2020-03-30,0,0,0,0,0,0,0,0,195608.021428571
"858","OR",2020-04-06,0,0,0,0,0,0,0,0,211245.308571429
"859","OR",2020-04-13,0,0,0,0,0,0,0,0,244456.524285714
"860","OR",2020-04-20,0,0,0,0,0,0,0,0,249784.805714286
"861","OR",2020-04-27,0,0,0,0,0,0,0,0,259482.215714286
"862","OR",2020-05-04,0,0,0,0,0,0,0,0,293782.07
"863","OR",2020-05-11,0,0,0,0,0,0,0,0,287003.432857143
"864","OR",2020-05-18,0,0,0,0,0,0,0,0,335266.521428571
"865","OR",2020-05-25,0,0,0,0,0,0,0,0,360248.514285714
"866","OR",2020-06-01,0,0,0,0,0,0,0,0,397777.061428571
"867","OR",2020-06-08,0,0,0,0,0,0,0,0,417669.384285714
"868","OR",2020-06-15,0,0,0,0,0,0,0,0,444215.021428571
"869","OR",2020-06-22,0,0,0,0,0,0,0,0,451673.911428571
"870","OR",2020-06-29,0,0,0,0,0,0,0,0,424026.534285714
"871","OR",2020-07-06,454935.252857143,454935.252857143,454935.252857143,454935.252857143,454935.252857143,454935.252857143,454935.252857143,454935.252857143,454935.252857143
"872","OR",2020-07-13,772014.19808644,716892.180811269,381941.254123632,302078.857840132,227403.142533666,186640.523856458,169087.181945986,330977.479834221,0
"873","OR",2020-07-20,866258.032019837,804406.980155625,428566.832014767,338955.21294298,255163.440276889,209424.714327526,189728.543639958,410442.081197822,0
"874","OR",2020-07-27,827355.189461747,768281.810812426,409320.294175902,323733.049573691,243704.287487822,200019.64518172,181208.011201382,387996.980511578,0
"875","OR",2020-08-03,854629.937686945,793609.134823701,422814.024691299,334405.294737274,251738.289289341,206613.530772712,187181.748895736,393703.681047868,0
"876","PA",2020-02-17,0,0,0,0,0,0,0,0,1330188.81714286
"877","PA",2020-02-24,0,0,0,0,0,0,0,0,1300361.27857143
"878","PA",2020-03-02,0,0,0,0,0,0,0,0,1294396.20428571
"879","PA",2020-03-09,0,0,0,0,0,0,0,0,1045646.40285714
"880","PA",2020-03-16,0,0,0,0,0,0,0,0,341853.168571429
"881","PA",2020-03-23,0,0,0,0,0,0,0,0,331935.038571429
"882","PA",2020-03-30,0,0,0,0,0,0,0,0,358123.807142857
"883","PA",2020-04-06,0,0,0,0,0,0,0,0,361380.167142857
"884","PA",2020-04-13,0,0,0,0,0,0,0,0,396890.237142857
"885","PA",2020-04-20,0,0,0,0,0,0,0,0,429738.297142857
"886","PA",2020-04-27,0,0,0,0,0,0,0,0,464282.592857143
"887","PA",2020-05-04,0,0,0,0,0,0,0,0,518830.86
"888","PA",2020-05-11,0,0,0,0,0,0,0,0,473595.651428571
"889","PA",2020-05-18,0,0,0,0,0,0,0,0,504905.93
"890","PA",2020-05-25,0,0,0,0,0,0,0,0,479045.322857143
"891","PA",2020-06-01,0,0,0,0,0,0,0,0,570300.83
"892","PA",2020-06-08,0,0,0,0,0,0,0,0,753610.045714286
"893","PA",2020-06-15,0,0,0,0,0,0,0,0,825487.964285714
"894","PA",2020-06-22,0,0,0,0,0,0,0,0,835095.244285714
"895","PA",2020-06-29,0,0,0,0,0,0,0,0,681093.577142857
"896","PA",2020-07-06,770253.487142857,770253.487142857,770253.487142857,770253.487142857,770253.487142857,770253.487142857,770253.487142857,770253.487142857,770253.487142857
"897","PA",2020-07-13,1545670.25823434,1400301.62143979,736889.571860234,472469.465932474,360090.60092743,271074.032897295,261217.455701589,652913.605828387,0
"898","PA",2020-07-20,1752920.26145689,1588059.98323129,835694.841178899,535820.16949645,408373.071140623,307420.78531245,296242.596573343,811963.681734667,0
"899","PA",2020-07-27,1652959.93820949,1497500.82161368,788039.32124612,505265.010472373,385085.586196599,289890.107078826,279349.35484168,752128.064319841,0
"900","PA",2020-08-03,1875995.94802223,1699560.53293724,894370.480110538,573441.067997288,437045.679479153,329005.351963153,317042.322473516,847391.172266445,0
"901","RI",2020-02-17,0,0,0,0,0,0,0,0,318564.541428571
"902","RI",2020-02-24,0,0,0,0,0,0,0,0,296494.99
"903","RI",2020-03-02,0,0,0,0,0,0,0,0,289696.978571429
"904","RI",2020-03-09,0,0,0,0,0,0,0,0,252906.105714286
"905","RI",2020-03-16,0,0,0,0,0,0,0,0,69580.5085714286
"906","RI",2020-03-23,0,0,0,0,0,0,0,0,69804.3957142857
"907","RI",2020-03-30,0,0,0,0,0,0,0,0,71241.8214285714
"908","RI",2020-04-06,0,0,0,0,0,0,0,0,75419.2557142857
"909","RI",2020-04-13,0,0,0,0,0,0,0,0,88928.1757142857
"910","RI",2020-04-20,0,0,0,0,0,0,0,0,89952.0414285714
"911","RI",2020-04-27,0,0,0,0,0,0,0,0,103804.424285714
"912","RI",2020-05-04,0,0,0,0,0,0,0,0,115705.744285714
"913","RI",2020-05-11,0,0,0,0,0,0,0,0,122833.295714286
"914","RI",2020-05-18,0,0,0,0,0,0,0,0,163653.287142857
"915","RI",2020-05-25,0,0,0,0,0,0,0,0,201245.918571429
"916","RI",2020-06-01,0,0,0,0,0,0,0,0,246166.071428571
"917","RI",2020-06-08,0,0,0,0,0,0,0,0,281532.434285714
"918","RI",2020-06-15,0,0,0,0,0,0,0,0,309755.487142857
"919","RI",2020-06-22,0,0,0,0,0,0,0,0,309108.811428571
"920","RI",2020-06-29,0,0,0,0,0,0,0,0,315269.18
"921","RI",2020-07-06,328139.927142857,328139.927142857,328139.927142857,328139.927142857,328139.927142857,328139.927142857,328139.927142857,328139.927142857,328139.927142857
"922","RI",2020-07-13,594176.985095754,481685.309348586,279794.696868271,175019.726278175,128540.302341092,101663.03665394,99183.4619809079,243661.052986026,0
"923","RI",2020-07-20,634494.377044155,514369.670910763,298779.936521914,186895.546244379,137262.299120919,108561.298616714,105913.474438121,283798.535577034,0
"924","RI",2020-07-27,595310.869019321,482604.522381385,280328.63661457,175353.721129729,128785.599257686,101857.042961445,99372.7364493656,263908.692887876,0
"925","RI",2020-08-03,582916.708297838,472556.867741444,274492.294028118,171702.918975937,126104.328851114,99736.4155266414,97303.8313932295,253266.91746781,0
"926","SC",2020-02-17,0,0,0,0,0,0,0,0,360816.415714286
"927","SC",2020-02-24,0,0,0,0,0,0,0,0,381697.675714286
"928","SC",2020-03-02,0,0,0,0,0,0,0,0,383637.698571429
"929","SC",2020-03-09,0,0,0,0,0,0,0,0,391670.214285714
"930","SC",2020-03-16,0,0,0,0,0,0,0,0,134188.125714286
"931","SC",2020-03-23,0,0,0,0,0,0,0,0,86551.8042857143
"932","SC",2020-03-30,0,0,0,0,0,0,0,0,93388.3585714286
"933","SC",2020-04-06,0,0,0,0,0,0,0,0,93063.6242857143
"934","SC",2020-04-13,0,0,0,0,0,0,0,0,110245.592857143
"935","SC",2020-04-20,0,0,0,0,0,0,0,0,118512.681428571
"936","SC",2020-04-27,0,0,0,0,0,0,0,0,127094.748571429
"937","SC",2020-05-04,0,0,0,0,0,0,0,0,242293.042857143
"938","SC",2020-05-11,0,0,0,0,0,0,0,0,307931.898571429
"939","SC",2020-05-18,0,0,0,0,0,0,0,0,361252.754285714
"940","SC",2020-05-25,0,0,0,0,0,0,0,0,356769.865714286
"941","SC",2020-06-01,0,0,0,0,0,0,0,0,413065.988571429
"942","SC",2020-06-08,0,0,0,0,0,0,0,0,432645.465714286
"943","SC",2020-06-15,0,0,0,0,0,0,0,0,420826.492857143
"944","SC",2020-06-22,0,0,0,0,0,0,0,0,401368.874285714
"945","SC",2020-06-29,0,0,0,0,0,0,0,0,353814.094285714
"946","SC",2020-07-06,351783.918571429,351783.918571429,351783.918571429,351783.918571429,351783.918571429,351783.918571429,351783.918571429,351783.918571429,351783.918571429
"947","SC",2020-07-13,602086.168010967,566042.595181509,312951.877726573,276604.020511355,210812.581863466,166732.509934712,143773.021545599,262626.458706757,0
"948","SC",2020-07-20,659885.747394958,620382.033044692,342994.897913837,303157.68822688,231050.347166753,182738.63905025,157575.066192387,307555.958398082,0
"949","SC",2020-07-27,590322.459245182,554983.114674356,306837.346380597,271199.662607751,206693.673393275,163474.848834242,140963.948619332,271944.750542067,0
"950","SC",2020-08-03,597444.552694914,561678.84773318,310539.262546188,274471.618994262,209187.381085267,165447.132171669,142664.643552054,272097.311058357,0
"951","TN",2020-02-17,0,0,0,0,0,0,0,0,707616.67
"952","TN",2020-02-24,0,0,0,0,0,0,0,0,738871.652857143
"953","TN",2020-03-02,0,0,0,0,0,0,0,0,707109.248571429
"954","TN",2020-03-09,0,0,0,0,0,0,0,0,598510.828571429
"955","TN",2020-03-16,0,0,0,0,0,0,0,0,259773.76
"956","TN",2020-03-23,0,0,0,0,0,0,0,0,198926.718571429
"957","TN",2020-03-30,0,0,0,0,0,0,0,0,191898.85
"958","TN",2020-04-06,0,0,0,0,0,0,0,0,191174.532857143
"959","TN",2020-04-13,0,0,0,0,0,0,0,0,225660.418571429
"960","TN",2020-04-20,0,0,0,0,0,0,0,0,237121.822857143
"961","TN",2020-04-27,0,0,0,0,0,0,0,0,294815.024285714
"962","TN",2020-05-04,0,0,0,0,0,0,0,0,344668.784285714
"963","TN",2020-05-11,0,0,0,0,0,0,0,0,367111.23
"964","TN",2020-05-18,0,0,0,0,0,0,0,0,399241.387142857
"965","TN",2020-05-25,0,0,0,0,0,0,0,0,421880.661428571
"966","TN",2020-06-01,0,0,0,0,0,0,0,0,471928.685714286
"967","TN",2020-06-08,0,0,0,0,0,0,0,0,521445.82
"968","TN",2020-06-15,0,0,0,0,0,0,0,0,559243.127142857
"969","TN",2020-06-22,0,0,0,0,0,0,0,0,552735.437142857
"970","TN",2020-06-29,0,0,0,0,0,0,0,0,458899.601428571
"971","TN",2020-07-06,500769.571428571,500769.571428571,500769.571428571,500769.571428571,500769.571428571,500769.571428571,500769.571428571,500769.571428571,500769.571428571
"972","TN",2020-07-13,908391.291524033,783303.512789792,489979.145193544,402149.079026575,330062.786035598,245420.471037415,211625.451353248,412202.757847842,0
"973","TN",2020-07-20,1120487.82388596,966193.816120313,604382.352924497,496045.20721488,407127.783281904,302722.683600831,261037.004293443,547540.838190217,0
"974","TN",2020-07-27,920416.922700231,793673.184132664,496465.676426402,407472.882267915,334432.283373241,248669.441052125,214427.029978249,446086.792472274,0
"975","TN",2020-08-03,1047467.95812185,903228.970584962,564996.009458763,463718.970667174,380596.110692206,282994.874650955,244025.764539967,498006.225904039,0
"976","TX",2020-02-17,0,0,0,0,0,0,0,0,3257668.17571429
"977","TX",2020-02-24,0,0,0,0,0,0,0,0,3428029.89428571
"978","TX",2020-03-02,0,0,0,0,0,0,0,0,3299465.12857143
"979","TX",2020-03-09,0,0,0,0,0,0,0,0,2854379.86714286
"980","TX",2020-03-16,0,0,0,0,0,0,0,0,1140224.85571429
"981","TX",2020-03-23,0,0,0,0,0,0,0,0,983266.472857143
"982","TX",2020-03-30,0,0,0,0,0,0,0,0,954280.955714286
"983","TX",2020-04-06,0,0,0,0,0,0,0,0,1038901.29428571
"984","TX",2020-04-13,0,0,0,0,0,0,0,0,1128530.46714286
"985","TX",2020-04-20,0,0,0,0,0,0,0,0,1174949.56714286
"986","TX",2020-04-27,0,0,0,0,0,0,0,0,1305086.38857143
"987","TX",2020-05-04,0,0,0,0,0,0,0,0,1614911.15
"988","TX",2020-05-11,0,0,0,0,0,0,0,0,1551803.75857143
"989","TX",2020-05-18,0,0,0,0,0,0,0,0,1861263.46142857
"990","TX",2020-05-25,0,0,0,0,0,0,0,0,2017104.47714286
"991","TX",2020-06-01,0,0,0,0,0,0,0,0,2160390.97428571
"992","TX",2020-06-08,0,0,0,0,0,0,0,0,2287745.54428571
"993","TX",2020-06-15,0,0,0,0,0,0,0,0,2283912.91285714
"994","TX",2020-06-22,0,0,0,0,0,0,0,0,1874442.07857143
"995","TX",2020-06-29,0,0,0,0,0,0,0,0,1700432.74428571
"996","TX",2020-07-06,1787348.92,1787348.92,1787348.92,1787348.92,1787348.92,1787348.92,1787348.92,1787348.92,1787348.92
"997","TX",2020-07-13,6188287.20110212,5142115.78432084,2362336.11640142,1891591.51724985,1496067.25867312,1085279.320989,1007790.0913502,1639189.76150318,0
"998","TX",2020-07-20,6745401.55924883,5605046.22720461,2575010.69443029,2061886.26275242,1630754.0505873,1182984.01255778,1098518.64218236,1982829.31821597,0
"999","TX",2020-07-27,6983450.97163757,5802851.79134752,2665884.4218607,2134651.51015086,1688304.37432756,1224732.25342693,1137286.04764705,2026225.70474725,0
"1000","TX",2020-08-03,7359859.45214676,6115625.89605194,2809575.77281614,2249709.37117343,1779304.09448864,1290745.40486385,1198585.84266785,2098654.10388466,0
"1001","UT",2020-02-17,0,0,0,0,0,0,0,0,429296.388571429
"1002","UT",2020-02-24,0,0,0,0,0,0,0,0,431361.892857143
"1003","UT",2020-03-02,0,0,0,0,0,0,0,0,427352.837142857
"1004","UT",2020-03-09,0,0,0,0,0,0,0,0,371183.082857143
"1005","UT",2020-03-16,0,0,0,0,0,0,0,0,211652.17
"1006","UT",2020-03-23,0,0,0,0,0,0,0,0,208238.65
"1007","UT",2020-03-30,0,0,0,0,0,0,0,0,215283.795714286
"1008","UT",2020-04-06,0,0,0,0,0,0,0,0,225249.32
"1009","UT",2020-04-13,0,0,0,0,0,0,0,0,255664.897142857
"1010","UT",2020-04-20,0,0,0,0,0,0,0,0,269250.855714286
"1011","UT",2020-04-27,0,0,0,0,0,0,0,0,285725.484285714
"1012","UT",2020-05-04,0,0,0,0,0,0,0,0,304886.655714286
"1013","UT",2020-05-11,0,0,0,0,0,0,0,0,295614.911428571
"1014","UT",2020-05-18,0,0,0,0,0,0,0,0,316156.66
"1015","UT",2020-05-25,0,0,0,0,0,0,0,0,334784.107142857
"1016","UT",2020-06-01,0,0,0,0,0,0,0,0,343818.21
"1017","UT",2020-06-08,0,0,0,0,0,0,0,0,345688.302857143
"1018","UT",2020-06-15,0,0,0,0,0,0,0,0,350919.377142857
"1019","UT",2020-06-22,0,0,0,0,0,0,0,0,348598.158571429
"1020","UT",2020-06-29,0,0,0,0,0,0,0,0,322206.932857143
"1021","UT",2020-07-06,350916.504285714,350916.504285714,350916.504285714,350916.504285714,350916.504285714,350916.504285714,350916.504285714,350916.504285714,350916.504285714
"1022","UT",2020-07-13,645373.163410208,563416.967191007,323254.137064295,262054.527381151,209834.713023908,143106.120374445,137902.61007295,265965.898475561,0
"1023","UT",2020-07-20,696124.302355416,607723.198697296,348674.338205098,282662.086672997,226335.787564925,154359.762469905,148747.056234513,323113.34110111,0
"1024","UT",2020-07-27,693864.157015837,605750.070118617,347542.277913769,281744.352015971,225600.930623838,153858.594077156,148264.110926057,315288.515831789,0
"1025","UT",2020-08-03,700192.378543546,611274.668262756,350711.953854867,284313.933764372,227658.469770961,155261.824460823,149616.318168731,309270.537955938,0
"1026","VA",2020-02-17,0,0,0,0,0,0,0,0,1057804.83142857
"1027","VA",2020-02-24,0,0,0,0,0,0,0,0,1029443.69571429
"1028","VA",2020-03-02,0,0,0,0,0,0,0,0,1045073.47428571
"1029","VA",2020-03-09,0,0,0,0,0,0,0,0,873930.834285714
"1030","VA",2020-03-16,0,0,0,0,0,0,0,0,328804.95
"1031","VA",2020-03-23,0,0,0,0,0,0,0,0,270446.324285714
"1032","VA",2020-03-30,0,0,0,0,0,0,0,0,262580.995714286
"1033","VA",2020-04-06,0,0,0,0,0,0,0,0,273702.79
"1034","VA",2020-04-13,0,0,0,0,0,0,0,0,323148.567142857
"1035","VA",2020-04-20,0,0,0,0,0,0,0,0,333549.597142857
"1036","VA",2020-04-27,0,0,0,0,0,0,0,0,376638.772857143
"1037","VA",2020-05-04,0,0,0,0,0,0,0,0,441978.758571429
"1038","VA",2020-05-11,0,0,0,0,0,0,0,0,432456.565714286
"1039","VA",2020-05-18,0,0,0,0,0,0,0,0,465166.475714286
"1040","VA",2020-05-25,0,0,0,0,0,0,0,0,566516.727142857
"1041","VA",2020-06-01,0,0,0,0,0,0,0,0,651650.382857143
"1042","VA",2020-06-08,0,0,0,0,0,0,0,0,784478.844285714
"1043","VA",2020-06-15,0,0,0,0,0,0,0,0,808012.698571429
"1044","VA",2020-06-22,0,0,0,0,0,0,0,0,811800.405714286
"1045","VA",2020-06-29,0,0,0,0,0,0,0,0,738706.077142857
"1046","VA",2020-07-06,796329.601428571,796329.601428571,796329.601428571,796329.601428571,796329.601428571,796329.601428571,796329.601428571,796329.601428571,796329.601428571
"1047","VA",2020-07-13,1302242.67762183,1095532.38820163,535346.042429558,439383.839160191,310964.400935899,248998.277126234,242925.176794866,433992.447578001,0
"1048","VA",2020-07-20,1515678.95434874,1275089.05455088,623088.725126241,511398.412400554,361931.156265695,289808.846534304,282740.371112571,580986.112213436,0
"1049","VA",2020-07-27,1409697.04084479,1185930.08226225,579520.042469441,475639.532095736,336623.582793308,269544.333381337,262970.112068366,527905.603385573,0
"1050","VA",2020-08-03,1588086.55086833,1336003.09807148,652855.15876009,535829.133563249,379221.470323013,303653.705940352,296247.552598848,576501.695114005,0
"1051","VT",2020-02-17,0,0,0,0,0,0,0,0,179049.248571429
"1052","VT",2020-02-24,0,0,0,0,0,0,0,0,139413.341428571
"1053","VT",2020-03-02,0,0,0,0,0,0,0,0,138511.327142857
"1054","VT",2020-03-09,0,0,0,0,0,0,0,0,106334.07
"1055","VT",2020-03-16,0,0,0,0,0,0,0,0,20232.54
"1056","VT",2020-03-23,0,0,0,0,0,0,0,0,13155.7385714286
"1057","VT",2020-03-30,0,0,0,0,0,0,0,0,16002.1328571429
"1058","VT",2020-04-06,0,0,0,0,0,0,0,0,16008.3671428571
"1059","VT",2020-04-13,0,0,0,0,0,0,0,0,24429.2214285714
"1060","VT",2020-04-20,0,0,0,0,0,0,0,0,23529.3157142857
"1061","VT",2020-04-27,0,0,0,0,0,0,0,0,24241.4085714286
"1062","VT",2020-05-04,0,0,0,0,0,0,0,0,29581.6757142857
"1063","VT",2020-05-11,0,0,0,0,0,0,0,0,26840.2642857143
"1064","VT",2020-05-18,0,0,0,0,0,0,0,0,29999.8071428571
"1065","VT",2020-05-25,0,0,0,0,0,0,0,0,33509.3085714286
"1066","VT",2020-06-01,0,0,0,0,0,0,0,0,39735.0771428571
"1067","VT",2020-06-08,0,0,0,0,0,0,0,0,53773.8114285714
"1068","VT",2020-06-15,0,0,0,0,0,0,0,0,62759.3457142857
"1069","VT",2020-06-22,0,0,0,0,0,0,0,0,65361.7957142857
"1070","VT",2020-06-29,0,0,0,0,0,0,0,0,73647.2471428571
"1071","VT",2020-07-06,73422.5114285714,73422.5114285714,73422.5114285714,73422.5114285714,73422.5114285714,73422.5114285714,73422.5114285714,73422.5114285714,73422.5114285714
"1072","VT",2020-07-13,134745.868235117,123589.650992259,70908.1698067433,53379.2426277573,34650.1924459549,25448.2526506813,23631.2407023123,57768.1705816757,0
"1073","VT",2020-07-20,144235.46413454,132293.560511925,75901.9398291348,57138.5225863144,37090.462626081,27240.4681535716,25295.4915458011,70193.0524744512,0
"1074","VT",2020-07-27,118860.256778263,109019.280846843,62548.5840960999,47086.1969162102,30565.1729844218,22448.0786256109,20845.2798935898,56355.8694656005,0
"1075","VT",2020-08-03,120875.921984477,110868.060053331,63609.3003361434,47884.6977051997,31083.5056666533,22828.7593700283,21198.7799324941,55582.3387017708,0
"1076","WA",2020-02-17,0,0,0,0,0,0,0,0,1216743.75
"1077","WA",2020-02-24,0,0,0,0,0,0,0,0,1166299.42571429
"1078","WA",2020-03-02,0,0,0,0,0,0,0,0,1021220.97142857
"1079","WA",2020-03-09,0,0,0,0,0,0,0,0,819965.867142857
"1080","WA",2020-03-16,0,0,0,0,0,0,0,0,296716.698571429
"1081","WA",2020-03-23,0,0,0,0,0,0,0,0,279583.015714286
"1082","WA",2020-03-30,0,0,0,0,0,0,0,0,301336.007142857
"1083","WA",2020-04-06,0,0,0,0,0,0,0,0,311355.605714286
"1084","WA",2020-04-13,0,0,0,0,0,0,0,0,357424.917142857
"1085","WA",2020-04-20,0,0,0,0,0,0,0,0,375770.004285714
"1086","WA",2020-04-27,0,0,0,0,0,0,0,0,388059.588571429
"1087","WA",2020-05-04,0,0,0,0,0,0,0,0,512271.067142857
"1088","WA",2020-05-11,0,0,0,0,0,0,0,0,469070.3
"1089","WA",2020-05-18,0,0,0,0,0,0,0,0,488803.517142857
"1090","WA",2020-05-25,0,0,0,0,0,0,0,0,496478.867142857
"1091","WA",2020-06-01,0,0,0,0,0,0,0,0,587082.551428571
"1092","WA",2020-06-08,0,0,0,0,0,0,0,0,683613.127142857
"1093","WA",2020-06-15,0,0,0,0,0,0,0,0,785521.31
"1094","WA",2020-06-22,0,0,0,0,0,0,0,0,772902.35
"1095","WA",2020-06-29,0,0,0,0,0,0,0,0,697083.798571429
"1096","WA",2020-07-06,776814.722857143,776814.722857143,776814.722857143,776814.722857143,776814.722857143,776814.722857143,776814.722857143,776814.722857143,776814.722857143
"1097","WA",2020-07-13,1727874.59449138,1435765.81644089,728079.337403666,554902.581082359,402538.25014941,310604.040152406,288426.829798691,623187.414174505,0
"1098","WA",2020-07-20,1922159.59855912,1597205.63873867,809945.751482603,617296.721586819,447800.299731612,345528.859000286,320858.007373345,778890.771974077,0
"1099","WA",2020-07-27,1775095.87690782,1475004.0246524,747977.100888771,570067.577187075,413539.264027572,319092.573490697,296309.279618733,704165.159112967,0
"1100","WA",2020-08-03,1865994.16601891,1550535.34891328,786279.16651212,599259.334160943,434715.59149775,335432.518490672,311482.54823789,728471.186845976,0
"1101","WI",2020-02-17,0,0,0,0,0,0,0,0,474180.13
"1102","WI",2020-02-24,0,0,0,0,0,0,0,0,477296.721428571
"1103","WI",2020-03-02,0,0,0,0,0,0,0,0,482725.934285714
"1104","WI",2020-03-09,0,0,0,0,0,0,0,0,394570.751428571
"1105","WI",2020-03-16,0,0,0,0,0,0,0,0,135794.351428571
"1106","WI",2020-03-23,0,0,0,0,0,0,0,0,125911.717142857
"1107","WI",2020-03-30,0,0,0,0,0,0,0,0,130056.677142857
"1108","WI",2020-04-06,0,0,0,0,0,0,0,0,126457.501428571
"1109","WI",2020-04-13,0,0,0,0,0,0,0,0,146953.272857143
"1110","WI",2020-04-20,0,0,0,0,0,0,0,0,148047.164285714
"1111","WI",2020-04-27,0,0,0,0,0,0,0,0,156904.892857143
"1112","WI",2020-05-04,0,0,0,0,0,0,0,0,184800.108571429
"1113","WI",2020-05-11,0,0,0,0,0,0,0,0,184798.777142857
"1114","WI",2020-05-18,0,0,0,0,0,0,0,0,262090.554285714
"1115","WI",2020-05-25,0,0,0,0,0,0,0,0,303770.272857143
"1116","WI",2020-06-01,0,0,0,0,0,0,0,0,336016.501428571
"1117","WI",2020-06-08,0,0,0,0,0,0,0,0,375508.467142857
"1118","WI",2020-06-15,0,0,0,0,0,0,0,0,432453.8
"1119","WI",2020-06-22,0,0,0,0,0,0,0,0,380734.124285714
"1120","WI",2020-06-29,0,0,0,0,0,0,0,0,357984.421428571
"1121","WI",2020-07-06,390186.644285714,390186.644285714,390186.644285714,390186.644285714,390186.644285714,390186.644285714,390186.644285714,390186.644285714,390186.644285714
"1122","WI",2020-07-13,637318.623455688,599165.878150172,335380.206939942,237358.081572077,174323.661779039,129619.566327494,121859.958936941,275262.4120183,0
"1123","WI",2020-07-20,698964.870089266,657121.704544503,367820.700897166,260317.138939217,191185.556367698,142157.344858169,133647.169928284,342966.756365977,0
"1124","WI",2020-07-27,636520.654844882,598415.679511952,334960.286874886,237060.892235936,174105.396055897,129457.273337036,121707.381531281,305127.345694435,0
"1125","WI",2020-08-03,702557.580213847,660499.338960803,369711.315451192,261655.180464179,192168.258522598,142888.039853027,134334.122250311,327818.752828978,0
"1126","WV",2020-02-17,0,0,0,0,0,0,0,0,58920.1171428571
"1127","WV",2020-02-24,0,0,0,0,0,0,0,0,60273.9214285714
"1128","WV",2020-03-02,0,0,0,0,0,0,0,0,61068.5071428571
"1129","WV",2020-03-09,0,0,0,0,0,0,0,0,52913.9942857143
"1130","WV",2020-03-16,0,0,0,0,0,0,0,0,30411.9971428571
"1131","WV",2020-03-23,0,0,0,0,0,0,0,0,22525.2485714286
"1132","WV",2020-03-30,0,0,0,0,0,0,0,0,24667.5728571429
"1133","WV",2020-04-06,0,0,0,0,0,0,0,0,26250.3471428571
"1134","WV",2020-04-13,0,0,0,0,0,0,0,0,35127.1585714286
"1135","WV",2020-04-20,0,0,0,0,0,0,0,0,33610.0914285714
"1136","WV",2020-04-27,0,0,0,0,0,0,0,0,36686.1885714286
"1137","WV",2020-05-04,0,0,0,0,0,0,0,0,38862.4528571429
"1138","WV",2020-05-11,0,0,0,0,0,0,0,0,36768.6485714286
"1139","WV",2020-05-18,0,0,0,0,0,0,0,0,40037.3457142857
"1140","WV",2020-05-25,0,0,0,0,0,0,0,0,47351.8028571429
"1141","WV",2020-06-01,0,0,0,0,0,0,0,0,55014.2
"1142","WV",2020-06-08,0,0,0,0,0,0,0,0,56136.1
"1143","WV",2020-06-15,0,0,0,0,0,0,0,0,58312.3357142857
"1144","WV",2020-06-22,0,0,0,0,0,0,0,0,57346.1728571429
"1145","WV",2020-06-29,0,0,0,0,0,0,0,0,50467.8557142857
"1146","WV",2020-07-06,55842.3514285714,55842.3514285714,55842.3514285714,55842.3514285714,55842.3514285714,55842.3514285714,55842.3514285714,55842.3514285714,55842.3514285714
"1147","WV",2020-07-13,62286.233651021,57129.2758685554,39935.8936153119,31585.4571871764,23485.5854969753,18574.8430315848,17462.8697905843,34521.7577208538,0
"1148","WV",2020-07-20,71949.5161256816,65992.4916697184,46131.6739388573,36485.7245014769,27129.2132046902,21456.6026856097,20172.1144135632,44271.6990274784,0
"1149","WV",2020-07-27,63557.7439005562,58295.5120584394,40751.1443549974,32230.2422415236,23965.0198908263,18954.0296016139,17819.3565553714,38259.0784389964,0
"1150","WV",2020-08-03,74568.5454326219,68394.6797458564,47810.9097771227,37813.8388085615,28116.7417981167,22237.6429800687,20906.3981402222,44498.8215306345,0
